{
	"credit": "Made with Blockbench",
	"texture_size": [32, 32],
	"textures": {
		"1": "katana"
	},
	"elements": [
		{
			"from": [8.25, 1.75, 7.5],
			"to": [9.25, 7.25, 8.75],
			"faces": {
				"north": {"uv": [2, 3, 2.5, 5.75], "texture": "#1"},
				"east": {"uv": [2, 0, 2.625, 2.75], "texture": "#1"},
				"south": {"uv": [2.5, 3, 3, 5.75], "texture": "#1"},
				"west": {"uv": [3, 0, 3.625, 2.75], "texture": "#1"},
				"up": {"uv": [4.5, 6.125, 4, 5.5], "texture": "#1"},
				"down": {"uv": [6, 4, 5.5, 4.625], "texture": "#1"}
			}
		},
		{
			"from": [8.75, 7.75, 7.5],
			"to": [8.75, 12, 8.75],
			"faces": {
				"north": {"uv": [0, 0, 0, 2.125], "texture": "#1"},
				"east": {"uv": [3, 3, 3.625, 5.125], "texture": "#1"},
				"south": {"uv": [0, 0, 0, 2.125], "texture": "#1"},
				"west": {"uv": [4, 0, 4.625, 2.125], "texture": "#1"},
				"up": {"uv": [0, 0.625, 0, 0], "texture": "#1"},
				"down": {"uv": [0, 0, 0, 0.625], "texture": "#1"}
			}
		},
		{
			"from": [8.75, 24.5, 7.5],
			"to": [8.75, 28, 8.75],
			"faces": {
				"north": {"uv": [0, 0, 0, 1.75], "texture": "#1"},
				"east": {"uv": [4, 2.5, 4.625, 4.25], "texture": "#1"},
				"south": {"uv": [0, 0, 0, 1.75], "texture": "#1"},
				"west": {"uv": [0, 4.5, 0.625, 6.25], "texture": "#1"},
				"up": {"uv": [0, 0.625, 0, 0], "texture": "#1"},
				"down": {"uv": [0, 0, 0, 0.625], "texture": "#1"}
			}
		},
		{
			"from": [8.75, 28, 7.75],
			"to": [8.75, 28.25, 8.75],
			"faces": {
				"north": {"uv": [0, 0, 0, 0.125], "texture": "#1"},
				"east": {"uv": [2.5, 7, 3, 7.125], "texture": "#1"},
				"south": {"uv": [0, 0, 0, 0.125], "texture": "#1"},
				"west": {"uv": [3, 7, 3.5, 7.125], "texture": "#1"},
				"up": {"uv": [0, 0.5, 0, 0], "texture": "#1"},
				"down": {"uv": [0, 0, 0, 0.5], "texture": "#1"}
			}
		},
		{
			"from": [8.75, 28.25, 8],
			"to": [8.75, 28.5, 8.75],
			"faces": {
				"north": {"uv": [0, 0, 0, 0.125], "texture": "#1"},
				"east": {"uv": [7.5, 0.5, 7.875, 0.625], "texture": "#1"},
				"south": {"uv": [0, 0, 0, 0.125], "texture": "#1"},
				"west": {"uv": [1, 7.5, 1.375, 7.625], "texture": "#1"},
				"up": {"uv": [0, 0.375, 0, 0], "texture": "#1"},
				"down": {"uv": [0, 0, 0, 0.375], "texture": "#1"}
			}
		},
		{
			"from": [8.75, 28.5, 8.25],
			"to": [8.75, 28.75, 8.75],
			"faces": {
				"north": {"uv": [0, 0, 0, 0.125], "texture": "#1"},
				"east": {"uv": [7.5, 3, 7.75, 3.125], "texture": "#1"},
				"south": {"uv": [0, 0, 0, 0.125], "texture": "#1"},
				"west": {"uv": [3.5, 7.5, 3.75, 7.625], "texture": "#1"},
				"up": {"uv": [0, 0.25, 0, 0], "texture": "#1"},
				"down": {"uv": [0, 0, 0, 0.25], "texture": "#1"}
			}
		},
		{
			"from": [8.75, 28.75, 8.5],
			"to": [8.75, 29, 8.75],
			"faces": {
				"north": {"uv": [0, 0, 0, 0.125], "texture": "#1"},
				"east": {"uv": [7.5, 3.5, 7.625, 3.625], "texture": "#1"},
				"south": {"uv": [0, 0, 0, 0.125], "texture": "#1"},
				"west": {"uv": [4, 7.5, 4.125, 7.625], "texture": "#1"},
				"up": {"uv": [0, 0.125, 0, 0], "texture": "#1"},
				"down": {"uv": [0, 0, 0, 0.125], "texture": "#1"}
			}
		},
		{
			"from": [8.75, 12, 7.25],
			"to": [8.75, 14, 8.5],
			"faces": {
				"north": {"uv": [0, 0, 0, 1], "texture": "#1"},
				"east": {"uv": [5, 0, 5.625, 1], "texture": "#1"},
				"south": {"uv": [0, 0, 0, 1], "texture": "#1"},
				"west": {"uv": [5, 1, 5.625, 2], "texture": "#1"},
				"up": {"uv": [0, 0.625, 0, 0], "texture": "#1"},
				"down": {"uv": [0, 0, 0, 0.625], "texture": "#1"}
			}
		},
		{
			"from": [8.75, 22.5, 7.25],
			"to": [8.75, 24.5, 8.5],
			"faces": {
				"north": {"uv": [0, 0, 0, 1], "texture": "#1"},
				"east": {"uv": [5, 2, 5.625, 3], "texture": "#1"},
				"south": {"uv": [0, 0, 0, 1], "texture": "#1"},
				"west": {"uv": [5, 3, 5.625, 4], "texture": "#1"},
				"up": {"uv": [0, 0.625, 0, 0], "texture": "#1"},
				"down": {"uv": [0, 0, 0, 0.625], "texture": "#1"}
			}
		},
		{
			"from": [8.75, 23.5, 8.5],
			"to": [8.75, 24.5, 8.75],
			"faces": {
				"north": {"uv": [0, 0, 0, 0.5], "texture": "#1"},
				"east": {"uv": [3.5, 7, 3.625, 7.5], "texture": "#1"},
				"south": {"uv": [0, 0, 0, 0.5], "texture": "#1"},
				"west": {"uv": [7, 3.5, 7.125, 4], "texture": "#1"},
				"up": {"uv": [0, 0.125, 0, 0], "texture": "#1"},
				"down": {"uv": [0, 0, 0, 0.125], "texture": "#1"}
			}
		},
		{
			"from": [8.75, 13.25, 7],
			"to": [8.75, 14, 7.25],
			"faces": {
				"north": {"uv": [0, 0, 0, 0.375], "texture": "#1"},
				"east": {"uv": [7.5, 1, 7.625, 1.375], "texture": "#1"},
				"south": {"uv": [0, 0, 0, 0.375], "texture": "#1"},
				"west": {"uv": [7.5, 1.5, 7.625, 1.875], "texture": "#1"},
				"up": {"uv": [0, 0.125, 0, 0], "texture": "#1"},
				"down": {"uv": [0, 0, 0, 0.125], "texture": "#1"}
			}
		},
		{
			"from": [8.75, 14, 7],
			"to": [8.75, 23, 8.25],
			"faces": {
				"north": {"uv": [0, 0, 0, 4.5], "texture": "#1"},
				"east": {"uv": [0, 0, 0.625, 4.5], "texture": "#1"},
				"south": {"uv": [0, 0, 0, 4.5], "texture": "#1"},
				"west": {"uv": [1, 0, 1.625, 4.5], "texture": "#1"},
				"up": {"uv": [0, 0.625, 0, 0], "texture": "#1"},
				"down": {"uv": [0, 0, 0, 0.625], "texture": "#1"}
			}
		},
		{
			"from": [8.75, 10.25, 7.25],
			"to": [8.75, 12, 7.5],
			"faces": {
				"north": {"uv": [0, 0, 0, 0.875], "texture": "#1"},
				"east": {"uv": [2.5, 6, 2.625, 6.875], "texture": "#1"},
				"south": {"uv": [0, 0, 0, 0.875], "texture": "#1"},
				"west": {"uv": [6, 2.5, 6.125, 3.375], "texture": "#1"},
				"up": {"uv": [0, 0.125, 0, 0], "texture": "#1"},
				"down": {"uv": [0, 0, 0, 0.125], "texture": "#1"}
			}
		},
		{
			"from": [8.5, 7.25, 7.5],
			"to": [9, 7.75, 8.75],
			"faces": {
				"north": {"uv": [4, 7, 4.25, 7.25], "texture": "#1"},
				"east": {"uv": [1, 6, 1.625, 6.25], "texture": "#1"},
				"south": {"uv": [4.5, 7, 4.75, 7.25], "texture": "#1"},
				"west": {"uv": [6, 1, 6.625, 1.25], "texture": "#1"},
				"up": {"uv": [6.25, 2.125, 6, 1.5], "texture": "#1"},
				"down": {"uv": [2.25, 6, 2, 6.625], "texture": "#1"}
			}
		},
		{
			"from": [9.25, 7.25, 7.75],
			"to": [9.4, 7.35, 8.65],
			"faces": {
				"north": {"uv": [0.5, 8, 0.625, 8.125], "texture": "#1"},
				"east": {"uv": [5, 7, 5.5, 7.125], "texture": "#1"},
				"south": {"uv": [8, 0.5, 8.125, 0.625], "texture": "#1"},
				"west": {"uv": [5.5, 7, 6, 7.125], "texture": "#1"},
				"up": {"uv": [6.125, 7.5, 6, 7], "texture": "#1"},
				"down": {"uv": [7.125, 6, 7, 6.5], "texture": "#1"}
			}
		},
		{
			"from": [8.5, 7.25, 8.75],
			"to": [9.15, 7.35, 8.9],
			"faces": {
				"north": {"uv": [7.5, 2, 7.875, 2.125], "texture": "#1"},
				"east": {"uv": [7.5, 6, 7.625, 6.125], "texture": "#1"},
				"south": {"uv": [2.5, 7.5, 2.875, 7.625], "texture": "#1"},
				"west": {"uv": [6.5, 7.5, 6.625, 7.625], "texture": "#1"},
				"up": {"uv": [7.875, 2.625, 7.5, 2.5], "texture": "#1"},
				"down": {"uv": [3.375, 7.5, 3, 7.625], "texture": "#1"}
			}
		},
		{
			"from": [8.1, 7.25, 7.75],
			"to": [8.25, 7.35, 8.65],
			"faces": {
				"north": {"uv": [4, 8, 4.125, 8.125], "texture": "#1"},
				"east": {"uv": [6.5, 7, 7, 7.125], "texture": "#1"},
				"south": {"uv": [8, 4, 8.125, 4.125], "texture": "#1"},
				"west": {"uv": [7, 6.5, 7.5, 6.625], "texture": "#1"},
				"up": {"uv": [7.125, 7.5, 7, 7], "texture": "#1"},
				"down": {"uv": [7.625, 0, 7.5, 0.5], "texture": "#1"}
			}
		},
		{
			"from": [9.15, 7.25, 7.5],
			"to": [9.3, 7.35, 7.65],
			"faces": {
				"north": {"uv": [1, 8, 1.125, 8.125], "texture": "#1"},
				"east": {"uv": [8, 1, 8.125, 1.125], "texture": "#1"},
				"south": {"uv": [1.5, 8, 1.625, 8.125], "texture": "#1"},
				"west": {"uv": [8, 1.5, 8.125, 1.625], "texture": "#1"},
				"up": {"uv": [2.125, 8.125, 2, 8], "texture": "#1"},
				"down": {"uv": [8.125, 2, 8, 2.125], "texture": "#1"}
			}
		},
		{
			"from": [8.2, 7.25, 7.5],
			"to": [8.35, 7.35, 7.65],
			"faces": {
				"north": {"uv": [4.5, 8, 4.625, 8.125], "texture": "#1"},
				"east": {"uv": [8, 4.5, 8.125, 4.625], "texture": "#1"},
				"south": {"uv": [5, 8, 5.125, 8.125], "texture": "#1"},
				"west": {"uv": [8, 5, 8.125, 5.125], "texture": "#1"},
				"up": {"uv": [5.625, 8.125, 5.5, 8], "texture": "#1"},
				"down": {"uv": [8.125, 5.5, 8, 5.625], "texture": "#1"}
			}
		},
		{
			"from": [8.2, 7.25, 7.65],
			"to": [8.3, 7.35, 7.75],
			"faces": {
				"north": {"uv": [8.5, 2, 8.625, 2.125], "texture": "#1"},
				"east": {"uv": [2.5, 8.5, 2.625, 8.625], "texture": "#1"},
				"south": {"uv": [8.5, 2.5, 8.625, 2.625], "texture": "#1"},
				"west": {"uv": [3, 8.5, 3.125, 8.625], "texture": "#1"},
				"up": {"uv": [8.625, 3.125, 8.5, 3], "texture": "#1"},
				"down": {"uv": [3.625, 8.5, 3.5, 8.625], "texture": "#1"}
			}
		},
		{
			"from": [9.2, 7.25, 7.65],
			"to": [9.3, 7.35, 7.75],
			"faces": {
				"north": {"uv": [8.5, 6.5, 8.625, 6.625], "texture": "#1"},
				"east": {"uv": [7, 8.5, 7.125, 8.625], "texture": "#1"},
				"south": {"uv": [8.5, 7, 8.625, 7.125], "texture": "#1"},
				"west": {"uv": [7.5, 8.5, 7.625, 8.625], "texture": "#1"},
				"up": {"uv": [8.625, 7.625, 8.5, 7.5], "texture": "#1"},
				"down": {"uv": [8.125, 8.5, 8, 8.625], "texture": "#1"}
			}
		},
		{
			"from": [8.2, 7.25, 8.65],
			"to": [8.35, 7.35, 8.75],
			"faces": {
				"north": {"uv": [8.5, 3.5, 8.625, 3.625], "texture": "#1"},
				"east": {"uv": [4, 8.5, 4.125, 8.625], "texture": "#1"},
				"south": {"uv": [8.5, 4, 8.625, 4.125], "texture": "#1"},
				"west": {"uv": [4.5, 8.5, 4.625, 8.625], "texture": "#1"},
				"up": {"uv": [8.625, 4.625, 8.5, 4.5], "texture": "#1"},
				"down": {"uv": [5.125, 8.5, 5, 8.625], "texture": "#1"}
			}
		},
		{
			"from": [8.2, 7.25, 7.4],
			"to": [8.35, 7.35, 7.5],
			"faces": {
				"north": {"uv": [1, 9, 1.125, 9.125], "texture": "#1"},
				"east": {"uv": [9, 1, 9.125, 1.125], "texture": "#1"},
				"south": {"uv": [1.5, 9, 1.625, 9.125], "texture": "#1"},
				"west": {"uv": [9, 1.5, 9.125, 1.625], "texture": "#1"},
				"up": {"uv": [2.125, 9.125, 2, 9], "texture": "#1"},
				"down": {"uv": [9.125, 2, 9, 2.125], "texture": "#1"}
			}
		},
		{
			"from": [9.15, 7.25, 8.65],
			"to": [9.3, 7.35, 8.75],
			"faces": {
				"north": {"uv": [8.5, 5, 8.625, 5.125], "texture": "#1"},
				"east": {"uv": [5.5, 8.5, 5.625, 8.625], "texture": "#1"},
				"south": {"uv": [8.5, 5.5, 8.625, 5.625], "texture": "#1"},
				"west": {"uv": [6, 8.5, 6.125, 8.625], "texture": "#1"},
				"up": {"uv": [8.625, 6.125, 8.5, 6], "texture": "#1"},
				"down": {"uv": [6.625, 8.5, 6.5, 8.625], "texture": "#1"}
			}
		},
		{
			"from": [9.15, 7.25, 7.4],
			"to": [9.3, 7.35, 7.5],
			"faces": {
				"north": {"uv": [8.5, 8, 8.625, 8.125], "texture": "#1"},
				"east": {"uv": [8.5, 8.5, 8.625, 8.625], "texture": "#1"},
				"south": {"uv": [0, 9, 0.125, 9.125], "texture": "#1"},
				"west": {"uv": [9, 0, 9.125, 0.125], "texture": "#1"},
				"up": {"uv": [0.625, 9.125, 0.5, 9], "texture": "#1"},
				"down": {"uv": [9.125, 0.5, 9, 0.625], "texture": "#1"}
			}
		},
		{
			"from": [9, 7.25, 7.25],
			"to": [9.15, 7.35, 7.4],
			"faces": {
				"north": {"uv": [2.5, 8, 2.625, 8.125], "texture": "#1"},
				"east": {"uv": [8, 2.5, 8.125, 2.625], "texture": "#1"},
				"south": {"uv": [3, 8, 3.125, 8.125], "texture": "#1"},
				"west": {"uv": [8, 3, 8.125, 3.125], "texture": "#1"},
				"up": {"uv": [3.625, 8.125, 3.5, 8], "texture": "#1"},
				"down": {"uv": [8.125, 3.5, 8, 3.625], "texture": "#1"}
			}
		},
		{
			"from": [8.35, 7.25, 7.25],
			"to": [8.5, 7.35, 7.4],
			"faces": {
				"north": {"uv": [6, 8, 6.125, 8.125], "texture": "#1"},
				"east": {"uv": [8, 6, 8.125, 6.125], "texture": "#1"},
				"south": {"uv": [6.5, 8, 6.625, 8.125], "texture": "#1"},
				"west": {"uv": [8, 6.5, 8.125, 6.625], "texture": "#1"},
				"up": {"uv": [7.125, 8.125, 7, 8], "texture": "#1"},
				"down": {"uv": [8.125, 7, 8, 7.125], "texture": "#1"}
			}
		},
		{
			"from": [8.35, 7.25, 7.1],
			"to": [8.5, 7.35, 7.25],
			"faces": {
				"north": {"uv": [6.5, 9, 6.625, 9.125], "texture": "#1"},
				"east": {"uv": [9, 6.5, 9.125, 6.625], "texture": "#1"},
				"south": {"uv": [7, 9, 7.125, 9.125], "texture": "#1"},
				"west": {"uv": [9, 7, 9.125, 7.125], "texture": "#1"},
				"up": {"uv": [7.625, 9.125, 7.5, 9], "texture": "#1"},
				"down": {"uv": [9.125, 7.5, 9, 7.625], "texture": "#1"}
			}
		},
		{
			"from": [9, 7.25, 7.1],
			"to": [9.15, 7.35, 7.25],
			"faces": {
				"north": {"uv": [8, 9, 8.125, 9.125], "texture": "#1"},
				"east": {"uv": [9, 8, 9.125, 8.125], "texture": "#1"},
				"south": {"uv": [8.5, 9, 8.625, 9.125], "texture": "#1"},
				"west": {"uv": [9, 8.5, 9.125, 8.625], "texture": "#1"},
				"up": {"uv": [9.125, 9.125, 9, 9], "texture": "#1"},
				"down": {"uv": [0.125, 9.5, 0, 9.625], "texture": "#1"}
			}
		},
		{
			"from": [8.35, 7.15, 7.05],
			"to": [8.5, 7.3, 7.15],
			"faces": {
				"north": {"uv": [7.5, 8, 7.625, 8.125], "texture": "#1"},
				"east": {"uv": [8, 7.5, 8.125, 7.625], "texture": "#1"},
				"south": {"uv": [8, 8, 8.125, 8.125], "texture": "#1"},
				"west": {"uv": [0, 8.5, 0.125, 8.625], "texture": "#1"},
				"up": {"uv": [8.625, 0.125, 8.5, 0], "texture": "#1"},
				"down": {"uv": [0.625, 8.5, 0.5, 8.625], "texture": "#1"}
			}
		},
		{
			"from": [8.37, 7, 7.05],
			"to": [8.47, 7.15, 7.15],
			"faces": {
				"north": {"uv": [2.5, 9, 2.625, 9.125], "texture": "#1"},
				"east": {"uv": [9, 2.5, 9.125, 2.625], "texture": "#1"},
				"south": {"uv": [3, 9, 3.125, 9.125], "texture": "#1"},
				"west": {"uv": [9, 3, 9.125, 3.125], "texture": "#1"},
				"up": {"uv": [3.625, 9.125, 3.5, 9], "texture": "#1"},
				"down": {"uv": [9.125, 3.5, 9, 3.625], "texture": "#1"}
			}
		},
		{
			"from": [9.02, 7, 7.05],
			"to": [9.12, 7.15, 7.15],
			"faces": {
				"north": {"uv": [4.5, 9, 4.625, 9.125], "texture": "#1"},
				"east": {"uv": [9, 4.5, 9.125, 4.625], "texture": "#1"},
				"south": {"uv": [5, 9, 5.125, 9.125], "texture": "#1"},
				"west": {"uv": [9, 5, 9.125, 5.125], "texture": "#1"},
				"up": {"uv": [5.625, 9.125, 5.5, 9], "texture": "#1"},
				"down": {"uv": [9.125, 5.5, 9, 5.625], "texture": "#1"}
			}
		},
		{
			"from": [8.37, 5.6, 6.95],
			"to": [8.47, 7, 7.05],
			"faces": {
				"north": {"uv": [6.5, 6, 6.625, 6.75], "texture": "#1"},
				"east": {"uv": [0, 7, 0.125, 7.75], "texture": "#1"},
				"south": {"uv": [7, 0, 7.125, 0.75], "texture": "#1"},
				"west": {"uv": [0.5, 7, 0.625, 7.75], "texture": "#1"},
				"up": {"uv": [4.125, 9.125, 4, 9], "texture": "#1"},
				"down": {"uv": [9.125, 4, 9, 4.125], "texture": "#1"}
			}
		},
		{
			"from": [8.37, 5.45, 7.05],
			"to": [8.47, 5.6, 7.15],
			"faces": {
				"north": {"uv": [9.5, 0, 9.625, 0.125], "texture": "#1"},
				"east": {"uv": [0.5, 9.5, 0.625, 9.625], "texture": "#1"},
				"south": {"uv": [9.5, 0.5, 9.625, 0.625], "texture": "#1"},
				"west": {"uv": [1, 9.5, 1.125, 9.625], "texture": "#1"},
				"up": {"uv": [9.625, 1.125, 9.5, 1], "texture": "#1"},
				"down": {"uv": [1.625, 9.5, 1.5, 9.625], "texture": "#1"}
			}
		},
		{
			"from": [9.02, 5.45, 7.05],
			"to": [9.12, 5.6, 7.15],
			"faces": {
				"north": {"uv": [9.5, 1.5, 9.625, 1.625], "texture": "#1"},
				"east": {"uv": [2, 9.5, 2.125, 9.625], "texture": "#1"},
				"south": {"uv": [9.5, 2, 9.625, 2.125], "texture": "#1"},
				"west": {"uv": [2.5, 9.5, 2.625, 9.625], "texture": "#1"},
				"up": {"uv": [9.625, 2.625, 9.5, 2.5], "texture": "#1"},
				"down": {"uv": [3.125, 9.5, 3, 9.625], "texture": "#1"}
			}
		},
		{
			"from": [8.87, 5.35, 7.05],
			"to": [9.02, 5.45, 7.15],
			"faces": {
				"north": {"uv": [9.5, 3, 9.625, 3.125], "texture": "#1"},
				"east": {"uv": [3.5, 9.5, 3.625, 9.625], "texture": "#1"},
				"south": {"uv": [9.5, 3.5, 9.625, 3.625], "texture": "#1"},
				"west": {"uv": [4, 9.5, 4.125, 9.625], "texture": "#1"},
				"up": {"uv": [9.625, 4.125, 9.5, 4], "texture": "#1"},
				"down": {"uv": [4.625, 9.5, 4.5, 9.625], "texture": "#1"}
			}
		},
		{
			"from": [8.47, 5.35, 7.05],
			"to": [8.62, 5.45, 7.15],
			"faces": {
				"north": {"uv": [9.5, 4.5, 9.625, 4.625], "texture": "#1"},
				"east": {"uv": [5, 9.5, 5.125, 9.625], "texture": "#1"},
				"south": {"uv": [9.5, 5, 9.625, 5.125], "texture": "#1"},
				"west": {"uv": [5.5, 9.5, 5.625, 9.625], "texture": "#1"},
				"up": {"uv": [9.625, 5.625, 9.5, 5.5], "texture": "#1"},
				"down": {"uv": [6.125, 9.5, 6, 9.625], "texture": "#1"}
			}
		},
		{
			"from": [8.62, 5.28, 7.05],
			"to": [8.87, 5.35, 7.15],
			"faces": {
				"north": {"uv": [9.5, 6, 9.625, 6.125], "texture": "#1"},
				"east": {"uv": [6.5, 9.5, 6.625, 9.625], "texture": "#1"},
				"south": {"uv": [9.5, 6.5, 9.625, 6.625], "texture": "#1"},
				"west": {"uv": [7, 9.5, 7.125, 9.625], "texture": "#1"},
				"up": {"uv": [9.625, 7.125, 9.5, 7], "texture": "#1"},
				"down": {"uv": [7.625, 9.5, 7.5, 9.625], "texture": "#1"}
			}
		},
		{
			"from": [9.02, 5.6, 6.95],
			"to": [9.12, 7, 7.05],
			"faces": {
				"north": {"uv": [7, 1, 7.125, 1.75], "texture": "#1"},
				"east": {"uv": [1.5, 7, 1.625, 7.75], "texture": "#1"},
				"south": {"uv": [2, 7, 2.125, 7.75], "texture": "#1"},
				"west": {"uv": [7, 2, 7.125, 2.75], "texture": "#1"},
				"up": {"uv": [6.125, 9.125, 6, 9], "texture": "#1"},
				"down": {"uv": [9.125, 6, 9, 6.125], "texture": "#1"}
			}
		},
		{
			"from": [9, 7.15, 7.05],
			"to": [9.15, 7.3, 7.15],
			"faces": {
				"north": {"uv": [8.5, 0.5, 8.625, 0.625], "texture": "#1"},
				"east": {"uv": [1, 8.5, 1.125, 8.625], "texture": "#1"},
				"south": {"uv": [8.5, 1, 8.625, 1.125], "texture": "#1"},
				"west": {"uv": [1.5, 8.5, 1.625, 8.625], "texture": "#1"},
				"up": {"uv": [8.625, 1.625, 8.5, 1.5], "texture": "#1"},
				"down": {"uv": [2.125, 8.5, 2, 8.625], "texture": "#1"}
			}
		},
		{
			"from": [8.35, 7.25, 8.75],
			"to": [8.5, 7.35, 8.9],
			"faces": {
				"north": {"uv": [7.5, 6.5, 7.625, 6.625], "texture": "#1"},
				"east": {"uv": [7, 7.5, 7.125, 7.625], "texture": "#1"},
				"south": {"uv": [7.5, 7, 7.625, 7.125], "texture": "#1"},
				"west": {"uv": [7.5, 7.5, 7.625, 7.625], "texture": "#1"},
				"up": {"uv": [0.125, 8.125, 0, 8], "texture": "#1"},
				"down": {"uv": [8.125, 0, 8, 0.125], "texture": "#1"}
			}
		},
		{
			"from": [7.75, 7.25, 7.25],
			"to": [8.5, 7.25, 9.25],
			"faces": {
				"north": {"uv": [0, 0, 0.375, 0], "texture": "#1"},
				"east": {"uv": [0, 0, 1, 0], "texture": "#1"},
				"south": {"uv": [0, 0, 0.375, 0], "texture": "#1"},
				"west": {"uv": [0, 0, 1, 0], "texture": "#1"},
				"up": {"uv": [5.375, 5, 5, 4], "texture": "#1"},
				"down": {"uv": [5.375, 5, 5, 6], "texture": "#1"}
			}
		},
		{
			"from": [9.25, 7.25, 7.25],
			"to": [9.75, 7.25, 9.25],
			"faces": {
				"north": {"uv": [0, 0, 0.25, 0], "texture": "#1"},
				"east": {"uv": [0, 0, 1, 0], "texture": "#1"},
				"south": {"uv": [0, 0, 0.25, 0], "texture": "#1"},
				"west": {"uv": [0, 0, 1, 0], "texture": "#1"},
				"up": {"uv": [4.75, 6.5, 4.5, 5.5], "texture": "#1"},
				"down": {"uv": [6.25, 0, 6, 1], "texture": "#1"}
			}
		},
		{
			"from": [8.5, 7.25, 8.75],
			"to": [9.25, 7.25, 9.25],
			"faces": {
				"north": {"uv": [0, 0, 0.375, 0], "texture": "#1"},
				"east": {"uv": [0, 0, 0.25, 0], "texture": "#1"},
				"south": {"uv": [0, 0, 0.375, 0], "texture": "#1"},
				"west": {"uv": [0, 0, 0.25, 0], "texture": "#1"},
				"up": {"uv": [1.875, 6.75, 1.5, 6.5], "texture": "#1"},
				"down": {"uv": [6.875, 1.5, 6.5, 1.75], "texture": "#1"}
			}
		},
		{
			"from": [8.5, 7.25, 7.25],
			"to": [9.25, 7.25, 7.75],
			"faces": {
				"north": {"uv": [0, 0, 0.375, 0], "texture": "#1"},
				"east": {"uv": [0, 0, 0.25, 0], "texture": "#1"},
				"south": {"uv": [0, 0, 0.375, 0], "texture": "#1"},
				"west": {"uv": [0, 0, 0.25, 0], "texture": "#1"},
				"up": {"uv": [6.875, 2.25, 6.5, 2], "texture": "#1"},
				"down": {"uv": [6.875, 2.5, 6.5, 2.75], "texture": "#1"}
			}
		},
		{
			"from": [8, 7.2, 7.15],
			"to": [9.5, 7.3, 7.25],
			"faces": {
				"north": {"uv": [3, 6.5, 3.75, 6.625], "texture": "#1"},
				"east": {"uv": [7.5, 4, 7.625, 4.125], "texture": "#1"},
				"south": {"uv": [6.5, 3, 7.25, 3.125], "texture": "#1"},
				"west": {"uv": [4.5, 7.5, 4.625, 7.625], "texture": "#1"},
				"up": {"uv": [4.75, 6.625, 4, 6.5], "texture": "#1"},
				"down": {"uv": [7.25, 4, 6.5, 4.125], "texture": "#1"}
			}
		},
		{
			"from": [9.75, 7.2, 7.4],
			"to": [9.85, 7.3, 9.1],
			"faces": {
				"north": {"uv": [7.5, 5, 7.625, 5.125], "texture": "#1"},
				"east": {"uv": [3, 6, 3.875, 6.125], "texture": "#1"},
				"south": {"uv": [5.5, 7.5, 5.625, 7.625], "texture": "#1"},
				"west": {"uv": [6, 3.5, 6.875, 3.625], "texture": "#1"},
				"up": {"uv": [6.125, 4.875, 6, 4], "texture": "#1"},
				"down": {"uv": [5.125, 6, 5, 6.875], "texture": "#1"}
			}
		},
		{
			"from": [7.65, 7.2, 7.4],
			"to": [7.75, 7.3, 9.1],
			"faces": {
				"north": {"uv": [7.5, 5.5, 7.625, 5.625], "texture": "#1"},
				"east": {"uv": [5.5, 6, 6.375, 6.125], "texture": "#1"},
				"south": {"uv": [6, 7.5, 6.125, 7.625], "texture": "#1"},
				"west": {"uv": [0, 6.5, 0.875, 6.625], "texture": "#1"},
				"up": {"uv": [6.625, 0.875, 6.5, 0], "texture": "#1"},
				"down": {"uv": [1.125, 6.5, 1, 7.375], "texture": "#1"}
			}
		},
		{
			"from": [8, 7.2, 9.25],
			"to": [9.5, 7.3, 9.35],
			"faces": {
				"north": {"uv": [6.5, 4.5, 7.25, 4.625], "texture": "#1"},
				"east": {"uv": [7.5, 4.5, 7.625, 4.625], "texture": "#1"},
				"south": {"uv": [6.5, 5, 7.25, 5.125], "texture": "#1"},
				"west": {"uv": [5, 7.5, 5.125, 7.625], "texture": "#1"},
				"up": {"uv": [6.25, 6.625, 5.5, 6.5], "texture": "#1"},
				"down": {"uv": [7.25, 5.5, 6.5, 5.625], "texture": "#1"}
			}
		},
		{
			"from": [8, 1, 7.25],
			"to": [9.5, 1.75, 9],
			"faces": {
				"north": {"uv": [5.5, 5, 6.25, 5.375], "texture": "#1"},
				"east": {"uv": [1, 5.5, 1.875, 5.875], "texture": "#1"},
				"south": {"uv": [5.5, 5.5, 6.25, 5.875], "texture": "#1"},
				"west": {"uv": [3, 5.5, 3.875, 5.875], "texture": "#1"},
				"up": {"uv": [1.75, 5.375, 1, 4.5], "texture": "#1"},
				"down": {"uv": [4.75, 4.5, 4, 5.375], "texture": "#1"}
			}
		}
	],
	"display": {
		"thirdperson_righthand": {
			"translation": [-0.75, 1.5, 0.25],
			"scale": [1.3, 1.3, 1.3]
		},
		"thirdperson_lefthand": {
			"rotation": [-179.75, 0, 0],
			"translation": [0.75, -6.75, 0.25],
			"scale": [1.3, 1.3, 1.3]
		},
		"firstperson_righthand": {
			"rotation": [10.5, 0, 0],
			"translation": [0, 1.75, 0]
		},
		"firstperson_lefthand": {
			"rotation": [149, 0, 0],
			"translation": [0, 0.25, 2.5]
		},
		"ground": {
			"rotation": [160.38, -55.97, -108.59],
			"scale": [1.2, 1.3, 1.2]
		},
		"gui": {
			"rotation": [57.47, 40.87, -67.34],
			"translation": [-3.25, -3.25, 0],
			"scale": [0.7, 0.7, 0.7]
		},
		"fixed": {
			"rotation": [-147.92, 79.37, -120.18],
			"translation": [-1.25, 0, -27.5],
			"scale": [2, 2, 2]
		}
	}
}