{
	"credit": "Made with Blockbench",
	"texture_size": [32, 32],
	"textures": {
		"0": "./martin",
		"particle": "./martin"
	},
	"elements": [
		{
			"name": "head",
			"from": [5, 8.75, 7.75],
			"to": [13, 9, 10],
			"shade": false,
			"rotation": {"angle": 0, "axis": "x", "origin": [6.5, 10.25, 9]},
			"rotated": [0, 0, 0],
			"faces": {
				"north": {"uv": [0, 2, 4, 2.5], "texture": "#0"},
				"east": {"uv": [0, 4, 1, 4.5], "texture": "#0"},
				"south": {"uv": [0, 2.5, 4, 3], "texture": "#0"},
				"west": {"uv": [4, 0, 5, 0.5], "texture": "#0"},
				"up": {"uv": [4, 1, 0, 0], "texture": "#0"},
				"down": {"uv": [4, 1, 0, 2], "texture": "#0"}
			}
		},
		{
			"name": "head",
			"from": [11.5, 9, 8.5],
			"to": [12, 9.25, 9],
			"shade": false,
			"faces": {
				"north": {"uv": [7, 0.5, 7.5, 1], "texture": "#0"},
				"east": {"uv": [1, 7, 1.5, 7.5], "texture": "#0"},
				"south": {"uv": [7, 1, 7.5, 1.5], "texture": "#0"},
				"west": {"uv": [1.5, 7, 2, 7.5], "texture": "#0"},
				"up": {"uv": [7.5, 2, 7, 1.5], "texture": "#0"},
				"down": {"uv": [2.5, 7, 2, 7.5], "texture": "#0"}
			}
		},
		{
			"name": "head",
			"from": [6, 9, 8.5],
			"to": [6.5, 9.25, 9],
			"shade": false,
			"faces": {
				"north": {"uv": [7, 2, 7.5, 2.5], "texture": "#0"},
				"east": {"uv": [2.5, 7, 3, 7.5], "texture": "#0"},
				"south": {"uv": [7, 2.5, 7.5, 3], "texture": "#0"},
				"west": {"uv": [3, 7, 3.5, 7.5], "texture": "#0"},
				"up": {"uv": [7.5, 3.5, 7, 3], "texture": "#0"},
				"down": {"uv": [4, 7, 3.5, 7.5], "texture": "#0"}
			}
		},
		{
			"name": "head",
			"from": [6, 9.09724, 8.88216],
			"to": [6.5, 11.34724, 9.38216],
			"shade": false,
			"rotation": {"angle": 22.5, "axis": "x", "origin": [6.25, 10.13425, 9.07507]},
			"faces": {
				"north": {"uv": [2, 4, 2.5, 5], "texture": "#0"},
				"east": {"uv": [2.5, 4, 3, 5], "texture": "#0"},
				"south": {"uv": [4, 2.5, 4.5, 3.5], "texture": "#0"},
				"west": {"uv": [3, 4, 3.5, 5], "texture": "#0"},
				"up": {"uv": [7.5, 4, 7, 3.5], "texture": "#0"},
				"down": {"uv": [7.5, 4, 7, 4.5], "texture": "#0"}
			}
		},
		{
			"name": "head",
			"from": [5.57843, 11.14542, 9.36104],
			"to": [6.07843, 13.39542, 9.86104],
			"shade": false,
			"rotation": {"angle": 22.5, "axis": "z", "origin": [5.82843, 12.29676, 8.32858]},
			"faces": {
				"north": {"uv": [4.5, 0.5, 5, 1.5], "texture": "#0"},
				"east": {"uv": [4.5, 1.5, 5, 2.5], "texture": "#0"},
				"south": {"uv": [4.5, 2.5, 5, 3.5], "texture": "#0"},
				"west": {"uv": [4.5, 3.5, 5, 4.5], "texture": "#0"},
				"up": {"uv": [7.5, 5.5, 7, 5], "texture": "#0"},
				"down": {"uv": [7.5, 5.5, 7, 6], "texture": "#0"}
			}
		},
		{
			"name": "head",
			"from": [8.82843, 19.64542, 9.36104],
			"to": [9.32843, 21.89542, 9.86104],
			"shade": false,
			"rotation": {"angle": -45, "axis": "z", "origin": [5.82843, 12.29676, 9.57858]},
			"faces": {
				"north": {"uv": [6.5, 0, 7, 1], "texture": "#0"},
				"east": {"uv": [6.5, 1, 7, 2], "texture": "#0"},
				"south": {"uv": [6.5, 2, 7, 3], "texture": "#0"},
				"west": {"uv": [6.5, 3, 7, 4], "texture": "#0"},
				"up": {"uv": [8, 4, 7.5, 3.5], "texture": "#0"},
				"down": {"uv": [4.5, 7.5, 4, 8], "texture": "#0"}
			}
		},
		{
			"name": "head",
			"from": [0.97977, 13.04676, 9.36104],
			"to": [3.22977, 13.54676, 9.86104],
			"shade": false,
			"rotation": {"angle": -45, "axis": "z", "origin": [5.82843, 12.29676, 8.32858]},
			"faces": {
				"north": {"uv": [6, 5, 7, 5.5], "texture": "#0"},
				"east": {"uv": [7.5, 3, 8, 3.5], "texture": "#0"},
				"south": {"uv": [5.5, 6, 6.5, 6.5], "texture": "#0"},
				"west": {"uv": [3.5, 7.5, 4, 8], "texture": "#0"},
				"up": {"uv": [7, 6, 6, 5.5], "texture": "#0"},
				"down": {"uv": [1, 6.5, 0, 7], "texture": "#0"}
			}
		},
		{
			"name": "head",
			"from": [4.75597, 13.26065, 9.36104],
			"to": [5.25597, 15.51065, 9.86104],
			"shade": false,
			"rotation": {"angle": 22.5, "axis": "z", "origin": [5.07843, 14.29676, 8.32858]},
			"faces": {
				"north": {"uv": [5, 1, 5.5, 2], "texture": "#0"},
				"east": {"uv": [1.5, 5, 2, 6], "texture": "#0"},
				"south": {"uv": [2, 5, 2.5, 6], "texture": "#0"},
				"west": {"uv": [5, 2, 5.5, 3], "texture": "#0"},
				"up": {"uv": [7, 7.5, 6.5, 7], "texture": "#0"},
				"down": {"uv": [7.5, 6.5, 7, 7], "texture": "#0"}
			}
		},
		{
			"name": "head",
			"from": [4.93352, 15.37587, 9.36104],
			"to": [5.43352, 17.62587, 9.86104],
			"shade": false,
			"rotation": {"angle": -22.5, "axis": "z", "origin": [4.32843, 16.29676, 8.32858]},
			"faces": {
				"north": {"uv": [4, 5.5, 4.5, 6.5], "texture": "#0"},
				"east": {"uv": [5.5, 4, 6, 5], "texture": "#0"},
				"south": {"uv": [4.5, 5.5, 5, 6.5], "texture": "#0"},
				"west": {"uv": [5.5, 5, 6, 6], "texture": "#0"},
				"up": {"uv": [8, 1.5, 7.5, 1], "texture": "#0"},
				"down": {"uv": [2, 7.5, 1.5, 8], "texture": "#0"}
			}
		},
		{
			"name": "head",
			"from": [4.68352, 15.87587, 9.36104],
			"to": [5.18352, 18.12587, 9.86104],
			"shade": false,
			"rotation": {"angle": 22.5, "axis": "z", "origin": [4.32843, 16.29676, 8.32858]},
			"faces": {
				"north": {"uv": [2, 6, 2.5, 7], "texture": "#0"},
				"east": {"uv": [6, 2, 6.5, 3], "texture": "#0"},
				"south": {"uv": [2.5, 6, 3, 7], "texture": "#0"},
				"west": {"uv": [3, 6, 3.5, 7], "texture": "#0"},
				"up": {"uv": [8, 2.5, 7.5, 2], "texture": "#0"},
				"down": {"uv": [3, 7.5, 2.5, 8], "texture": "#0"}
			}
		},
		{
			"name": "head",
			"from": [12.18352, 19.37587, 9.36104],
			"to": [12.68352, 21.62587, 9.86104],
			"shade": false,
			"rotation": {"angle": -22.5, "axis": "z", "origin": [4.32843, 16.29676, 8.32858]},
			"faces": {
				"north": {"uv": [6, 3, 6.5, 4], "texture": "#0"},
				"east": {"uv": [3.5, 6, 4, 7], "texture": "#0"},
				"south": {"uv": [6, 4, 6.5, 5], "texture": "#0"},
				"west": {"uv": [5, 6, 5.5, 7], "texture": "#0"},
				"up": {"uv": [8, 3, 7.5, 2.5], "texture": "#0"},
				"down": {"uv": [3.5, 7.5, 3, 8], "texture": "#0"}
			}
		},
		{
			"name": "head",
			"from": [11.93352, 11.87587, 9.36104],
			"to": [12.43352, 14.12587, 9.86104],
			"shade": false,
			"rotation": {"angle": 22.5, "axis": "z", "origin": [4.32843, 16.29676, 8.32858]},
			"faces": {
				"north": {"uv": [6, 0, 6.5, 1], "texture": "#0"},
				"east": {"uv": [1, 6, 1.5, 7], "texture": "#0"},
				"south": {"uv": [6, 1, 6.5, 2], "texture": "#0"},
				"west": {"uv": [1.5, 6, 2, 7], "texture": "#0"},
				"up": {"uv": [8, 2, 7.5, 1.5], "texture": "#0"},
				"down": {"uv": [2.5, 7.5, 2, 8], "texture": "#0"}
			}
		},
		{
			"name": "head",
			"from": [11.5, 9.38425, 8.82507],
			"to": [12, 11.63425, 9.32507],
			"shade": false,
			"rotation": {"angle": 22.5, "axis": "x", "origin": [6.25, 10.13425, 8.32507]},
			"faces": {
				"north": {"uv": [3.5, 4, 4, 5], "texture": "#0"},
				"east": {"uv": [4, 3.5, 4.5, 4.5], "texture": "#0"},
				"south": {"uv": [0, 4.5, 0.5, 5.5], "texture": "#0"},
				"west": {"uv": [0.5, 4.5, 1, 5.5], "texture": "#0"},
				"up": {"uv": [7.5, 5, 7, 4.5], "texture": "#0"},
				"down": {"uv": [5.5, 7, 5, 7.5], "texture": "#0"}
			}
		},
		{
			"name": "head",
			"from": [11.90839, 11.34695, 9.36104],
			"to": [12.40839, 13.59695, 9.86104],
			"shade": false,
			"rotation": {"angle": -22.5, "axis": "z", "origin": [11.65839, 12.36441, 9.21246]},
			"faces": {
				"north": {"uv": [4, 4.5, 4.5, 5.5], "texture": "#0"},
				"east": {"uv": [4.5, 4.5, 5, 5.5], "texture": "#0"},
				"south": {"uv": [5, 0, 5.5, 1], "texture": "#0"},
				"west": {"uv": [1, 5, 1.5, 6], "texture": "#0"},
				"up": {"uv": [6.5, 7.5, 6, 7], "texture": "#0"},
				"down": {"uv": [7.5, 6, 7, 6.5], "texture": "#0"}
			}
		},
		{
			"name": "head",
			"from": [11.90839, 13.59695, 9.36104],
			"to": [12.40839, 15.84695, 9.86104],
			"shade": false,
			"rotation": {"angle": -22.5, "axis": "z", "origin": [11.65839, 12.36441, 9.21246]},
			"faces": {
				"north": {"uv": [2.5, 5, 3, 6], "texture": "#0"},
				"east": {"uv": [3, 5, 3.5, 6], "texture": "#0"},
				"south": {"uv": [5, 3, 5.5, 4], "texture": "#0"},
				"west": {"uv": [3.5, 5, 4, 6], "texture": "#0"},
				"up": {"uv": [7.5, 7.5, 7, 7], "texture": "#0"},
				"down": {"uv": [0.5, 7.5, 0, 8], "texture": "#0"}
			}
		},
		{
			"name": "head",
			"from": [10.98085, 12.46218, 9.36104],
			"to": [11.48085, 14.71218, 9.86104],
			"shade": false,
			"rotation": {"angle": 22.5, "axis": "z", "origin": [12.40839, 14.36441, 9.21246]},
			"faces": {
				"north": {"uv": [5, 4, 5.5, 5], "texture": "#0"},
				"east": {"uv": [5, 5, 5.5, 6], "texture": "#0"},
				"south": {"uv": [0, 5.5, 0.5, 6.5], "texture": "#0"},
				"west": {"uv": [5.5, 0, 6, 1], "texture": "#0"},
				"up": {"uv": [8, 0.5, 7.5, 0], "texture": "#0"},
				"down": {"uv": [1, 7.5, 0.5, 8], "texture": "#0"}
			}
		},
		{
			"name": "head",
			"from": [6.98085, 9.96218, 9.36104],
			"to": [7.48085, 12.21218, 9.86104],
			"shade": false,
			"rotation": {"angle": -22.5, "axis": "z", "origin": [12.40839, 14.36441, 9.21246]},
			"faces": {
				"north": {"uv": [0.5, 5.5, 1, 6.5], "texture": "#0"},
				"east": {"uv": [5.5, 1, 6, 2], "texture": "#0"},
				"south": {"uv": [5.5, 2, 6, 3], "texture": "#0"},
				"west": {"uv": [5.5, 3, 6, 4], "texture": "#0"},
				"up": {"uv": [8, 1, 7.5, 0.5], "texture": "#0"},
				"down": {"uv": [1.5, 7.5, 1, 8], "texture": "#0"}
			}
		},
		{
			"name": "head",
			"from": [4.75, 6.75, 8],
			"to": [5, 8.75, 9.75],
			"shade": false,
			"faces": {
				"north": {"uv": [4, 0.5, 4.5, 1.5], "texture": "#0"},
				"east": {"uv": [0, 3, 1, 4], "texture": "#0"},
				"south": {"uv": [1, 4, 1.5, 5], "texture": "#0"},
				"west": {"uv": [1, 3, 2, 4], "texture": "#0"},
				"up": {"uv": [2, 5, 1.5, 4], "texture": "#0"},
				"down": {"uv": [4.5, 1.5, 4, 2.5], "texture": "#0"}
			}
		},
		{
			"name": "head",
			"from": [4.75, 6, 8.5],
			"to": [5, 6.75, 9.75],
			"shade": false,
			"rotation": {"angle": 0, "axis": "x", "origin": [6.5, 10.25, 9]},
			"rotated": [0, 0, 0],
			"faces": {
				"north": {"uv": [6, 6.5, 6.5, 7], "texture": "#0"},
				"east": {"uv": [6.5, 6, 7, 6.5], "texture": "#0"},
				"south": {"uv": [6.5, 6.5, 7, 7], "texture": "#0"},
				"west": {"uv": [0, 7, 0.5, 7.5], "texture": "#0"},
				"up": {"uv": [7.5, 0.5, 7, 0], "texture": "#0"},
				"down": {"uv": [1, 7, 0.5, 7.5], "texture": "#0"}
			}
		},
		{
			"name": "head",
			"from": [13, 4.75, 9.75],
			"to": [13.25, 5.25, 10],
			"shade": false,
			"rotation": {"angle": 0, "axis": "y", "origin": [8.25, 0, 0]},
			"faces": {
				"north": {"uv": [7.5, 7, 8, 7.5], "texture": "#0"},
				"east": {"uv": [7.5, 7.5, 8, 8], "texture": "#0"},
				"south": {"uv": [0, 8, 0.5, 8.5], "texture": "#0"},
				"west": {"uv": [8, 0, 8.5, 0.5], "texture": "#0"},
				"up": {"uv": [1, 8.5, 0.5, 8], "texture": "#0"},
				"down": {"uv": [8.5, 0.5, 8, 1], "texture": "#0"}
			}
		},
		{
			"name": "head",
			"from": [13, 4.5, 9.75],
			"to": [13.25, 4.75, 10.25],
			"shade": false,
			"rotation": {"angle": 0, "axis": "y", "origin": [8.25, 0, 0]},
			"faces": {
				"north": {"uv": [1, 8, 1.5, 8.5], "texture": "#0"},
				"east": {"uv": [8, 1, 8.5, 1.5], "texture": "#0"},
				"south": {"uv": [1.5, 8, 2, 8.5], "texture": "#0"},
				"west": {"uv": [8, 1.5, 8.5, 2], "texture": "#0"},
				"up": {"uv": [2.5, 8.5, 2, 8], "texture": "#0"},
				"down": {"uv": [8.5, 2, 8, 2.5], "texture": "#0"}
			}
		},
		{
			"name": "head",
			"from": [13, 4.25, 10.25],
			"to": [13.25, 4.5, 10.5],
			"shade": false,
			"rotation": {"angle": 0, "axis": "y", "origin": [8.25, 0, 0]},
			"faces": {
				"north": {"uv": [2.5, 8, 3, 8.5], "texture": "#0"},
				"east": {"uv": [8, 2.5, 8.5, 3], "texture": "#0"},
				"south": {"uv": [3, 8, 3.5, 8.5], "texture": "#0"},
				"west": {"uv": [8, 3, 8.5, 3.5], "texture": "#0"},
				"up": {"uv": [4, 8.5, 3.5, 8], "texture": "#0"},
				"down": {"uv": [8.5, 3.5, 8, 4], "texture": "#0"}
			}
		},
		{
			"name": "head",
			"from": [13, 5, 9.5],
			"to": [13.25, 5.25, 9.75],
			"shade": false,
			"rotation": {"angle": 0, "axis": "y", "origin": [8.25, 0, 0]},
			"faces": {
				"north": {"uv": [5.5, 8, 6, 8.5], "texture": "#0"},
				"east": {"uv": [8, 5.5, 8.5, 6], "texture": "#0"},
				"south": {"uv": [6, 8, 6.5, 8.5], "texture": "#0"},
				"west": {"uv": [8, 6, 8.5, 6.5], "texture": "#0"},
				"up": {"uv": [7, 8.5, 6.5, 8], "texture": "#0"},
				"down": {"uv": [8.5, 6.5, 8, 7], "texture": "#0"}
			}
		},
		{
			"name": "head",
			"from": [13, 5.5, 9],
			"to": [13.25, 6, 9.5],
			"shade": false,
			"rotation": {"angle": 0, "axis": "y", "origin": [8.25, 0, 0]},
			"faces": {
				"north": {"uv": [4, 8, 4.5, 8.5], "texture": "#0"},
				"east": {"uv": [8, 4, 8.5, 4.5], "texture": "#0"},
				"south": {"uv": [4.5, 8, 5, 8.5], "texture": "#0"},
				"west": {"uv": [8, 4.5, 8.5, 5], "texture": "#0"},
				"up": {"uv": [5.5, 8.5, 5, 8], "texture": "#0"},
				"down": {"uv": [8.5, 5, 8, 5.5], "texture": "#0"}
			}
		},
		{
			"name": "head",
			"from": [13, 5.25, 9.5],
			"to": [13.25, 6, 9.75],
			"shade": false,
			"rotation": {"angle": 0, "axis": "y", "origin": [8.25, 0, 0]},
			"faces": {
				"north": {"uv": [7.5, 5.5, 8, 6], "texture": "#0"},
				"east": {"uv": [6, 7.5, 6.5, 8], "texture": "#0"},
				"south": {"uv": [7.5, 6, 8, 6.5], "texture": "#0"},
				"west": {"uv": [6.5, 7.5, 7, 8], "texture": "#0"},
				"up": {"uv": [8, 7, 7.5, 6.5], "texture": "#0"},
				"down": {"uv": [7.5, 7.5, 7, 8], "texture": "#0"}
			}
		},
		{
			"name": "head",
			"from": [4.75, 5.5, 9],
			"to": [5, 6, 9.5],
			"shade": false,
			"rotation": {"angle": 0, "axis": "y", "origin": [8.25, 0, 0]},
			"faces": {
				"north": {"uv": [8.5, 6, 9, 6.5], "texture": "#0"},
				"east": {"uv": [6.5, 8.5, 7, 9], "texture": "#0"},
				"south": {"uv": [8.5, 6.5, 9, 7], "texture": "#0"},
				"west": {"uv": [7, 8.5, 7.5, 9], "texture": "#0"},
				"up": {"uv": [9, 7.5, 8.5, 7], "texture": "#0"},
				"down": {"uv": [8, 8.5, 7.5, 9], "texture": "#0"}
			}
		},
		{
			"name": "head",
			"from": [4.75, 5, 9.5],
			"to": [5, 5.25, 9.75],
			"shade": false,
			"rotation": {"angle": 0, "axis": "y", "origin": [8.25, 0, 0]},
			"faces": {
				"north": {"uv": [8.5, 4.5, 9, 5], "texture": "#0"},
				"east": {"uv": [5, 8.5, 5.5, 9], "texture": "#0"},
				"south": {"uv": [8.5, 5, 9, 5.5], "texture": "#0"},
				"west": {"uv": [5.5, 8.5, 6, 9], "texture": "#0"},
				"up": {"uv": [9, 6, 8.5, 5.5], "texture": "#0"},
				"down": {"uv": [6.5, 8.5, 6, 9], "texture": "#0"}
			}
		},
		{
			"name": "head",
			"from": [4.75, 5.25, 9.5],
			"to": [5, 6, 9.75],
			"shade": false,
			"rotation": {"angle": 0, "axis": "y", "origin": [8.25, 0, 0]},
			"faces": {
				"north": {"uv": [8.5, 3, 9, 3.5], "texture": "#0"},
				"east": {"uv": [3.5, 8.5, 4, 9], "texture": "#0"},
				"south": {"uv": [8.5, 3.5, 9, 4], "texture": "#0"},
				"west": {"uv": [4, 8.5, 4.5, 9], "texture": "#0"},
				"up": {"uv": [9, 4.5, 8.5, 4], "texture": "#0"},
				"down": {"uv": [5, 8.5, 4.5, 9], "texture": "#0"}
			}
		},
		{
			"name": "head",
			"from": [4.75, 4.75, 9.75],
			"to": [5, 5.25, 10],
			"shade": false,
			"rotation": {"angle": 0, "axis": "y", "origin": [8.25, 0, 0]},
			"faces": {
				"north": {"uv": [8.5, 1.5, 9, 2], "texture": "#0"},
				"east": {"uv": [2, 8.5, 2.5, 9], "texture": "#0"},
				"south": {"uv": [8.5, 2, 9, 2.5], "texture": "#0"},
				"west": {"uv": [2.5, 8.5, 3, 9], "texture": "#0"},
				"up": {"uv": [9, 3, 8.5, 2.5], "texture": "#0"},
				"down": {"uv": [3.5, 8.5, 3, 9], "texture": "#0"}
			}
		},
		{
			"name": "head",
			"from": [4.75, 4.5, 9.75],
			"to": [5, 4.75, 10.25],
			"shade": false,
			"rotation": {"angle": 0, "axis": "y", "origin": [8.25, 0, 0]},
			"faces": {
				"north": {"uv": [8.5, 0, 9, 0.5], "texture": "#0"},
				"east": {"uv": [0.5, 8.5, 1, 9], "texture": "#0"},
				"south": {"uv": [8.5, 0.5, 9, 1], "texture": "#0"},
				"west": {"uv": [1, 8.5, 1.5, 9], "texture": "#0"},
				"up": {"uv": [9, 1.5, 8.5, 1], "texture": "#0"},
				"down": {"uv": [2, 8.5, 1.5, 9], "texture": "#0"}
			}
		},
		{
			"name": "head",
			"from": [4.75, 4.25, 10.25],
			"to": [5, 4.5, 10.5],
			"shade": false,
			"rotation": {"angle": 0, "axis": "y", "origin": [8.25, 0, 0]},
			"faces": {
				"north": {"uv": [7, 8, 7.5, 8.5], "texture": "#0"},
				"east": {"uv": [8, 7, 8.5, 7.5], "texture": "#0"},
				"south": {"uv": [7.5, 8, 8, 8.5], "texture": "#0"},
				"west": {"uv": [8, 7.5, 8.5, 8], "texture": "#0"},
				"up": {"uv": [8.5, 8.5, 8, 8], "texture": "#0"},
				"down": {"uv": [0.5, 8.5, 0, 9], "texture": "#0"}
			}
		},
		{
			"name": "head",
			"from": [13, 6, 8.5],
			"to": [13.25, 6.75, 9.75],
			"shade": false,
			"rotation": {"angle": 0, "axis": "x", "origin": [14.75, 10.25, 9]},
			"rotated": [0, 0, 0],
			"faces": {
				"north": {"uv": [7.5, 4, 8, 4.5], "texture": "#0"},
				"east": {"uv": [4.5, 7.5, 5, 8], "texture": "#0"},
				"south": {"uv": [7.5, 4.5, 8, 5], "texture": "#0"},
				"west": {"uv": [5, 7.5, 5.5, 8], "texture": "#0"},
				"up": {"uv": [8, 5.5, 7.5, 5], "texture": "#0"},
				"down": {"uv": [6, 7.5, 5.5, 8], "texture": "#0"}
			}
		},
		{
			"name": "head",
			"from": [13, 6.75, 8],
			"to": [13.25, 8.75, 9.75],
			"shade": false,
			"rotation": {"angle": 0, "axis": "y", "origin": [8.25, 0, 0]},
			"faces": {
				"north": {"uv": [4, 6.5, 4.5, 7.5], "texture": "#0"},
				"east": {"uv": [2, 3, 3, 4], "texture": "#0"},
				"south": {"uv": [6.5, 4, 7, 5], "texture": "#0"},
				"west": {"uv": [3, 3, 4, 4], "texture": "#0"},
				"up": {"uv": [5, 7.5, 4.5, 6.5], "texture": "#0"},
				"down": {"uv": [6, 6.5, 5.5, 7.5], "texture": "#0"}
			}
		}
	],
	"display": {
		"thirdperson_righthand": {
			"rotation": [19.25, 0, 0],
			"translation": [-1.25, -0.5, 0]
		},
		"thirdperson_lefthand": {
			"translation": [0.75, 0, -1]
		},
		"firstperson_righthand": {
			"translation": [-2, 0, 0]
		},
		"ground": {
			"rotation": [91.75, -1.44, -1.14]
		},
		"gui": {
			"translation": [-0.5, -2.25, 0]
		},
		"head": {
			"translation": [-1.5, 5.25, 0.75],
			"scale": [1.6, 1.6, 1.6]
		},
		"fixed": {
			"translation": [-0.75, -1.25, -2]
		}
	}
}