{
	"credit": "Made with Blockbench",
	"texture_size": [32, 32],
	"textures": {
		"0": "./netherite",
		"particle": "./netherite"
	},
	"elements": [
		{
			"from": [7.53033, 1.11612, 9.25],
			"to": [9.28033, 1.61612, 9.75],
			"rotation": {"angle": -45, "axis": "z", "origin": [8.53033, 1.61612, 9.25]},
			"faces": {
				"north": {"uv": [4.5, 2.5, 5.5, 3], "texture": "#0"},
				"east": {"uv": [10, 13, 10.5, 13.5], "texture": "#0"},
				"south": {"uv": [4, 4.5, 5, 5], "texture": "#0"},
				"west": {"uv": [13, 10, 13.5, 10.5], "texture": "#0"},
				"up": {"uv": [1, 5.5, 0, 5], "texture": "#0"},
				"down": {"uv": [6, 0, 5, 0.5], "texture": "#0"}
			}
		},
		{
			"from": [7.03033, 2.86612, 9.25],
			"to": [8.78033, 3.36612, 9.75],
			"rotation": {"angle": -45, "axis": "z", "origin": [8.53033, 1.61612, 9.25]},
			"faces": {
				"north": {"uv": [5, 0.5, 6, 1], "texture": "#0"},
				"east": {"uv": [10.5, 13, 11, 13.5], "texture": "#0"},
				"south": {"uv": [5, 1, 6, 1.5], "texture": "#0"},
				"west": {"uv": [13, 10.5, 13.5, 11], "texture": "#0"},
				"up": {"uv": [6, 2, 5, 1.5], "texture": "#0"},
				"down": {"uv": [6, 2, 5, 2.5], "texture": "#0"}
			}
		},
		{
			"from": [7.64645, 2.95711, 9.25],
			"to": [9.39645, 3.45711, 9.75],
			"rotation": {"angle": 45, "axis": "z", "origin": [8.75, 2.25, 9.25]},
			"faces": {
				"north": {"uv": [4, 5, 5, 5.5], "texture": "#0"},
				"east": {"uv": [11, 13, 11.5, 13.5], "texture": "#0"},
				"south": {"uv": [5, 4.5, 6, 5], "texture": "#0"},
				"west": {"uv": [13, 11, 13.5, 11.5], "texture": "#0"},
				"up": {"uv": [6, 5.5, 5, 5], "texture": "#0"},
				"down": {"uv": [1, 5.5, 0, 6], "texture": "#0"}
			}
		},
		{
			"from": [8.14645, 1.20711, 9.25],
			"to": [9.89645, 1.70711, 9.75],
			"rotation": {"angle": 45, "axis": "z", "origin": [8.75, 2.25, 9.25]},
			"faces": {
				"north": {"uv": [5.5, 2.5, 6.5, 3], "texture": "#0"},
				"east": {"uv": [11.5, 13, 12, 13.5], "texture": "#0"},
				"south": {"uv": [5.5, 3, 6.5, 3.5], "texture": "#0"},
				"west": {"uv": [13, 11.5, 13.5, 12], "texture": "#0"},
				"up": {"uv": [6.5, 4, 5.5, 3.5], "texture": "#0"},
				"down": {"uv": [5, 5.5, 4, 6], "texture": "#0"}
			}
		},
		{
			"from": [8.14645, 1.70711, 8.5],
			"to": [9.39645, 2.95711, 9.5],
			"rotation": {"angle": 45, "axis": "z", "origin": [8.75, 2.25, 8]},
			"faces": {
				"north": {"uv": [12, 13, 12.5, 13.5], "texture": "#0"},
				"east": {"uv": [13, 12, 13.5, 12.5], "texture": "#0"},
				"south": {"uv": [12.5, 13, 13, 13.5], "texture": "#0"},
				"west": {"uv": [13, 12.5, 13.5, 13], "texture": "#0"},
				"up": {"uv": [13.5, 13.5, 13, 13], "texture": "#0"},
				"down": {"uv": [0.5, 13.5, 0, 14], "texture": "#0"}
			}
		},
		{
			"from": [9.14645, 2.70711, 8.5],
			"to": [10.39645, 3.95711, 9.5],
			"rotation": {"angle": 45, "axis": "z", "origin": [8.75, 2.25, 8]},
			"faces": {
				"north": {"uv": [13.5, 0, 14, 0.5], "texture": "#0"},
				"east": {"uv": [0.5, 13.5, 1, 14], "texture": "#0"},
				"south": {"uv": [13.5, 0.5, 14, 1], "texture": "#0"},
				"west": {"uv": [1, 13.5, 1.5, 14], "texture": "#0"},
				"up": {"uv": [14, 1.5, 13.5, 1], "texture": "#0"},
				"down": {"uv": [2, 13.5, 1.5, 14], "texture": "#0"}
			}
		},
		{
			"from": [10.64645, 4.20711, 8.5],
			"to": [11.89645, 5.45711, 9.5],
			"rotation": {"angle": 45, "axis": "z", "origin": [8.75, 2.25, 8]},
			"faces": {
				"north": {"uv": [13.5, 1.5, 14, 2], "texture": "#0"},
				"east": {"uv": [2, 13.5, 2.5, 14], "texture": "#0"},
				"south": {"uv": [13.5, 2, 14, 2.5], "texture": "#0"},
				"west": {"uv": [2.5, 13.5, 3, 14], "texture": "#0"},
				"up": {"uv": [14, 3, 13.5, 2.5], "texture": "#0"},
				"down": {"uv": [3.5, 13.5, 3, 14], "texture": "#0"}
			}
		},
		{
			"from": [9.89645, 3.45711, 8.5],
			"to": [11.14645, 4.70711, 9.5],
			"rotation": {"angle": 45, "axis": "z", "origin": [8.75, 2.25, 8]},
			"faces": {
				"north": {"uv": [13.5, 3, 14, 3.5], "texture": "#0"},
				"east": {"uv": [3.5, 13.5, 4, 14], "texture": "#0"},
				"south": {"uv": [13.5, 3.5, 14, 4], "texture": "#0"},
				"west": {"uv": [4, 13.5, 4.5, 14], "texture": "#0"},
				"up": {"uv": [14, 4.5, 13.5, 4], "texture": "#0"},
				"down": {"uv": [5, 13.5, 4.5, 14], "texture": "#0"}
			}
		},
		{
			"from": [11.14645, 4.70711, 8.25],
			"to": [11.89645, 5.45711, 8.5],
			"rotation": {"angle": 45, "axis": "z", "origin": [8.75, 2.25, 8]},
			"faces": {
				"north": {"uv": [13.5, 4.5, 14, 5], "texture": "#0"},
				"east": {"uv": [5, 13.5, 5.5, 14], "texture": "#0"},
				"south": {"uv": [13.5, 5, 14, 5.5], "texture": "#0"},
				"west": {"uv": [5.5, 13.5, 6, 14], "texture": "#0"},
				"up": {"uv": [14, 6, 13.5, 5.5], "texture": "#0"},
				"down": {"uv": [6.5, 13.5, 6, 14], "texture": "#0"}
			}
		},
		{
			"from": [11.14645, 4.70711, 9.5],
			"to": [11.89645, 5.45711, 9.75],
			"rotation": {"angle": 45, "axis": "z", "origin": [8.75, 2.25, 8]},
			"faces": {
				"north": {"uv": [13.5, 6, 14, 6.5], "texture": "#0"},
				"east": {"uv": [6.5, 13.5, 7, 14], "texture": "#0"},
				"south": {"uv": [13.5, 6.5, 14, 7], "texture": "#0"},
				"west": {"uv": [7, 13.5, 7.5, 14], "texture": "#0"},
				"up": {"uv": [14, 7.5, 13.5, 7], "texture": "#0"},
				"down": {"uv": [8, 13.5, 7.5, 14], "texture": "#0"}
			}
		},
		{
			"from": [10.39645, 3.95711, 8.25],
			"to": [11.14645, 4.70711, 8.5],
			"rotation": {"angle": 45, "axis": "z", "origin": [8.75, 2.25, 8]},
			"faces": {
				"north": {"uv": [13.5, 7.5, 14, 8], "texture": "#0"},
				"east": {"uv": [8, 13.5, 8.5, 14], "texture": "#0"},
				"south": {"uv": [13.5, 8, 14, 8.5], "texture": "#0"},
				"west": {"uv": [8.5, 13.5, 9, 14], "texture": "#0"},
				"up": {"uv": [14, 9, 13.5, 8.5], "texture": "#0"},
				"down": {"uv": [9.5, 13.5, 9, 14], "texture": "#0"}
			}
		},
		{
			"from": [10.39645, 3.95711, 9.5],
			"to": [11.14645, 4.70711, 9.75],
			"rotation": {"angle": 45, "axis": "z", "origin": [8.75, 2.25, 8]},
			"faces": {
				"north": {"uv": [13.5, 9, 14, 9.5], "texture": "#0"},
				"east": {"uv": [9.5, 13.5, 10, 14], "texture": "#0"},
				"south": {"uv": [13.5, 9.5, 14, 10], "texture": "#0"},
				"west": {"uv": [10, 13.5, 10.5, 14], "texture": "#0"},
				"up": {"uv": [14, 10.5, 13.5, 10], "texture": "#0"},
				"down": {"uv": [11, 13.5, 10.5, 14], "texture": "#0"}
			}
		},
		{
			"from": [9.64645, 3.20711, 8.25],
			"to": [10.39645, 3.95711, 8.5],
			"rotation": {"angle": 45, "axis": "z", "origin": [8.75, 2.25, 8]},
			"faces": {
				"north": {"uv": [13.5, 10.5, 14, 11], "texture": "#0"},
				"east": {"uv": [11, 13.5, 11.5, 14], "texture": "#0"},
				"south": {"uv": [13.5, 11, 14, 11.5], "texture": "#0"},
				"west": {"uv": [11.5, 13.5, 12, 14], "texture": "#0"},
				"up": {"uv": [14, 12, 13.5, 11.5], "texture": "#0"},
				"down": {"uv": [12.5, 13.5, 12, 14], "texture": "#0"}
			}
		},
		{
			"from": [9.64645, 3.20711, 9.5],
			"to": [10.39645, 3.95711, 9.75],
			"rotation": {"angle": 45, "axis": "z", "origin": [8.75, 2.25, 8]},
			"faces": {
				"north": {"uv": [13.5, 12, 14, 12.5], "texture": "#0"},
				"east": {"uv": [12.5, 13.5, 13, 14], "texture": "#0"},
				"south": {"uv": [13.5, 12.5, 14, 13], "texture": "#0"},
				"west": {"uv": [13, 13.5, 13.5, 14], "texture": "#0"},
				"up": {"uv": [14, 13.5, 13.5, 13], "texture": "#0"},
				"down": {"uv": [14, 13.5, 13.5, 14], "texture": "#0"}
			}
		},
		{
			"from": [10.39645, 3.70711, 8.25],
			"to": [10.64645, 3.95711, 8.5],
			"rotation": {"angle": 45, "axis": "z", "origin": [8.75, 2.25, 8]},
			"faces": {
				"north": {"uv": [0, 14, 0.5, 14.5], "texture": "#0"},
				"east": {"uv": [14, 0, 14.5, 0.5], "texture": "#0"},
				"south": {"uv": [0.5, 14, 1, 14.5], "texture": "#0"},
				"west": {"uv": [14, 0.5, 14.5, 1], "texture": "#0"},
				"up": {"uv": [1.5, 14.5, 1, 14], "texture": "#0"},
				"down": {"uv": [14.5, 1, 14, 1.5], "texture": "#0"}
			}
		},
		{
			"from": [10.39645, 3.70711, 9.5],
			"to": [10.64645, 3.95711, 9.75],
			"rotation": {"angle": 45, "axis": "z", "origin": [8.75, 2.25, 8]},
			"faces": {
				"north": {"uv": [1.5, 14, 2, 14.5], "texture": "#0"},
				"east": {"uv": [14, 1.5, 14.5, 2], "texture": "#0"},
				"south": {"uv": [2, 14, 2.5, 14.5], "texture": "#0"},
				"west": {"uv": [14, 2, 14.5, 2.5], "texture": "#0"},
				"up": {"uv": [3, 14.5, 2.5, 14], "texture": "#0"},
				"down": {"uv": [14.5, 2.5, 14, 3], "texture": "#0"}
			}
		},
		{
			"from": [10.14645, 3.95711, 8.25],
			"to": [10.39645, 4.20711, 8.5],
			"rotation": {"angle": 45, "axis": "z", "origin": [8.75, 2.25, 8]},
			"faces": {
				"north": {"uv": [3, 14, 3.5, 14.5], "texture": "#0"},
				"east": {"uv": [14, 3, 14.5, 3.5], "texture": "#0"},
				"south": {"uv": [3.5, 14, 4, 14.5], "texture": "#0"},
				"west": {"uv": [14, 3.5, 14.5, 4], "texture": "#0"},
				"up": {"uv": [4.5, 14.5, 4, 14], "texture": "#0"},
				"down": {"uv": [14.5, 4, 14, 4.5], "texture": "#0"}
			}
		},
		{
			"from": [10.14645, 3.95711, 9.5],
			"to": [10.39645, 4.20711, 9.75],
			"rotation": {"angle": 45, "axis": "z", "origin": [8.75, 2.25, 8]},
			"faces": {
				"north": {"uv": [4.5, 14, 5, 14.5], "texture": "#0"},
				"east": {"uv": [14, 4.5, 14.5, 5], "texture": "#0"},
				"south": {"uv": [5, 14, 5.5, 14.5], "texture": "#0"},
				"west": {"uv": [14, 5, 14.5, 5.5], "texture": "#0"},
				"up": {"uv": [6, 14.5, 5.5, 14], "texture": "#0"},
				"down": {"uv": [14.5, 5.5, 14, 6], "texture": "#0"}
			}
		},
		{
			"from": [9.89645, 2.95711, 9.5],
			"to": [10.14645, 3.20711, 9.75],
			"rotation": {"angle": 45, "axis": "z", "origin": [8.75, 2.25, 8]},
			"faces": {
				"north": {"uv": [6, 14, 6.5, 14.5], "texture": "#0"},
				"east": {"uv": [14, 6, 14.5, 6.5], "texture": "#0"},
				"south": {"uv": [6.5, 14, 7, 14.5], "texture": "#0"},
				"west": {"uv": [14, 6.5, 14.5, 7], "texture": "#0"},
				"up": {"uv": [7.5, 14.5, 7, 14], "texture": "#0"},
				"down": {"uv": [14.5, 7, 14, 7.5], "texture": "#0"}
			}
		},
		{
			"from": [9.89645, 2.95711, 8.25],
			"to": [10.14645, 3.20711, 8.5],
			"rotation": {"angle": 45, "axis": "z", "origin": [8.75, 2.25, 8]},
			"faces": {
				"north": {"uv": [7.5, 14, 8, 14.5], "texture": "#0"},
				"east": {"uv": [14, 7.5, 14.5, 8], "texture": "#0"},
				"south": {"uv": [8, 14, 8.5, 14.5], "texture": "#0"},
				"west": {"uv": [14, 8, 14.5, 8.5], "texture": "#0"},
				"up": {"uv": [9, 14.5, 8.5, 14], "texture": "#0"},
				"down": {"uv": [14.5, 8.5, 14, 9], "texture": "#0"}
			}
		},
		{
			"from": [9.39645, 3.45711, 8.25],
			"to": [9.64645, 3.70711, 8.5],
			"rotation": {"angle": 45, "axis": "z", "origin": [8.75, 2.25, 8]},
			"faces": {
				"north": {"uv": [9, 14, 9.5, 14.5], "texture": "#0"},
				"east": {"uv": [14, 9, 14.5, 9.5], "texture": "#0"},
				"south": {"uv": [9.5, 14, 10, 14.5], "texture": "#0"},
				"west": {"uv": [14, 9.5, 14.5, 10], "texture": "#0"},
				"up": {"uv": [10.5, 14.5, 10, 14], "texture": "#0"},
				"down": {"uv": [14.5, 10, 14, 10.5], "texture": "#0"}
			}
		},
		{
			"from": [9.39645, 3.45711, 9.5],
			"to": [9.64645, 3.70711, 9.75],
			"rotation": {"angle": 45, "axis": "z", "origin": [8.75, 2.25, 8]},
			"faces": {
				"north": {"uv": [10.5, 14, 11, 14.5], "texture": "#0"},
				"east": {"uv": [14, 10.5, 14.5, 11], "texture": "#0"},
				"south": {"uv": [11, 14, 11.5, 14.5], "texture": "#0"},
				"west": {"uv": [14, 11, 14.5, 11.5], "texture": "#0"},
				"up": {"uv": [12, 14.5, 11.5, 14], "texture": "#0"},
				"down": {"uv": [14.5, 11.5, 14, 12], "texture": "#0"}
			}
		},
		{
			"from": [10.89645, 4.70711, 8.25],
			"to": [11.14645, 4.95711, 8.5],
			"rotation": {"angle": 45, "axis": "z", "origin": [8.75, 2.25, 8]},
			"faces": {
				"north": {"uv": [12, 14, 12.5, 14.5], "texture": "#0"},
				"east": {"uv": [14, 12, 14.5, 12.5], "texture": "#0"},
				"south": {"uv": [12.5, 14, 13, 14.5], "texture": "#0"},
				"west": {"uv": [14, 12.5, 14.5, 13], "texture": "#0"},
				"up": {"uv": [13.5, 14.5, 13, 14], "texture": "#0"},
				"down": {"uv": [14.5, 13, 14, 13.5], "texture": "#0"}
			}
		},
		{
			"from": [11.64645, 5.45711, 8.25],
			"to": [11.89645, 5.70711, 8.5],
			"rotation": {"angle": 45, "axis": "z", "origin": [8.75, 2.25, 8]},
			"faces": {
				"north": {"uv": [13.5, 14, 14, 14.5], "texture": "#0"},
				"east": {"uv": [14, 13.5, 14.5, 14], "texture": "#0"},
				"south": {"uv": [14, 14, 14.5, 14.5], "texture": "#0"},
				"west": {"uv": [0, 14.5, 0.5, 15], "texture": "#0"},
				"up": {"uv": [15, 0.5, 14.5, 0], "texture": "#0"},
				"down": {"uv": [1, 14.5, 0.5, 15], "texture": "#0"}
			}
		},
		{
			"from": [11.89645, 5.20711, 8.25],
			"to": [12.14645, 5.45711, 8.5],
			"rotation": {"angle": 45, "axis": "z", "origin": [8.75, 2.25, 8]},
			"faces": {
				"north": {"uv": [14.5, 0.5, 15, 1], "texture": "#0"},
				"east": {"uv": [1, 14.5, 1.5, 15], "texture": "#0"},
				"south": {"uv": [14.5, 1, 15, 1.5], "texture": "#0"},
				"west": {"uv": [1.5, 14.5, 2, 15], "texture": "#0"},
				"up": {"uv": [15, 2, 14.5, 1.5], "texture": "#0"},
				"down": {"uv": [2.5, 14.5, 2, 15], "texture": "#0"}
			}
		},
		{
			"from": [11.89645, 5.20711, 9.5],
			"to": [12.14645, 5.45711, 9.75],
			"rotation": {"angle": 45, "axis": "z", "origin": [8.75, 2.25, 8]},
			"faces": {
				"north": {"uv": [14.5, 2, 15, 2.5], "texture": "#0"},
				"east": {"uv": [2.5, 14.5, 3, 15], "texture": "#0"},
				"south": {"uv": [14.5, 2.5, 15, 3], "texture": "#0"},
				"west": {"uv": [3, 14.5, 3.5, 15], "texture": "#0"},
				"up": {"uv": [15, 3.5, 14.5, 3], "texture": "#0"},
				"down": {"uv": [4, 14.5, 3.5, 15], "texture": "#0"}
			}
		},
		{
			"from": [11.64645, 5.45711, 9.5],
			"to": [11.89645, 5.70711, 9.75],
			"rotation": {"angle": 45, "axis": "z", "origin": [8.75, 2.25, 8]},
			"faces": {
				"north": {"uv": [14.5, 3.5, 15, 4], "texture": "#0"},
				"east": {"uv": [4, 14.5, 4.5, 15], "texture": "#0"},
				"south": {"uv": [14.5, 4, 15, 4.5], "texture": "#0"},
				"west": {"uv": [4.5, 14.5, 5, 15], "texture": "#0"},
				"up": {"uv": [15, 5, 14.5, 4.5], "texture": "#0"},
				"down": {"uv": [5.5, 14.5, 5, 15], "texture": "#0"}
			}
		},
		{
			"from": [11.14645, 4.45711, 8.25],
			"to": [11.39645, 4.70711, 8.5],
			"rotation": {"angle": 45, "axis": "z", "origin": [8.75, 2.25, 8]},
			"faces": {
				"north": {"uv": [14.5, 5, 15, 5.5], "texture": "#0"},
				"east": {"uv": [5.5, 14.5, 6, 15], "texture": "#0"},
				"south": {"uv": [14.5, 5.5, 15, 6], "texture": "#0"},
				"west": {"uv": [6, 14.5, 6.5, 15], "texture": "#0"},
				"up": {"uv": [15, 6.5, 14.5, 6], "texture": "#0"},
				"down": {"uv": [7, 14.5, 6.5, 15], "texture": "#0"}
			}
		},
		{
			"from": [11.14645, 3.95711, 8.75],
			"to": [11.39645, 4.20711, 9.25],
			"rotation": {"angle": 45, "axis": "z", "origin": [8.75, 2.25, 8]},
			"faces": {
				"north": {"uv": [14.5, 6.5, 15, 7], "texture": "#0"},
				"east": {"uv": [7, 14.5, 7.5, 15], "texture": "#0"},
				"south": {"uv": [14.5, 7, 15, 7.5], "texture": "#0"},
				"west": {"uv": [7.5, 14.5, 8, 15], "texture": "#0"},
				"up": {"uv": [15, 8, 14.5, 7.5], "texture": "#0"},
				"down": {"uv": [8.5, 14.5, 8, 15], "texture": "#0"}
			}
		},
		{
			"from": [10.39645, 4.70711, 8.75],
			"to": [10.64645, 4.95711, 9.25],
			"rotation": {"angle": 45, "axis": "z", "origin": [8.75, 2.25, 8]},
			"faces": {
				"north": {"uv": [14.5, 8, 15, 8.5], "texture": "#0"},
				"east": {"uv": [8.5, 14.5, 9, 15], "texture": "#0"},
				"south": {"uv": [14.5, 8.5, 15, 9], "texture": "#0"},
				"west": {"uv": [9, 14.5, 9.5, 15], "texture": "#0"},
				"up": {"uv": [15, 9.5, 14.5, 9], "texture": "#0"},
				"down": {"uv": [10, 14.5, 9.5, 15], "texture": "#0"}
			}
		},
		{
			"from": [9.64645, 3.95711, 8.75],
			"to": [9.89645, 4.20711, 9.25],
			"rotation": {"angle": 45, "axis": "z", "origin": [8.75, 2.25, 8]},
			"faces": {
				"north": {"uv": [14.5, 9.5, 15, 10], "texture": "#0"},
				"east": {"uv": [10, 14.5, 10.5, 15], "texture": "#0"},
				"south": {"uv": [14.5, 10, 15, 10.5], "texture": "#0"},
				"west": {"uv": [10.5, 14.5, 11, 15], "texture": "#0"},
				"up": {"uv": [15, 11, 14.5, 10.5], "texture": "#0"},
				"down": {"uv": [11.5, 14.5, 11, 15], "texture": "#0"}
			}
		},
		{
			"from": [8.89645, 3.45711, 8.75],
			"to": [9.14645, 3.70711, 9.25],
			"rotation": {"angle": 45, "axis": "z", "origin": [8.75, 2.25, 8]},
			"faces": {
				"north": {"uv": [14.5, 11, 15, 11.5], "texture": "#0"},
				"east": {"uv": [11.5, 14.5, 12, 15], "texture": "#0"},
				"south": {"uv": [14.5, 11.5, 15, 12], "texture": "#0"},
				"west": {"uv": [12, 14.5, 12.5, 15], "texture": "#0"},
				"up": {"uv": [15, 12.5, 14.5, 12], "texture": "#0"},
				"down": {"uv": [13, 14.5, 12.5, 15], "texture": "#0"}
			}
		},
		{
			"from": [11.89645, 4.70711, 8.75],
			"to": [12.14645, 4.95711, 9.25],
			"rotation": {"angle": 45, "axis": "z", "origin": [8.75, 2.25, 8]},
			"faces": {
				"north": {"uv": [14.5, 12.5, 15, 13], "texture": "#0"},
				"east": {"uv": [13, 14.5, 13.5, 15], "texture": "#0"},
				"south": {"uv": [14.5, 13, 15, 13.5], "texture": "#0"},
				"west": {"uv": [13.5, 14.5, 14, 15], "texture": "#0"},
				"up": {"uv": [15, 14, 14.5, 13.5], "texture": "#0"},
				"down": {"uv": [14.5, 14.5, 14, 15], "texture": "#0"}
			}
		},
		{
			"from": [11.14645, 5.45711, 8.75],
			"to": [11.39645, 5.70711, 9.25],
			"rotation": {"angle": 45, "axis": "z", "origin": [8.75, 2.25, 8]},
			"faces": {
				"north": {"uv": [14.5, 14, 15, 14.5], "texture": "#0"},
				"east": {"uv": [14.5, 14.5, 15, 15], "texture": "#0"},
				"south": {"uv": [0, 15, 0.5, 15.5], "texture": "#0"},
				"west": {"uv": [15, 0, 15.5, 0.5], "texture": "#0"},
				"up": {"uv": [1, 15.5, 0.5, 15], "texture": "#0"},
				"down": {"uv": [15.5, 0.5, 15, 1], "texture": "#0"}
			}
		},
		{
			"from": [10.39645, 3.20711, 8.75],
			"to": [10.64645, 3.45711, 9.25],
			"rotation": {"angle": 45, "axis": "z", "origin": [8.75, 2.25, 8]},
			"faces": {
				"north": {"uv": [1, 15, 1.5, 15.5], "texture": "#0"},
				"east": {"uv": [15, 1, 15.5, 1.5], "texture": "#0"},
				"south": {"uv": [1.5, 15, 2, 15.5], "texture": "#0"},
				"west": {"uv": [15, 1.5, 15.5, 2], "texture": "#0"},
				"up": {"uv": [2.5, 15.5, 2, 15], "texture": "#0"},
				"down": {"uv": [15.5, 2, 15, 2.5], "texture": "#0"}
			}
		},
		{
			"from": [9.89645, 2.45711, 8.75],
			"to": [10.14645, 2.70711, 9.25],
			"rotation": {"angle": 45, "axis": "z", "origin": [8.75, 2.25, 8]},
			"faces": {
				"north": {"uv": [2.5, 15, 3, 15.5], "texture": "#0"},
				"east": {"uv": [15, 2.5, 15.5, 3], "texture": "#0"},
				"south": {"uv": [3, 15, 3.5, 15.5], "texture": "#0"},
				"west": {"uv": [15, 3, 15.5, 3.5], "texture": "#0"},
				"up": {"uv": [4, 15.5, 3.5, 15], "texture": "#0"},
				"down": {"uv": [15.5, 3.5, 15, 4], "texture": "#0"}
			}
		},
		{
			"from": [11.14645, 4.45711, 9.5],
			"to": [11.39645, 4.70711, 9.75],
			"rotation": {"angle": 45, "axis": "z", "origin": [8.75, 2.25, 8]},
			"faces": {
				"north": {"uv": [4, 15, 4.5, 15.5], "texture": "#0"},
				"east": {"uv": [15, 4, 15.5, 4.5], "texture": "#0"},
				"south": {"uv": [4.5, 15, 5, 15.5], "texture": "#0"},
				"west": {"uv": [15, 4.5, 15.5, 5], "texture": "#0"},
				"up": {"uv": [5.5, 15.5, 5, 15], "texture": "#0"},
				"down": {"uv": [15.5, 5, 15, 5.5], "texture": "#0"}
			}
		},
		{
			"from": [10.89645, 4.70711, 9.5],
			"to": [11.14645, 4.95711, 9.75],
			"rotation": {"angle": 45, "axis": "z", "origin": [8.75, 2.25, 8]},
			"faces": {
				"north": {"uv": [5.5, 15, 6, 15.5], "texture": "#0"},
				"east": {"uv": [15, 5.5, 15.5, 6], "texture": "#0"},
				"south": {"uv": [6, 15, 6.5, 15.5], "texture": "#0"},
				"west": {"uv": [15, 6, 15.5, 6.5], "texture": "#0"},
				"up": {"uv": [7, 15.5, 6.5, 15], "texture": "#0"},
				"down": {"uv": [15.5, 6.5, 15, 7], "texture": "#0"}
			}
		},
		{
			"from": [11.39645, 4.95711, 8.5],
			"to": [12.64645, 6.20711, 9.5],
			"rotation": {"angle": 45, "axis": "z", "origin": [8.75, 2.25, 8]},
			"faces": {
				"north": {"uv": [7, 15, 7.5, 15.5], "texture": "#0"},
				"east": {"uv": [15, 7, 15.5, 7.5], "texture": "#0"},
				"south": {"uv": [7.5, 15, 8, 15.5], "texture": "#0"},
				"west": {"uv": [15, 7.5, 15.5, 8], "texture": "#0"},
				"up": {"uv": [8.5, 15.5, 8, 15], "texture": "#0"},
				"down": {"uv": [15.5, 8, 15, 8.5], "texture": "#0"}
			}
		},
		{
			"from": [11.89645, 5.45711, 8.25],
			"to": [13.64645, 7.20711, 9.75],
			"rotation": {"angle": 45, "axis": "z", "origin": [8.75, 2.25, 8]},
			"faces": {
				"north": {"uv": [3, 1, 4, 2], "texture": "#0"},
				"east": {"uv": [2, 3, 3, 4], "texture": "#0"},
				"south": {"uv": [3, 2, 4, 3], "texture": "#0"},
				"west": {"uv": [3, 3, 4, 4], "texture": "#0"},
				"up": {"uv": [1, 5, 0, 4], "texture": "#0"},
				"down": {"uv": [5, 0, 4, 1], "texture": "#0"}
			}
		},
		{
			"from": [8.14645, 1.20711, 8.75],
			"to": [9.89645, 1.70711, 9.25],
			"rotation": {"angle": 45, "axis": "z", "origin": [8.75, 2.25, 8.75]},
			"faces": {
				"north": {"uv": [5.5, 4, 6.5, 4.5], "texture": "#0"},
				"east": {"uv": [8.5, 15, 9, 15.5], "texture": "#0"},
				"south": {"uv": [5, 5.5, 6, 6], "texture": "#0"},
				"west": {"uv": [15, 8.5, 15.5, 9], "texture": "#0"},
				"up": {"uv": [1, 6.5, 0, 6], "texture": "#0"},
				"down": {"uv": [7, 0, 6, 0.5], "texture": "#0"}
			}
		},
		{
			"from": [7.53033, 1.11612, 8.75],
			"to": [9.28033, 1.61612, 9.25],
			"rotation": {"angle": -45, "axis": "z", "origin": [8.53033, 1.61612, 8.75]},
			"faces": {
				"north": {"uv": [6, 0.5, 7, 1], "texture": "#0"},
				"east": {"uv": [9, 15, 9.5, 15.5], "texture": "#0"},
				"south": {"uv": [1, 6, 2, 6.5], "texture": "#0"},
				"west": {"uv": [15, 9, 15.5, 9.5], "texture": "#0"},
				"up": {"uv": [7, 1.5, 6, 1], "texture": "#0"},
				"down": {"uv": [7, 1.5, 6, 2], "texture": "#0"}
			}
		},
		{
			"from": [7.64645, 2.95711, 8.75],
			"to": [9.39645, 3.45711, 9.25],
			"rotation": {"angle": 45, "axis": "z", "origin": [8.75, 2.25, 8.75]},
			"faces": {
				"north": {"uv": [2, 6, 3, 6.5], "texture": "#0"},
				"east": {"uv": [9.5, 15, 10, 15.5], "texture": "#0"},
				"south": {"uv": [6, 2, 7, 2.5], "texture": "#0"},
				"west": {"uv": [15, 9.5, 15.5, 10], "texture": "#0"},
				"up": {"uv": [4, 6.5, 3, 6], "texture": "#0"},
				"down": {"uv": [5, 6, 4, 6.5], "texture": "#0"}
			}
		},
		{
			"from": [7.03033, 2.86612, 8.75],
			"to": [8.78033, 3.36612, 9.25],
			"rotation": {"angle": -45, "axis": "z", "origin": [8.53033, 1.61612, 8.75]},
			"faces": {
				"north": {"uv": [6, 4.5, 7, 5], "texture": "#0"},
				"east": {"uv": [10, 15, 10.5, 15.5], "texture": "#0"},
				"south": {"uv": [5, 6, 6, 6.5], "texture": "#0"},
				"west": {"uv": [15, 10, 15.5, 10.5], "texture": "#0"},
				"up": {"uv": [7, 5.5, 6, 5], "texture": "#0"},
				"down": {"uv": [7, 5.5, 6, 6], "texture": "#0"}
			}
		},
		{
			"from": [8.14645, 1.20711, 8.25],
			"to": [9.89645, 1.70711, 8.75],
			"rotation": {"angle": 45, "axis": "z", "origin": [8.75, 2.25, 8.25]},
			"faces": {
				"north": {"uv": [6, 6, 7, 6.5], "texture": "#0"},
				"east": {"uv": [10.5, 15, 11, 15.5], "texture": "#0"},
				"south": {"uv": [0, 6.5, 1, 7], "texture": "#0"},
				"west": {"uv": [15, 10.5, 15.5, 11], "texture": "#0"},
				"up": {"uv": [2, 7, 1, 6.5], "texture": "#0"},
				"down": {"uv": [3, 6.5, 2, 7], "texture": "#0"}
			}
		},
		{
			"from": [7.53033, 1.11612, 8.25],
			"to": [9.28033, 1.61612, 8.75],
			"rotation": {"angle": -45, "axis": "z", "origin": [8.53033, 1.61612, 8.25]},
			"faces": {
				"north": {"uv": [6.5, 2.5, 7.5, 3], "texture": "#0"},
				"east": {"uv": [11, 15, 11.5, 15.5], "texture": "#0"},
				"south": {"uv": [3, 6.5, 4, 7], "texture": "#0"},
				"west": {"uv": [15, 11, 15.5, 11.5], "texture": "#0"},
				"up": {"uv": [7.5, 3.5, 6.5, 3], "texture": "#0"},
				"down": {"uv": [7.5, 3.5, 6.5, 4], "texture": "#0"}
			}
		},
		{
			"from": [7.03033, 2.86612, 8.25],
			"to": [8.78033, 3.36612, 8.75],
			"rotation": {"angle": -45, "axis": "z", "origin": [8.53033, 1.61612, 8.25]},
			"faces": {
				"north": {"uv": [4, 6.5, 5, 7], "texture": "#0"},
				"east": {"uv": [11.5, 15, 12, 15.5], "texture": "#0"},
				"south": {"uv": [6.5, 4, 7.5, 4.5], "texture": "#0"},
				"west": {"uv": [15, 11.5, 15.5, 12], "texture": "#0"},
				"up": {"uv": [6, 7, 5, 6.5], "texture": "#0"},
				"down": {"uv": [7, 6.5, 6, 7], "texture": "#0"}
			}
		},
		{
			"from": [7.64645, 2.95711, 8.25],
			"to": [9.39645, 3.45711, 8.75],
			"rotation": {"angle": 45, "axis": "z", "origin": [8.75, 2.25, 8.25]},
			"faces": {
				"north": {"uv": [0, 7, 1, 7.5], "texture": "#0"},
				"east": {"uv": [12, 15, 12.5, 15.5], "texture": "#0"},
				"south": {"uv": [7, 0, 8, 0.5], "texture": "#0"},
				"west": {"uv": [15, 12, 15.5, 12.5], "texture": "#0"},
				"up": {"uv": [8, 1, 7, 0.5], "texture": "#0"},
				"down": {"uv": [2, 7, 1, 7.5], "texture": "#0"}
			}
		},
		{
			"from": [13.39645, 6.95711, 9],
			"to": [14.39645, 7.95711, 9.25],
			"rotation": {"angle": 45, "axis": "z", "origin": [8.75, 2.25, 8]},
			"faces": {
				"north": {"uv": [3, 7.5, 3.5, 8], "texture": "#0"},
				"east": {"uv": [3.5, 7.5, 4, 8], "texture": "#0"},
				"south": {"uv": [7.5, 3.5, 8, 4], "texture": "#0"},
				"west": {"uv": [4, 7.5, 4.5, 8], "texture": "#0"},
				"up": {"uv": [8, 4.5, 7.5, 4], "texture": "#0"},
				"down": {"uv": [5, 7.5, 4.5, 8], "texture": "#0"}
			}
		},
		{
			"from": [14.39645, 7.95711, 9],
			"to": [15.39645, 8.95711, 9.25],
			"rotation": {"angle": 45, "axis": "z", "origin": [8.75, 2.25, 8]},
			"faces": {
				"north": {"uv": [5, 7.5, 5.5, 8], "texture": "#0"},
				"east": {"uv": [7.5, 5, 8, 5.5], "texture": "#0"},
				"south": {"uv": [5.5, 7.5, 6, 8], "texture": "#0"},
				"west": {"uv": [7.5, 5.5, 8, 6], "texture": "#0"},
				"up": {"uv": [8, 6.5, 7.5, 6], "texture": "#0"},
				"down": {"uv": [8, 6.5, 7.5, 7], "texture": "#0"}
			}
		},
		{
			"from": [14.39645, 7.45711, 9],
			"to": [14.89645, 7.95711, 9.25],
			"rotation": {"angle": 45, "axis": "z", "origin": [8.75, 2.25, 8]},
			"faces": {
				"north": {"uv": [7.5, 7, 8, 7.5], "texture": "#0"},
				"east": {"uv": [7.5, 7.5, 8, 8], "texture": "#0"},
				"south": {"uv": [8, 0, 8.5, 0.5], "texture": "#0"},
				"west": {"uv": [8, 0.5, 8.5, 1], "texture": "#0"},
				"up": {"uv": [8.5, 1.5, 8, 1], "texture": "#0"},
				"down": {"uv": [8.5, 1.5, 8, 2], "texture": "#0"}
			}
		},
		{
			"from": [13.89645, 7.95711, 9],
			"to": [14.39645, 8.45711, 9.25],
			"rotation": {"angle": 45, "axis": "z", "origin": [8.75, 2.25, 8]},
			"faces": {
				"north": {"uv": [8, 2, 8.5, 2.5], "texture": "#0"},
				"east": {"uv": [8, 2.5, 8.5, 3], "texture": "#0"},
				"south": {"uv": [3, 8, 3.5, 8.5], "texture": "#0"},
				"west": {"uv": [8, 3, 8.5, 3.5], "texture": "#0"},
				"up": {"uv": [4, 8.5, 3.5, 8], "texture": "#0"},
				"down": {"uv": [8.5, 3.5, 8, 4], "texture": "#0"}
			}
		},
		{
			"from": [15.39645, 7.45711, 9],
			"to": [15.89645, 7.95711, 9],
			"rotation": {"angle": 45, "axis": "z", "origin": [8.75, 2.25, 8]},
			"faces": {
				"north": {"uv": [4, 8, 4.5, 8.5], "texture": "#0"},
				"east": {"uv": [0, 0, 0, 0.5], "texture": "#0"},
				"south": {"uv": [8, 4, 8.5, 4.5], "texture": "#0"},
				"west": {"uv": [0, 0, 0, 0.5], "texture": "#0"},
				"up": {"uv": [0.5, 0, 0, 0], "texture": "#0"},
				"down": {"uv": [0.5, 0, 0, 0], "texture": "#0"}
			}
		},
		{
			"from": [15.39645, 7.95711, 9],
			"to": [16.39645, 8.95711, 9],
			"rotation": {"angle": 45, "axis": "z", "origin": [8.75, 2.25, 8]},
			"faces": {
				"north": {"uv": [4.5, 8, 5, 8.5], "texture": "#0"},
				"east": {"uv": [0, 0, 0, 0.5], "texture": "#0"},
				"south": {"uv": [8, 4.5, 8.5, 5], "texture": "#0"},
				"west": {"uv": [0, 0, 0, 0.5], "texture": "#0"},
				"up": {"uv": [0.5, 0, 0, 0], "texture": "#0"},
				"down": {"uv": [0.5, 0, 0, 0], "texture": "#0"}
			}
		},
		{
			"from": [16.39645, 8.45711, 9],
			"to": [16.89645, 8.95711, 9],
			"rotation": {"angle": 45, "axis": "z", "origin": [8.75, 2.25, 8]},
			"faces": {
				"north": {"uv": [5, 8, 5.5, 8.5], "texture": "#0"},
				"east": {"uv": [0, 0, 0, 0.5], "texture": "#0"},
				"south": {"uv": [8, 5, 8.5, 5.5], "texture": "#0"},
				"west": {"uv": [0, 0, 0, 0.5], "texture": "#0"},
				"up": {"uv": [0.5, 0, 0, 0], "texture": "#0"},
				"down": {"uv": [0.5, 0, 0, 0], "texture": "#0"}
			}
		},
		{
			"from": [15.39645, 8.95711, 9],
			"to": [16.39645, 9.95711, 9.25],
			"rotation": {"angle": 45, "axis": "z", "origin": [8.75, 2.25, 8]},
			"faces": {
				"north": {"uv": [5.5, 8, 6, 8.5], "texture": "#0"},
				"east": {"uv": [8, 5.5, 8.5, 6], "texture": "#0"},
				"south": {"uv": [6, 8, 6.5, 8.5], "texture": "#0"},
				"west": {"uv": [8, 6, 8.5, 6.5], "texture": "#0"},
				"up": {"uv": [7, 8.5, 6.5, 8], "texture": "#0"},
				"down": {"uv": [8.5, 6.5, 8, 7], "texture": "#0"}
			}
		},
		{
			"from": [15.39645, 8.45711, 9],
			"to": [15.89645, 8.95711, 9.25],
			"rotation": {"angle": 45, "axis": "z", "origin": [8.75, 2.25, 8]},
			"faces": {
				"north": {"uv": [7, 8, 7.5, 8.5], "texture": "#0"},
				"east": {"uv": [8, 7, 8.5, 7.5], "texture": "#0"},
				"south": {"uv": [7.5, 8, 8, 8.5], "texture": "#0"},
				"west": {"uv": [8, 7.5, 8.5, 8], "texture": "#0"},
				"up": {"uv": [8.5, 8.5, 8, 8], "texture": "#0"},
				"down": {"uv": [0.5, 8.5, 0, 9], "texture": "#0"}
			}
		},
		{
			"from": [14.39645, 8.95711, 9],
			"to": [15.39645, 9.95711, 9],
			"rotation": {"angle": 45, "axis": "z", "origin": [8.75, 2.25, 8]},
			"faces": {
				"north": {"uv": [8.5, 0, 9, 0.5], "texture": "#0"},
				"east": {"uv": [0, 0, 0, 0.5], "texture": "#0"},
				"south": {"uv": [0.5, 8.5, 1, 9], "texture": "#0"},
				"west": {"uv": [0, 0, 0, 0.5], "texture": "#0"},
				"up": {"uv": [0.5, 0, 0, 0], "texture": "#0"},
				"down": {"uv": [0.5, 0, 0, 0], "texture": "#0"}
			}
		},
		{
			"from": [13.89645, 8.95711, 9],
			"to": [14.39645, 9.45711, 9],
			"rotation": {"angle": 45, "axis": "z", "origin": [8.75, 2.25, 8]},
			"faces": {
				"north": {"uv": [8.5, 0.5, 9, 1], "texture": "#0"},
				"east": {"uv": [0, 0, 0, 0.5], "texture": "#0"},
				"south": {"uv": [1, 8.5, 1.5, 9], "texture": "#0"},
				"west": {"uv": [0, 0, 0, 0.5], "texture": "#0"},
				"up": {"uv": [0.5, 0, 0, 0], "texture": "#0"},
				"down": {"uv": [0.5, 0, 0, 0], "texture": "#0"}
			}
		},
		{
			"from": [14.89645, 9.95711, 9],
			"to": [15.39645, 10.45711, 9],
			"rotation": {"angle": 45, "axis": "z", "origin": [8.75, 2.25, 8]},
			"faces": {
				"north": {"uv": [8.5, 1, 9, 1.5], "texture": "#0"},
				"east": {"uv": [0, 0, 0, 0.5], "texture": "#0"},
				"south": {"uv": [1.5, 8.5, 2, 9], "texture": "#0"},
				"west": {"uv": [0, 0, 0, 0.5], "texture": "#0"},
				"up": {"uv": [0.5, 0, 0, 0], "texture": "#0"},
				"down": {"uv": [0.5, 0, 0, 0], "texture": "#0"}
			}
		},
		{
			"from": [13.39645, 6.95711, 9],
			"to": [15.39645, 8.95711, 9],
			"rotation": {"angle": 45, "axis": "z", "origin": [8.75, 2.25, 8]},
			"faces": {
				"north": {"uv": [0, 0, 1, 1], "texture": "#0"},
				"east": {"uv": [0, 0, 0, 1], "texture": "#0"},
				"south": {"uv": [0, 1, 1, 2], "texture": "#0"},
				"west": {"uv": [0, 0, 0, 1], "texture": "#0"},
				"up": {"uv": [1, 0, 0, 0], "texture": "#0"},
				"down": {"uv": [1, 0, 0, 0], "texture": "#0"}
			}
		},
		{
			"from": [14.89645, 8.95711, 9],
			"to": [15.39645, 9.45711, 9.25],
			"rotation": {"angle": 45, "axis": "z", "origin": [8.75, 2.25, 8]},
			"faces": {
				"north": {"uv": [8.5, 1.5, 9, 2], "texture": "#0"},
				"east": {"uv": [2, 8.5, 2.5, 9], "texture": "#0"},
				"south": {"uv": [8.5, 2, 9, 2.5], "texture": "#0"},
				"west": {"uv": [2.5, 8.5, 3, 9], "texture": "#0"},
				"up": {"uv": [9, 3, 8.5, 2.5], "texture": "#0"},
				"down": {"uv": [3.5, 8.5, 3, 9], "texture": "#0"}
			}
		},
		{
			"from": [16.39645, 9.45711, 9],
			"to": [16.89645, 9.95711, 9.25],
			"rotation": {"angle": 45, "axis": "z", "origin": [8.75, 2.25, 8]},
			"faces": {
				"north": {"uv": [8.5, 3, 9, 3.5], "texture": "#0"},
				"east": {"uv": [3.5, 8.5, 4, 9], "texture": "#0"},
				"south": {"uv": [8.5, 3.5, 9, 4], "texture": "#0"},
				"west": {"uv": [4, 8.5, 4.5, 9], "texture": "#0"},
				"up": {"uv": [9, 4.5, 8.5, 4], "texture": "#0"},
				"down": {"uv": [5, 8.5, 4.5, 9], "texture": "#0"}
			}
		},
		{
			"from": [16.39645, 9.95711, 9],
			"to": [17.39645, 10.95711, 9.25],
			"rotation": {"angle": 45, "axis": "z", "origin": [8.75, 2.25, 8]},
			"faces": {
				"north": {"uv": [8.5, 4.5, 9, 5], "texture": "#0"},
				"east": {"uv": [5, 8.5, 5.5, 9], "texture": "#0"},
				"south": {"uv": [8.5, 5, 9, 5.5], "texture": "#0"},
				"west": {"uv": [5.5, 8.5, 6, 9], "texture": "#0"},
				"up": {"uv": [9, 6, 8.5, 5.5], "texture": "#0"},
				"down": {"uv": [6.5, 8.5, 6, 9], "texture": "#0"}
			}
		},
		{
			"from": [15.89645, 9.95711, 9],
			"to": [16.39645, 10.45711, 9.25],
			"rotation": {"angle": 45, "axis": "z", "origin": [8.75, 2.25, 8]},
			"faces": {
				"north": {"uv": [8.5, 6, 9, 6.5], "texture": "#0"},
				"east": {"uv": [6.5, 8.5, 7, 9], "texture": "#0"},
				"south": {"uv": [8.5, 6.5, 9, 7], "texture": "#0"},
				"west": {"uv": [7, 8.5, 7.5, 9], "texture": "#0"},
				"up": {"uv": [9, 7.5, 8.5, 7], "texture": "#0"},
				"down": {"uv": [8, 8.5, 7.5, 9], "texture": "#0"}
			}
		},
		{
			"from": [15.39645, 8.95711, 9],
			"to": [17.39645, 10.95711, 9],
			"rotation": {"angle": 45, "axis": "z", "origin": [8.75, 2.25, 8]},
			"faces": {
				"north": {"uv": [1, 0, 2, 1], "texture": "#0"},
				"east": {"uv": [0, 0, 0, 1], "texture": "#0"},
				"south": {"uv": [1, 1, 2, 2], "texture": "#0"},
				"west": {"uv": [0, 0, 0, 1], "texture": "#0"},
				"up": {"uv": [1, 0, 0, 0], "texture": "#0"},
				"down": {"uv": [1, 0, 0, 0], "texture": "#0"}
			}
		},
		{
			"from": [15.89645, 10.95711, 9],
			"to": [16.39645, 11.45711, 9],
			"rotation": {"angle": 45, "axis": "z", "origin": [8.75, 2.25, 8]},
			"faces": {
				"north": {"uv": [8.5, 7.5, 9, 8], "texture": "#0"},
				"east": {"uv": [0, 0, 0, 0.5], "texture": "#0"},
				"south": {"uv": [8, 8.5, 8.5, 9], "texture": "#0"},
				"west": {"uv": [0, 0, 0, 0.5], "texture": "#0"},
				"up": {"uv": [0.5, 0, 0, 0], "texture": "#0"},
				"down": {"uv": [0.5, 0, 0, 0], "texture": "#0"}
			}
		},
		{
			"from": [16.39645, 10.95711, 9],
			"to": [17.39645, 11.95711, 9],
			"rotation": {"angle": 45, "axis": "z", "origin": [8.75, 2.25, 8]},
			"faces": {
				"north": {"uv": [8.5, 8, 9, 8.5], "texture": "#0"},
				"east": {"uv": [0, 0, 0, 0.5], "texture": "#0"},
				"south": {"uv": [8.5, 8.5, 9, 9], "texture": "#0"},
				"west": {"uv": [0, 0, 0, 0.5], "texture": "#0"},
				"up": {"uv": [0.5, 0, 0, 0], "texture": "#0"},
				"down": {"uv": [0.5, 0, 0, 0], "texture": "#0"}
			}
		},
		{
			"from": [16.89645, 10.95711, 9],
			"to": [17.39645, 11.45711, 9.25],
			"rotation": {"angle": 45, "axis": "z", "origin": [8.75, 2.25, 8]},
			"faces": {
				"north": {"uv": [0, 9, 0.5, 9.5], "texture": "#0"},
				"east": {"uv": [9, 0, 9.5, 0.5], "texture": "#0"},
				"south": {"uv": [0.5, 9, 1, 9.5], "texture": "#0"},
				"west": {"uv": [9, 0.5, 9.5, 1], "texture": "#0"},
				"up": {"uv": [1.5, 9.5, 1, 9], "texture": "#0"},
				"down": {"uv": [9.5, 1, 9, 1.5], "texture": "#0"}
			}
		},
		{
			"from": [17.39645, 10.45711, 9],
			"to": [17.89645, 10.95711, 9.25],
			"rotation": {"angle": 45, "axis": "z", "origin": [8.75, 2.25, 8]},
			"faces": {
				"north": {"uv": [1.5, 9, 2, 9.5], "texture": "#0"},
				"east": {"uv": [9, 1.5, 9.5, 2], "texture": "#0"},
				"south": {"uv": [2, 9, 2.5, 9.5], "texture": "#0"},
				"west": {"uv": [9, 2, 9.5, 2.5], "texture": "#0"},
				"up": {"uv": [3, 9.5, 2.5, 9], "texture": "#0"},
				"down": {"uv": [9.5, 2.5, 9, 3], "texture": "#0"}
			}
		},
		{
			"from": [17.39645, 10.95711, 9],
			"to": [18.39645, 11.95711, 9.25],
			"rotation": {"angle": 45, "axis": "z", "origin": [8.75, 2.25, 8]},
			"faces": {
				"north": {"uv": [3, 9, 3.5, 9.5], "texture": "#0"},
				"east": {"uv": [9, 3, 9.5, 3.5], "texture": "#0"},
				"south": {"uv": [3.5, 9, 4, 9.5], "texture": "#0"},
				"west": {"uv": [9, 3.5, 9.5, 4], "texture": "#0"},
				"up": {"uv": [4.5, 9.5, 4, 9], "texture": "#0"},
				"down": {"uv": [9.5, 4, 9, 4.5], "texture": "#0"}
			}
		},
		{
			"from": [17.39645, 9.95711, 9],
			"to": [18.39645, 10.95711, 9],
			"rotation": {"angle": 45, "axis": "z", "origin": [8.75, 2.25, 8]},
			"faces": {
				"north": {"uv": [4.5, 9, 5, 9.5], "texture": "#0"},
				"east": {"uv": [0, 0, 0, 0.5], "texture": "#0"},
				"south": {"uv": [9, 4.5, 9.5, 5], "texture": "#0"},
				"west": {"uv": [0, 0, 0, 0.5], "texture": "#0"},
				"up": {"uv": [0.5, 0, 0, 0], "texture": "#0"},
				"down": {"uv": [0.5, 0, 0, 0], "texture": "#0"}
			}
		},
		{
			"from": [17.39645, 9.45711, 9],
			"to": [17.89645, 9.95711, 9],
			"rotation": {"angle": 45, "axis": "z", "origin": [8.75, 2.25, 8]},
			"faces": {
				"north": {"uv": [5, 9, 5.5, 9.5], "texture": "#0"},
				"east": {"uv": [0, 0, 0, 0.5], "texture": "#0"},
				"south": {"uv": [9, 5, 9.5, 5.5], "texture": "#0"},
				"west": {"uv": [0, 0, 0, 0.5], "texture": "#0"},
				"up": {"uv": [0.5, 0, 0, 0], "texture": "#0"},
				"down": {"uv": [0.5, 0, 0, 0], "texture": "#0"}
			}
		},
		{
			"from": [18.39645, 10.45711, 9],
			"to": [18.89645, 10.95711, 9],
			"rotation": {"angle": 45, "axis": "z", "origin": [8.75, 2.25, 8]},
			"faces": {
				"north": {"uv": [5.5, 9, 6, 9.5], "texture": "#0"},
				"east": {"uv": [0, 0, 0, 0.5], "texture": "#0"},
				"south": {"uv": [9, 5.5, 9.5, 6], "texture": "#0"},
				"west": {"uv": [0, 0, 0, 0.5], "texture": "#0"},
				"up": {"uv": [0.5, 0, 0, 0], "texture": "#0"},
				"down": {"uv": [0.5, 0, 0, 0], "texture": "#0"}
			}
		},
		{
			"from": [18.39645, 11.45711, 9],
			"to": [18.89645, 11.95711, 9.25],
			"rotation": {"angle": 45, "axis": "z", "origin": [8.75, 2.25, 8]},
			"faces": {
				"north": {"uv": [6, 9, 6.5, 9.5], "texture": "#0"},
				"east": {"uv": [9, 6, 9.5, 6.5], "texture": "#0"},
				"south": {"uv": [6.5, 9, 7, 9.5], "texture": "#0"},
				"west": {"uv": [9, 6.5, 9.5, 7], "texture": "#0"},
				"up": {"uv": [7.5, 9.5, 7, 9], "texture": "#0"},
				"down": {"uv": [9.5, 7, 9, 7.5], "texture": "#0"}
			}
		},
		{
			"from": [17.89645, 11.95711, 9],
			"to": [18.39645, 12.45711, 9.25],
			"rotation": {"angle": 45, "axis": "z", "origin": [8.75, 2.25, 8]},
			"faces": {
				"north": {"uv": [7.5, 9, 8, 9.5], "texture": "#0"},
				"east": {"uv": [9, 7.5, 9.5, 8], "texture": "#0"},
				"south": {"uv": [8, 9, 8.5, 9.5], "texture": "#0"},
				"west": {"uv": [9, 8, 9.5, 8.5], "texture": "#0"},
				"up": {"uv": [9, 9.5, 8.5, 9], "texture": "#0"},
				"down": {"uv": [9.5, 8.5, 9, 9], "texture": "#0"}
			}
		},
		{
			"from": [18.39645, 11.95711, 9],
			"to": [19.39645, 12.95711, 9.25],
			"rotation": {"angle": 45, "axis": "z", "origin": [8.75, 2.25, 8]},
			"faces": {
				"north": {"uv": [9, 9, 9.5, 9.5], "texture": "#0"},
				"east": {"uv": [0, 9.5, 0.5, 10], "texture": "#0"},
				"south": {"uv": [9.5, 0, 10, 0.5], "texture": "#0"},
				"west": {"uv": [0.5, 9.5, 1, 10], "texture": "#0"},
				"up": {"uv": [10, 1, 9.5, 0.5], "texture": "#0"},
				"down": {"uv": [1.5, 9.5, 1, 10], "texture": "#0"}
			}
		},
		{
			"from": [16.89645, 11.95711, 9],
			"to": [17.39645, 12.45711, 9],
			"rotation": {"angle": 45, "axis": "z", "origin": [8.75, 2.25, 8]},
			"faces": {
				"north": {"uv": [9.5, 1, 10, 1.5], "texture": "#0"},
				"east": {"uv": [0, 0, 0, 0.5], "texture": "#0"},
				"south": {"uv": [1.5, 9.5, 2, 10], "texture": "#0"},
				"west": {"uv": [0, 0, 0, 0.5], "texture": "#0"},
				"up": {"uv": [0.5, 0, 0, 0], "texture": "#0"},
				"down": {"uv": [0.5, 0, 0, 0], "texture": "#0"}
			}
		},
		{
			"from": [19.39645, 11.45711, 9],
			"to": [19.89645, 11.95711, 9],
			"rotation": {"angle": 45, "axis": "z", "origin": [8.75, 2.25, 8]},
			"faces": {
				"north": {"uv": [9.5, 1.5, 10, 2], "texture": "#0"},
				"east": {"uv": [0, 0, 0, 0.5], "texture": "#0"},
				"south": {"uv": [2, 9.5, 2.5, 10], "texture": "#0"},
				"west": {"uv": [0, 0, 0, 0.5], "texture": "#0"},
				"up": {"uv": [0.5, 0, 0, 0], "texture": "#0"},
				"down": {"uv": [0.5, 0, 0, 0], "texture": "#0"}
			}
		},
		{
			"from": [19.39645, 11.95711, 9],
			"to": [20.39645, 12.95711, 9],
			"rotation": {"angle": 45, "axis": "z", "origin": [8.75, 2.25, 8]},
			"faces": {
				"north": {"uv": [9.5, 2, 10, 2.5], "texture": "#0"},
				"east": {"uv": [0, 0, 0, 0.5], "texture": "#0"},
				"south": {"uv": [2.5, 9.5, 3, 10], "texture": "#0"},
				"west": {"uv": [0, 0, 0, 0.5], "texture": "#0"},
				"up": {"uv": [0.5, 0, 0, 0], "texture": "#0"},
				"down": {"uv": [0.5, 0, 0, 0], "texture": "#0"}
			}
		},
		{
			"from": [19.39645, 12.45711, 9],
			"to": [19.89645, 12.95711, 9.25],
			"rotation": {"angle": 45, "axis": "z", "origin": [8.75, 2.25, 8]},
			"faces": {
				"north": {"uv": [9.5, 2.5, 10, 3], "texture": "#0"},
				"east": {"uv": [3, 9.5, 3.5, 10], "texture": "#0"},
				"south": {"uv": [9.5, 3, 10, 3.5], "texture": "#0"},
				"west": {"uv": [3.5, 9.5, 4, 10], "texture": "#0"},
				"up": {"uv": [10, 4, 9.5, 3.5], "texture": "#0"},
				"down": {"uv": [4.5, 9.5, 4, 10], "texture": "#0"}
			}
		},
		{
			"from": [18.89645, 12.95711, 9],
			"to": [19.39645, 13.45711, 9.25],
			"rotation": {"angle": 45, "axis": "z", "origin": [8.75, 2.25, 8]},
			"faces": {
				"north": {"uv": [9.5, 4, 10, 4.5], "texture": "#0"},
				"east": {"uv": [4.5, 9.5, 5, 10], "texture": "#0"},
				"south": {"uv": [9.5, 4.5, 10, 5], "texture": "#0"},
				"west": {"uv": [5, 9.5, 5.5, 10], "texture": "#0"},
				"up": {"uv": [10, 5.5, 9.5, 5], "texture": "#0"},
				"down": {"uv": [6, 9.5, 5.5, 10], "texture": "#0"}
			}
		},
		{
			"from": [18.39645, 12.95711, 9],
			"to": [19.39645, 13.95711, 9],
			"rotation": {"angle": 45, "axis": "z", "origin": [8.75, 2.25, 8]},
			"faces": {
				"north": {"uv": [9.5, 5.5, 10, 6], "texture": "#0"},
				"east": {"uv": [0, 0, 0, 0.5], "texture": "#0"},
				"south": {"uv": [6, 9.5, 6.5, 10], "texture": "#0"},
				"west": {"uv": [0, 0, 0, 0.5], "texture": "#0"},
				"up": {"uv": [0.5, 0, 0, 0], "texture": "#0"},
				"down": {"uv": [0.5, 0, 0, 0], "texture": "#0"}
			}
		},
		{
			"from": [17.89645, 12.95711, 9],
			"to": [18.39645, 13.45711, 9],
			"rotation": {"angle": 45, "axis": "z", "origin": [8.75, 2.25, 8]},
			"faces": {
				"north": {"uv": [9.5, 6, 10, 6.5], "texture": "#0"},
				"east": {"uv": [0, 0, 0, 0.5], "texture": "#0"},
				"south": {"uv": [6.5, 9.5, 7, 10], "texture": "#0"},
				"west": {"uv": [0, 0, 0, 0.5], "texture": "#0"},
				"up": {"uv": [0.5, 0, 0, 0], "texture": "#0"},
				"down": {"uv": [0.5, 0, 0, 0], "texture": "#0"}
			}
		},
		{
			"from": [17.39645, 10.95711, 9],
			"to": [19.39645, 12.95711, 9],
			"rotation": {"angle": 45, "axis": "z", "origin": [8.75, 2.25, 8]},
			"faces": {
				"north": {"uv": [0, 2, 1, 3], "texture": "#0"},
				"east": {"uv": [0, 0, 0, 1], "texture": "#0"},
				"south": {"uv": [2, 0, 3, 1], "texture": "#0"},
				"west": {"uv": [0, 0, 0, 1], "texture": "#0"},
				"up": {"uv": [1, 0, 0, 0], "texture": "#0"},
				"down": {"uv": [1, 0, 0, 0], "texture": "#0"}
			}
		},
		{
			"from": [18.89645, 13.95711, 9],
			"to": [19.39645, 14.45711, 9],
			"rotation": {"angle": 45, "axis": "z", "origin": [8.75, 2.25, 8]},
			"faces": {
				"north": {"uv": [9.5, 6.5, 10, 7], "texture": "#0"},
				"east": {"uv": [0, 0, 0, 0.5], "texture": "#0"},
				"south": {"uv": [7, 9.5, 7.5, 10], "texture": "#0"},
				"west": {"uv": [0, 0, 0, 0.5], "texture": "#0"},
				"up": {"uv": [0.5, 0, 0, 0], "texture": "#0"},
				"down": {"uv": [0.5, 0, 0, 0], "texture": "#0"}
			}
		},
		{
			"from": [20.39645, 12.45711, 9],
			"to": [20.89645, 12.95711, 9],
			"rotation": {"angle": 45, "axis": "z", "origin": [8.75, 2.25, 8]},
			"faces": {
				"north": {"uv": [9.5, 7, 10, 7.5], "texture": "#0"},
				"east": {"uv": [0, 0, 0, 0.5], "texture": "#0"},
				"south": {"uv": [7.5, 9.5, 8, 10], "texture": "#0"},
				"west": {"uv": [0, 0, 0, 0.5], "texture": "#0"},
				"up": {"uv": [0.5, 0, 0, 0], "texture": "#0"},
				"down": {"uv": [0.5, 0, 0, 0], "texture": "#0"}
			}
		},
		{
			"from": [19.39645, 12.95711, 9],
			"to": [20.39645, 13.95711, 9.25],
			"rotation": {"angle": 45, "axis": "z", "origin": [8.75, 2.25, 8]},
			"faces": {
				"north": {"uv": [9.5, 7.5, 10, 8], "texture": "#0"},
				"east": {"uv": [8, 9.5, 8.5, 10], "texture": "#0"},
				"south": {"uv": [9.5, 8, 10, 8.5], "texture": "#0"},
				"west": {"uv": [8.5, 9.5, 9, 10], "texture": "#0"},
				"up": {"uv": [10, 9, 9.5, 8.5], "texture": "#0"},
				"down": {"uv": [9.5, 9.5, 9, 10], "texture": "#0"}
			}
		},
		{
			"from": [20.39645, 13.45711, 9],
			"to": [20.89645, 13.95711, 9.25],
			"rotation": {"angle": 45, "axis": "z", "origin": [8.75, 2.25, 8]},
			"faces": {
				"north": {"uv": [9.5, 9, 10, 9.5], "texture": "#0"},
				"east": {"uv": [9.5, 9.5, 10, 10], "texture": "#0"},
				"south": {"uv": [0, 10, 0.5, 10.5], "texture": "#0"},
				"west": {"uv": [10, 0, 10.5, 0.5], "texture": "#0"},
				"up": {"uv": [1, 10.5, 0.5, 10], "texture": "#0"},
				"down": {"uv": [10.5, 0.5, 10, 1], "texture": "#0"}
			}
		},
		{
			"from": [21.39645, 13.45711, 9],
			"to": [21.89645, 13.95711, 9],
			"rotation": {"angle": 45, "axis": "z", "origin": [8.75, 2.25, 8]},
			"faces": {
				"north": {"uv": [1, 10, 1.5, 10.5], "texture": "#0"},
				"east": {"uv": [0, 0, 0, 0.5], "texture": "#0"},
				"south": {"uv": [10, 1, 10.5, 1.5], "texture": "#0"},
				"west": {"uv": [0, 0, 0, 0.5], "texture": "#0"},
				"up": {"uv": [0.5, 0, 0, 0], "texture": "#0"},
				"down": {"uv": [0.5, 0, 0, 0], "texture": "#0"}
			}
		},
		{
			"from": [21.39645, 13.95711, 9],
			"to": [22.39645, 14.95711, 9],
			"rotation": {"angle": 45, "axis": "z", "origin": [8.75, 2.25, 8]},
			"faces": {
				"north": {"uv": [1.5, 10, 2, 10.5], "texture": "#0"},
				"east": {"uv": [0, 0, 0, 0.5], "texture": "#0"},
				"south": {"uv": [10, 1.5, 10.5, 2], "texture": "#0"},
				"west": {"uv": [0, 0, 0, 0.5], "texture": "#0"},
				"up": {"uv": [0.5, 0, 0, 0], "texture": "#0"},
				"down": {"uv": [0.5, 0, 0, 0], "texture": "#0"}
			}
		},
		{
			"from": [22.39645, 14.45711, 9],
			"to": [22.89645, 14.95711, 9],
			"rotation": {"angle": 45, "axis": "z", "origin": [8.75, 2.25, 8]},
			"faces": {
				"north": {"uv": [2, 10, 2.5, 10.5], "texture": "#0"},
				"east": {"uv": [0, 0, 0, 0.5], "texture": "#0"},
				"south": {"uv": [10, 2, 10.5, 2.5], "texture": "#0"},
				"west": {"uv": [0, 0, 0, 0.5], "texture": "#0"},
				"up": {"uv": [0.5, 0, 0, 0], "texture": "#0"},
				"down": {"uv": [0.5, 0, 0, 0], "texture": "#0"}
			}
		},
		{
			"from": [20.39645, 13.95711, 9],
			"to": [21.39645, 14.95711, 9.25],
			"rotation": {"angle": 45, "axis": "z", "origin": [8.75, 2.25, 8]},
			"faces": {
				"north": {"uv": [2.5, 10, 3, 10.5], "texture": "#0"},
				"east": {"uv": [10, 2.5, 10.5, 3], "texture": "#0"},
				"south": {"uv": [3, 10, 3.5, 10.5], "texture": "#0"},
				"west": {"uv": [10, 3, 10.5, 3.5], "texture": "#0"},
				"up": {"uv": [4, 10.5, 3.5, 10], "texture": "#0"},
				"down": {"uv": [10.5, 3.5, 10, 4], "texture": "#0"}
			}
		},
		{
			"from": [21.39645, 14.45711, 9],
			"to": [21.89645, 14.95711, 9.25],
			"rotation": {"angle": 45, "axis": "z", "origin": [8.75, 2.25, 8]},
			"faces": {
				"north": {"uv": [4, 10, 4.5, 10.5], "texture": "#0"},
				"east": {"uv": [10, 4, 10.5, 4.5], "texture": "#0"},
				"south": {"uv": [4.5, 10, 5, 10.5], "texture": "#0"},
				"west": {"uv": [10, 4.5, 10.5, 5], "texture": "#0"},
				"up": {"uv": [5.5, 10.5, 5, 10], "texture": "#0"},
				"down": {"uv": [10.5, 5, 10, 5.5], "texture": "#0"}
			}
		},
		{
			"from": [21.39645, 14.95711, 9],
			"to": [22.39645, 15.95711, 9.25],
			"rotation": {"angle": 45, "axis": "z", "origin": [8.75, 2.25, 8]},
			"faces": {
				"north": {"uv": [5.5, 10, 6, 10.5], "texture": "#0"},
				"east": {"uv": [10, 5.5, 10.5, 6], "texture": "#0"},
				"south": {"uv": [6, 10, 6.5, 10.5], "texture": "#0"},
				"west": {"uv": [10, 6, 10.5, 6.5], "texture": "#0"},
				"up": {"uv": [7, 10.5, 6.5, 10], "texture": "#0"},
				"down": {"uv": [10.5, 6.5, 10, 7], "texture": "#0"}
			}
		},
		{
			"from": [20.89645, 14.95711, 9],
			"to": [21.39645, 15.45711, 9.25],
			"rotation": {"angle": 45, "axis": "z", "origin": [8.75, 2.25, 8]},
			"faces": {
				"north": {"uv": [7, 10, 7.5, 10.5], "texture": "#0"},
				"east": {"uv": [10, 7, 10.5, 7.5], "texture": "#0"},
				"south": {"uv": [7.5, 10, 8, 10.5], "texture": "#0"},
				"west": {"uv": [10, 7.5, 10.5, 8], "texture": "#0"},
				"up": {"uv": [8.5, 10.5, 8, 10], "texture": "#0"},
				"down": {"uv": [10.5, 8, 10, 8.5], "texture": "#0"}
			}
		},
		{
			"from": [22.39645, 15.45711, 9],
			"to": [22.89645, 15.95711, 9.25],
			"rotation": {"angle": 45, "axis": "z", "origin": [8.75, 2.25, 8]},
			"faces": {
				"north": {"uv": [8.5, 10, 9, 10.5], "texture": "#0"},
				"east": {"uv": [10, 8.5, 10.5, 9], "texture": "#0"},
				"south": {"uv": [9, 10, 9.5, 10.5], "texture": "#0"},
				"west": {"uv": [10, 9, 10.5, 9.5], "texture": "#0"},
				"up": {"uv": [10, 10.5, 9.5, 10], "texture": "#0"},
				"down": {"uv": [10.5, 9.5, 10, 10], "texture": "#0"}
			}
		},
		{
			"from": [22.39645, 15.95711, 9],
			"to": [23.39645, 16.95711, 9.25],
			"rotation": {"angle": 45, "axis": "z", "origin": [8.75, 2.25, 8]},
			"faces": {
				"north": {"uv": [10, 10, 10.5, 10.5], "texture": "#0"},
				"east": {"uv": [0, 10.5, 0.5, 11], "texture": "#0"},
				"south": {"uv": [10.5, 0, 11, 0.5], "texture": "#0"},
				"west": {"uv": [0.5, 10.5, 1, 11], "texture": "#0"},
				"up": {"uv": [11, 1, 10.5, 0.5], "texture": "#0"},
				"down": {"uv": [1.5, 10.5, 1, 11], "texture": "#0"}
			}
		},
		{
			"from": [21.89645, 15.95711, 9],
			"to": [22.39645, 16.45711, 9.25],
			"rotation": {"angle": 45, "axis": "z", "origin": [8.75, 2.25, 8]},
			"faces": {
				"north": {"uv": [10.5, 1, 11, 1.5], "texture": "#0"},
				"east": {"uv": [1.5, 10.5, 2, 11], "texture": "#0"},
				"south": {"uv": [10.5, 1.5, 11, 2], "texture": "#0"},
				"west": {"uv": [2, 10.5, 2.5, 11], "texture": "#0"},
				"up": {"uv": [11, 2.5, 10.5, 2], "texture": "#0"},
				"down": {"uv": [3, 10.5, 2.5, 11], "texture": "#0"}
			}
		},
		{
			"from": [19.89645, 13.95711, 9],
			"to": [20.39645, 14.45711, 9.25],
			"rotation": {"angle": 45, "axis": "z", "origin": [8.75, 2.25, 8]},
			"faces": {
				"north": {"uv": [10.5, 2.5, 11, 3], "texture": "#0"},
				"east": {"uv": [3, 10.5, 3.5, 11], "texture": "#0"},
				"south": {"uv": [10.5, 3, 11, 3.5], "texture": "#0"},
				"west": {"uv": [3.5, 10.5, 4, 11], "texture": "#0"},
				"up": {"uv": [11, 4, 10.5, 3.5], "texture": "#0"},
				"down": {"uv": [4.5, 10.5, 4, 11], "texture": "#0"}
			}
		},
		{
			"from": [19.39645, 12.95711, 9],
			"to": [21.39645, 14.95711, 9],
			"rotation": {"angle": 45, "axis": "z", "origin": [8.75, 2.25, 8]},
			"faces": {
				"north": {"uv": [1, 2, 2, 3], "texture": "#0"},
				"east": {"uv": [0, 0, 0, 1], "texture": "#0"},
				"south": {"uv": [2, 1, 3, 2], "texture": "#0"},
				"west": {"uv": [0, 0, 0, 1], "texture": "#0"},
				"up": {"uv": [1, 0, 0, 0], "texture": "#0"},
				"down": {"uv": [1, 0, 0, 0], "texture": "#0"}
			}
		},
		{
			"from": [19.89645, 14.95711, 9],
			"to": [20.39645, 15.45711, 9],
			"rotation": {"angle": 45, "axis": "z", "origin": [8.75, 2.25, 8]},
			"faces": {
				"north": {"uv": [10.5, 4, 11, 4.5], "texture": "#0"},
				"east": {"uv": [0, 0, 0, 0.5], "texture": "#0"},
				"south": {"uv": [4.5, 10.5, 5, 11], "texture": "#0"},
				"west": {"uv": [0, 0, 0, 0.5], "texture": "#0"},
				"up": {"uv": [0.5, 0, 0, 0], "texture": "#0"},
				"down": {"uv": [0.5, 0, 0, 0], "texture": "#0"}
			}
		},
		{
			"from": [20.39645, 14.95711, 9],
			"to": [21.39645, 15.95711, 9],
			"rotation": {"angle": 45, "axis": "z", "origin": [8.75, 2.25, 8]},
			"faces": {
				"north": {"uv": [10.5, 4.5, 11, 5], "texture": "#0"},
				"east": {"uv": [0, 0, 0, 0.5], "texture": "#0"},
				"south": {"uv": [5, 10.5, 5.5, 11], "texture": "#0"},
				"west": {"uv": [0, 0, 0, 0.5], "texture": "#0"},
				"up": {"uv": [0.5, 0, 0, 0], "texture": "#0"},
				"down": {"uv": [0.5, 0, 0, 0], "texture": "#0"}
			}
		},
		{
			"from": [20.89645, 15.95711, 9],
			"to": [21.39645, 16.45711, 9],
			"rotation": {"angle": 45, "axis": "z", "origin": [8.75, 2.25, 8]},
			"faces": {
				"north": {"uv": [10.5, 5, 11, 5.5], "texture": "#0"},
				"east": {"uv": [0, 0, 0, 0.5], "texture": "#0"},
				"south": {"uv": [5.5, 10.5, 6, 11], "texture": "#0"},
				"west": {"uv": [0, 0, 0, 0.5], "texture": "#0"},
				"up": {"uv": [0.5, 0, 0, 0], "texture": "#0"},
				"down": {"uv": [0.5, 0, 0, 0], "texture": "#0"}
			}
		},
		{
			"from": [21.39645, 14.95711, 9],
			"to": [23.39645, 16.95711, 9],
			"rotation": {"angle": 45, "axis": "z", "origin": [8.75, 2.25, 8]},
			"faces": {
				"north": {"uv": [2, 2, 3, 3], "texture": "#0"},
				"east": {"uv": [0, 0, 0, 1], "texture": "#0"},
				"south": {"uv": [0, 3, 1, 4], "texture": "#0"},
				"west": {"uv": [0, 0, 0, 1], "texture": "#0"},
				"up": {"uv": [1, 0, 0, 0], "texture": "#0"},
				"down": {"uv": [1, 0, 0, 0], "texture": "#0"}
			}
		},
		{
			"from": [21.89645, 16.95711, 9],
			"to": [22.39645, 17.45711, 9],
			"rotation": {"angle": 45, "axis": "z", "origin": [8.75, 2.25, 8]},
			"faces": {
				"north": {"uv": [10.5, 5.5, 11, 6], "texture": "#0"},
				"east": {"uv": [0, 0, 0, 0.5], "texture": "#0"},
				"south": {"uv": [6, 10.5, 6.5, 11], "texture": "#0"},
				"west": {"uv": [0, 0, 0, 0.5], "texture": "#0"},
				"up": {"uv": [0.5, 0, 0, 0], "texture": "#0"},
				"down": {"uv": [0.5, 0, 0, 0], "texture": "#0"}
			}
		},
		{
			"from": [23.39645, 15.45711, 9],
			"to": [23.89645, 15.95711, 9],
			"rotation": {"angle": 45, "axis": "z", "origin": [8.75, 2.25, 8]},
			"faces": {
				"north": {"uv": [10.5, 6, 11, 6.5], "texture": "#0"},
				"east": {"uv": [0, 0, 0, 0.5], "texture": "#0"},
				"south": {"uv": [6.5, 10.5, 7, 11], "texture": "#0"},
				"west": {"uv": [0, 0, 0, 0.5], "texture": "#0"},
				"up": {"uv": [0.5, 0, 0, 0], "texture": "#0"},
				"down": {"uv": [0.5, 0, 0, 0], "texture": "#0"}
			}
		},
		{
			"from": [23.39645, 15.95711, 9],
			"to": [24.39645, 16.95711, 9],
			"rotation": {"angle": 45, "axis": "z", "origin": [8.75, 2.25, 8]},
			"faces": {
				"north": {"uv": [10.5, 6.5, 11, 7], "texture": "#0"},
				"east": {"uv": [0, 0, 0, 0.5], "texture": "#0"},
				"south": {"uv": [7, 10.5, 7.5, 11], "texture": "#0"},
				"west": {"uv": [0, 0, 0, 0.5], "texture": "#0"},
				"up": {"uv": [0.5, 0, 0, 0], "texture": "#0"},
				"down": {"uv": [0.5, 0, 0, 0], "texture": "#0"}
			}
		},
		{
			"from": [23.39645, 16.45711, 9],
			"to": [23.89645, 16.95711, 9.25],
			"rotation": {"angle": 45, "axis": "z", "origin": [8.75, 2.25, 8]},
			"faces": {
				"north": {"uv": [10.5, 7, 11, 7.5], "texture": "#0"},
				"east": {"uv": [7.5, 10.5, 8, 11], "texture": "#0"},
				"south": {"uv": [10.5, 7.5, 11, 8], "texture": "#0"},
				"west": {"uv": [8, 10.5, 8.5, 11], "texture": "#0"},
				"up": {"uv": [11, 8.5, 10.5, 8], "texture": "#0"},
				"down": {"uv": [9, 10.5, 8.5, 11], "texture": "#0"}
			}
		},
		{
			"from": [23.39645, 16.95711, 9],
			"to": [24.39645, 17.95711, 9.25],
			"rotation": {"angle": 45, "axis": "z", "origin": [8.75, 2.25, 8]},
			"faces": {
				"north": {"uv": [10.5, 8.5, 11, 9], "texture": "#0"},
				"east": {"uv": [9, 10.5, 9.5, 11], "texture": "#0"},
				"south": {"uv": [10.5, 9, 11, 9.5], "texture": "#0"},
				"west": {"uv": [9.5, 10.5, 10, 11], "texture": "#0"},
				"up": {"uv": [11, 10, 10.5, 9.5], "texture": "#0"},
				"down": {"uv": [10.5, 10.5, 10, 11], "texture": "#0"}
			}
		},
		{
			"from": [22.39645, 16.95711, 9],
			"to": [23.39645, 17.95711, 9],
			"rotation": {"angle": 45, "axis": "z", "origin": [8.75, 2.25, 8]},
			"faces": {
				"north": {"uv": [10.5, 10, 11, 10.5], "texture": "#0"},
				"east": {"uv": [0, 0, 0, 0.5], "texture": "#0"},
				"south": {"uv": [10.5, 10.5, 11, 11], "texture": "#0"},
				"west": {"uv": [0, 0, 0, 0.5], "texture": "#0"},
				"up": {"uv": [0.5, 0, 0, 0], "texture": "#0"},
				"down": {"uv": [0.5, 0, 0, 0], "texture": "#0"}
			}
		},
		{
			"from": [22.89645, 17.95711, 9],
			"to": [23.39645, 18.45711, 9],
			"rotation": {"angle": 45, "axis": "z", "origin": [8.75, 2.25, 8]},
			"faces": {
				"north": {"uv": [0, 11, 0.5, 11.5], "texture": "#0"},
				"east": {"uv": [0, 0, 0, 0.5], "texture": "#0"},
				"south": {"uv": [11, 0, 11.5, 0.5], "texture": "#0"},
				"west": {"uv": [0, 0, 0, 0.5], "texture": "#0"},
				"up": {"uv": [0.5, 0, 0, 0], "texture": "#0"},
				"down": {"uv": [0.5, 0, 0, 0], "texture": "#0"}
			}
		},
		{
			"from": [23.39645, 16.95711, 9],
			"to": [25.39645, 18.95711, 9],
			"rotation": {"angle": 45, "axis": "z", "origin": [8.75, 2.25, 8]},
			"faces": {
				"north": {"uv": [3, 0, 4, 1], "texture": "#0"},
				"east": {"uv": [0, 0, 0, 1], "texture": "#0"},
				"south": {"uv": [1, 3, 2, 4], "texture": "#0"},
				"west": {"uv": [0, 0, 0, 1], "texture": "#0"},
				"up": {"uv": [1, 0, 0, 0], "texture": "#0"},
				"down": {"uv": [1, 0, 0, 0], "texture": "#0"}
			}
		},
		{
			"from": [23.89645, 17.95711, 9],
			"to": [24.39645, 18.45711, 9.25],
			"rotation": {"angle": 45, "axis": "z", "origin": [8.75, 2.25, 8]},
			"faces": {
				"north": {"uv": [0.5, 11, 1, 11.5], "texture": "#0"},
				"east": {"uv": [11, 0.5, 11.5, 1], "texture": "#0"},
				"south": {"uv": [1, 11, 1.5, 11.5], "texture": "#0"},
				"west": {"uv": [11, 1, 11.5, 1.5], "texture": "#0"},
				"up": {"uv": [2, 11.5, 1.5, 11], "texture": "#0"},
				"down": {"uv": [11.5, 1.5, 11, 2], "texture": "#0"}
			}
		},
		{
			"from": [24.39645, 17.95711, 9],
			"to": [24.89645, 18.45711, 9.25],
			"rotation": {"angle": 45, "axis": "z", "origin": [8.75, 2.25, 8]},
			"faces": {
				"north": {"uv": [2, 11, 2.5, 11.5], "texture": "#0"},
				"east": {"uv": [11, 2, 11.5, 2.5], "texture": "#0"},
				"south": {"uv": [2.5, 11, 3, 11.5], "texture": "#0"},
				"west": {"uv": [11, 2.5, 11.5, 3], "texture": "#0"},
				"up": {"uv": [3.5, 11.5, 3, 11], "texture": "#0"},
				"down": {"uv": [11.5, 3, 11, 3.5], "texture": "#0"}
			}
		},
		{
			"from": [24.39645, 17.45711, 9],
			"to": [24.89645, 17.95711, 9.25],
			"rotation": {"angle": 45, "axis": "z", "origin": [8.75, 2.25, 8]},
			"faces": {
				"north": {"uv": [3.5, 11, 4, 11.5], "texture": "#0"},
				"east": {"uv": [11, 3.5, 11.5, 4], "texture": "#0"},
				"south": {"uv": [4, 11, 4.5, 11.5], "texture": "#0"},
				"west": {"uv": [11, 4, 11.5, 4.5], "texture": "#0"},
				"up": {"uv": [5, 11.5, 4.5, 11], "texture": "#0"},
				"down": {"uv": [11.5, 4.5, 11, 5], "texture": "#0"}
			}
		},
		{
			"from": [24.39645, 16.45711, 9],
			"to": [24.89645, 16.95711, 9],
			"rotation": {"angle": 45, "axis": "z", "origin": [8.75, 2.25, 8]},
			"faces": {
				"north": {"uv": [5, 11, 5.5, 11.5], "texture": "#0"},
				"east": {"uv": [0, 0, 0, 0.5], "texture": "#0"},
				"south": {"uv": [11, 5, 11.5, 5.5], "texture": "#0"},
				"west": {"uv": [0, 0, 0, 0.5], "texture": "#0"},
				"up": {"uv": [0.5, 0, 0, 0], "texture": "#0"},
				"down": {"uv": [0.5, 0, 0, 0], "texture": "#0"}
			}
		},
		{
			"from": [22.89645, 16.95711, 9],
			"to": [23.39645, 17.45711, 9.25],
			"rotation": {"angle": 45, "axis": "z", "origin": [8.75, 2.25, 8]},
			"faces": {
				"north": {"uv": [5.5, 11, 6, 11.5], "texture": "#0"},
				"east": {"uv": [11, 5.5, 11.5, 6], "texture": "#0"},
				"south": {"uv": [6, 11, 6.5, 11.5], "texture": "#0"},
				"west": {"uv": [11, 6, 11.5, 6.5], "texture": "#0"},
				"up": {"uv": [7, 11.5, 6.5, 11], "texture": "#0"},
				"down": {"uv": [11.5, 6.5, 11, 7], "texture": "#0"}
			}
		},
		{
			"from": [13.39645, 6.95711, 8.75],
			"to": [14.39645, 7.95711, 9],
			"rotation": {"angle": 45, "axis": "z", "origin": [8.75, 2.25, 8]},
			"faces": {
				"north": {"uv": [7, 11, 7.5, 11.5], "texture": "#0"},
				"east": {"uv": [11, 7, 11.5, 7.5], "texture": "#0"},
				"south": {"uv": [7.5, 11, 8, 11.5], "texture": "#0"},
				"west": {"uv": [11, 7.5, 11.5, 8], "texture": "#0"},
				"up": {"uv": [8.5, 11.5, 8, 11], "texture": "#0"},
				"down": {"uv": [11.5, 8, 11, 8.5], "texture": "#0"}
			}
		},
		{
			"from": [14.39645, 7.95711, 8.75],
			"to": [15.39645, 8.95711, 9],
			"rotation": {"angle": 45, "axis": "z", "origin": [8.75, 2.25, 8]},
			"faces": {
				"north": {"uv": [8.5, 11, 9, 11.5], "texture": "#0"},
				"east": {"uv": [11, 8.5, 11.5, 9], "texture": "#0"},
				"south": {"uv": [9, 11, 9.5, 11.5], "texture": "#0"},
				"west": {"uv": [11, 9, 11.5, 9.5], "texture": "#0"},
				"up": {"uv": [10, 11.5, 9.5, 11], "texture": "#0"},
				"down": {"uv": [11.5, 9.5, 11, 10], "texture": "#0"}
			}
		},
		{
			"from": [14.39645, 7.45711, 8.75],
			"to": [14.89645, 7.95711, 9],
			"rotation": {"angle": 45, "axis": "z", "origin": [8.75, 2.25, 8]},
			"faces": {
				"north": {"uv": [10, 11, 10.5, 11.5], "texture": "#0"},
				"east": {"uv": [11, 10, 11.5, 10.5], "texture": "#0"},
				"south": {"uv": [10.5, 11, 11, 11.5], "texture": "#0"},
				"west": {"uv": [11, 10.5, 11.5, 11], "texture": "#0"},
				"up": {"uv": [11.5, 11.5, 11, 11], "texture": "#0"},
				"down": {"uv": [0.5, 11.5, 0, 12], "texture": "#0"}
			}
		},
		{
			"from": [13.89645, 7.95711, 8.75],
			"to": [14.39645, 8.45711, 9],
			"rotation": {"angle": 45, "axis": "z", "origin": [8.75, 2.25, 8]},
			"faces": {
				"north": {"uv": [11.5, 0, 12, 0.5], "texture": "#0"},
				"east": {"uv": [0.5, 11.5, 1, 12], "texture": "#0"},
				"south": {"uv": [11.5, 0.5, 12, 1], "texture": "#0"},
				"west": {"uv": [1, 11.5, 1.5, 12], "texture": "#0"},
				"up": {"uv": [12, 1.5, 11.5, 1], "texture": "#0"},
				"down": {"uv": [2, 11.5, 1.5, 12], "texture": "#0"}
			}
		},
		{
			"from": [14.89645, 8.95711, 8.75],
			"to": [15.39645, 9.45711, 9],
			"rotation": {"angle": 45, "axis": "z", "origin": [8.75, 2.25, 8]},
			"faces": {
				"north": {"uv": [11.5, 1.5, 12, 2], "texture": "#0"},
				"east": {"uv": [2, 11.5, 2.5, 12], "texture": "#0"},
				"south": {"uv": [11.5, 2, 12, 2.5], "texture": "#0"},
				"west": {"uv": [2.5, 11.5, 3, 12], "texture": "#0"},
				"up": {"uv": [12, 3, 11.5, 2.5], "texture": "#0"},
				"down": {"uv": [3.5, 11.5, 3, 12], "texture": "#0"}
			}
		},
		{
			"from": [15.39645, 8.95711, 8.75],
			"to": [16.39645, 9.95711, 9],
			"rotation": {"angle": 45, "axis": "z", "origin": [8.75, 2.25, 8]},
			"faces": {
				"north": {"uv": [11.5, 3, 12, 3.5], "texture": "#0"},
				"east": {"uv": [3.5, 11.5, 4, 12], "texture": "#0"},
				"south": {"uv": [11.5, 3.5, 12, 4], "texture": "#0"},
				"west": {"uv": [4, 11.5, 4.5, 12], "texture": "#0"},
				"up": {"uv": [12, 4.5, 11.5, 4], "texture": "#0"},
				"down": {"uv": [5, 11.5, 4.5, 12], "texture": "#0"}
			}
		},
		{
			"from": [15.39645, 8.45711, 8.75],
			"to": [15.89645, 8.95711, 9],
			"rotation": {"angle": 45, "axis": "z", "origin": [8.75, 2.25, 8]},
			"faces": {
				"north": {"uv": [11.5, 4.5, 12, 5], "texture": "#0"},
				"east": {"uv": [5, 11.5, 5.5, 12], "texture": "#0"},
				"south": {"uv": [11.5, 5, 12, 5.5], "texture": "#0"},
				"west": {"uv": [5.5, 11.5, 6, 12], "texture": "#0"},
				"up": {"uv": [12, 6, 11.5, 5.5], "texture": "#0"},
				"down": {"uv": [6.5, 11.5, 6, 12], "texture": "#0"}
			}
		},
		{
			"from": [15.89645, 9.95711, 8.75],
			"to": [16.39645, 10.45711, 9],
			"rotation": {"angle": 45, "axis": "z", "origin": [8.75, 2.25, 8]},
			"faces": {
				"north": {"uv": [11.5, 6, 12, 6.5], "texture": "#0"},
				"east": {"uv": [6.5, 11.5, 7, 12], "texture": "#0"},
				"south": {"uv": [11.5, 6.5, 12, 7], "texture": "#0"},
				"west": {"uv": [7, 11.5, 7.5, 12], "texture": "#0"},
				"up": {"uv": [12, 7.5, 11.5, 7], "texture": "#0"},
				"down": {"uv": [8, 11.5, 7.5, 12], "texture": "#0"}
			}
		},
		{
			"from": [16.39645, 9.95711, 8.75],
			"to": [17.39645, 10.95711, 9],
			"rotation": {"angle": 45, "axis": "z", "origin": [8.75, 2.25, 8]},
			"faces": {
				"north": {"uv": [11.5, 7.5, 12, 8], "texture": "#0"},
				"east": {"uv": [8, 11.5, 8.5, 12], "texture": "#0"},
				"south": {"uv": [11.5, 8, 12, 8.5], "texture": "#0"},
				"west": {"uv": [8.5, 11.5, 9, 12], "texture": "#0"},
				"up": {"uv": [12, 9, 11.5, 8.5], "texture": "#0"},
				"down": {"uv": [9.5, 11.5, 9, 12], "texture": "#0"}
			}
		},
		{
			"from": [16.39645, 9.45711, 8.75],
			"to": [16.89645, 9.95711, 9],
			"rotation": {"angle": 45, "axis": "z", "origin": [8.75, 2.25, 8]},
			"faces": {
				"north": {"uv": [11.5, 9, 12, 9.5], "texture": "#0"},
				"east": {"uv": [9.5, 11.5, 10, 12], "texture": "#0"},
				"south": {"uv": [11.5, 9.5, 12, 10], "texture": "#0"},
				"west": {"uv": [10, 11.5, 10.5, 12], "texture": "#0"},
				"up": {"uv": [12, 10.5, 11.5, 10], "texture": "#0"},
				"down": {"uv": [11, 11.5, 10.5, 12], "texture": "#0"}
			}
		},
		{
			"from": [16.89645, 10.95711, 8.75],
			"to": [17.39645, 11.45711, 9],
			"rotation": {"angle": 45, "axis": "z", "origin": [8.75, 2.25, 8]},
			"faces": {
				"north": {"uv": [11.5, 10.5, 12, 11], "texture": "#0"},
				"east": {"uv": [11, 11.5, 11.5, 12], "texture": "#0"},
				"south": {"uv": [11.5, 11, 12, 11.5], "texture": "#0"},
				"west": {"uv": [11.5, 11.5, 12, 12], "texture": "#0"},
				"up": {"uv": [0.5, 12.5, 0, 12], "texture": "#0"},
				"down": {"uv": [12.5, 0, 12, 0.5], "texture": "#0"}
			}
		},
		{
			"from": [17.39645, 10.95711, 8.75],
			"to": [18.39645, 11.95711, 9],
			"rotation": {"angle": 45, "axis": "z", "origin": [8.75, 2.25, 8]},
			"faces": {
				"north": {"uv": [0.5, 12, 1, 12.5], "texture": "#0"},
				"east": {"uv": [12, 0.5, 12.5, 1], "texture": "#0"},
				"south": {"uv": [1, 12, 1.5, 12.5], "texture": "#0"},
				"west": {"uv": [12, 1, 12.5, 1.5], "texture": "#0"},
				"up": {"uv": [2, 12.5, 1.5, 12], "texture": "#0"},
				"down": {"uv": [12.5, 1.5, 12, 2], "texture": "#0"}
			}
		},
		{
			"from": [17.39645, 10.45711, 8.75],
			"to": [17.89645, 10.95711, 9],
			"rotation": {"angle": 45, "axis": "z", "origin": [8.75, 2.25, 8]},
			"faces": {
				"north": {"uv": [2, 12, 2.5, 12.5], "texture": "#0"},
				"east": {"uv": [12, 2, 12.5, 2.5], "texture": "#0"},
				"south": {"uv": [2.5, 12, 3, 12.5], "texture": "#0"},
				"west": {"uv": [12, 2.5, 12.5, 3], "texture": "#0"},
				"up": {"uv": [3.5, 12.5, 3, 12], "texture": "#0"},
				"down": {"uv": [12.5, 3, 12, 3.5], "texture": "#0"}
			}
		},
		{
			"from": [17.89645, 11.95711, 8.75],
			"to": [18.39645, 12.45711, 9],
			"rotation": {"angle": 45, "axis": "z", "origin": [8.75, 2.25, 8]},
			"faces": {
				"north": {"uv": [3.5, 12, 4, 12.5], "texture": "#0"},
				"east": {"uv": [12, 3.5, 12.5, 4], "texture": "#0"},
				"south": {"uv": [4, 12, 4.5, 12.5], "texture": "#0"},
				"west": {"uv": [12, 4, 12.5, 4.5], "texture": "#0"},
				"up": {"uv": [5, 12.5, 4.5, 12], "texture": "#0"},
				"down": {"uv": [12.5, 4.5, 12, 5], "texture": "#0"}
			}
		},
		{
			"from": [18.39645, 11.95711, 8.75],
			"to": [19.39645, 12.95711, 9],
			"rotation": {"angle": 45, "axis": "z", "origin": [8.75, 2.25, 8]},
			"faces": {
				"north": {"uv": [5, 12, 5.5, 12.5], "texture": "#0"},
				"east": {"uv": [12, 5, 12.5, 5.5], "texture": "#0"},
				"south": {"uv": [5.5, 12, 6, 12.5], "texture": "#0"},
				"west": {"uv": [12, 5.5, 12.5, 6], "texture": "#0"},
				"up": {"uv": [6.5, 12.5, 6, 12], "texture": "#0"},
				"down": {"uv": [12.5, 6, 12, 6.5], "texture": "#0"}
			}
		},
		{
			"from": [18.39645, 11.45711, 8.75],
			"to": [18.89645, 11.95711, 9],
			"rotation": {"angle": 45, "axis": "z", "origin": [8.75, 2.25, 8]},
			"faces": {
				"north": {"uv": [6.5, 12, 7, 12.5], "texture": "#0"},
				"east": {"uv": [12, 6.5, 12.5, 7], "texture": "#0"},
				"south": {"uv": [7, 12, 7.5, 12.5], "texture": "#0"},
				"west": {"uv": [12, 7, 12.5, 7.5], "texture": "#0"},
				"up": {"uv": [8, 12.5, 7.5, 12], "texture": "#0"},
				"down": {"uv": [12.5, 7.5, 12, 8], "texture": "#0"}
			}
		},
		{
			"from": [18.89645, 12.95711, 8.75],
			"to": [19.39645, 13.45711, 9],
			"rotation": {"angle": 45, "axis": "z", "origin": [8.75, 2.25, 8]},
			"faces": {
				"north": {"uv": [8, 12, 8.5, 12.5], "texture": "#0"},
				"east": {"uv": [12, 8, 12.5, 8.5], "texture": "#0"},
				"south": {"uv": [8.5, 12, 9, 12.5], "texture": "#0"},
				"west": {"uv": [12, 8.5, 12.5, 9], "texture": "#0"},
				"up": {"uv": [9.5, 12.5, 9, 12], "texture": "#0"},
				"down": {"uv": [12.5, 9, 12, 9.5], "texture": "#0"}
			}
		},
		{
			"from": [19.39645, 12.95711, 8.75],
			"to": [20.39645, 13.95711, 9],
			"rotation": {"angle": 45, "axis": "z", "origin": [8.75, 2.25, 8]},
			"faces": {
				"north": {"uv": [9.5, 12, 10, 12.5], "texture": "#0"},
				"east": {"uv": [12, 9.5, 12.5, 10], "texture": "#0"},
				"south": {"uv": [10, 12, 10.5, 12.5], "texture": "#0"},
				"west": {"uv": [12, 10, 12.5, 10.5], "texture": "#0"},
				"up": {"uv": [11, 12.5, 10.5, 12], "texture": "#0"},
				"down": {"uv": [12.5, 10.5, 12, 11], "texture": "#0"}
			}
		},
		{
			"from": [19.39645, 12.45711, 8.75],
			"to": [19.89645, 12.95711, 9],
			"rotation": {"angle": 45, "axis": "z", "origin": [8.75, 2.25, 8]},
			"faces": {
				"north": {"uv": [11, 12, 11.5, 12.5], "texture": "#0"},
				"east": {"uv": [12, 11, 12.5, 11.5], "texture": "#0"},
				"south": {"uv": [11.5, 12, 12, 12.5], "texture": "#0"},
				"west": {"uv": [12, 11.5, 12.5, 12], "texture": "#0"},
				"up": {"uv": [12.5, 12.5, 12, 12], "texture": "#0"},
				"down": {"uv": [0.5, 12.5, 0, 13], "texture": "#0"}
			}
		},
		{
			"from": [19.89645, 13.95711, 8.75],
			"to": [20.39645, 14.45711, 9],
			"rotation": {"angle": 45, "axis": "z", "origin": [8.75, 2.25, 8]},
			"faces": {
				"north": {"uv": [12.5, 0, 13, 0.5], "texture": "#0"},
				"east": {"uv": [0.5, 12.5, 1, 13], "texture": "#0"},
				"south": {"uv": [12.5, 0.5, 13, 1], "texture": "#0"},
				"west": {"uv": [1, 12.5, 1.5, 13], "texture": "#0"},
				"up": {"uv": [13, 1.5, 12.5, 1], "texture": "#0"},
				"down": {"uv": [2, 12.5, 1.5, 13], "texture": "#0"}
			}
		},
		{
			"from": [20.39645, 13.95711, 8.75],
			"to": [21.39645, 14.95711, 9],
			"rotation": {"angle": 45, "axis": "z", "origin": [8.75, 2.25, 8]},
			"faces": {
				"north": {"uv": [12.5, 1.5, 13, 2], "texture": "#0"},
				"east": {"uv": [2, 12.5, 2.5, 13], "texture": "#0"},
				"south": {"uv": [12.5, 2, 13, 2.5], "texture": "#0"},
				"west": {"uv": [2.5, 12.5, 3, 13], "texture": "#0"},
				"up": {"uv": [13, 3, 12.5, 2.5], "texture": "#0"},
				"down": {"uv": [3.5, 12.5, 3, 13], "texture": "#0"}
			}
		},
		{
			"from": [20.39645, 13.45711, 8.75],
			"to": [20.89645, 13.95711, 9],
			"rotation": {"angle": 45, "axis": "z", "origin": [8.75, 2.25, 8]},
			"faces": {
				"north": {"uv": [12.5, 3, 13, 3.5], "texture": "#0"},
				"east": {"uv": [3.5, 12.5, 4, 13], "texture": "#0"},
				"south": {"uv": [12.5, 3.5, 13, 4], "texture": "#0"},
				"west": {"uv": [4, 12.5, 4.5, 13], "texture": "#0"},
				"up": {"uv": [13, 4.5, 12.5, 4], "texture": "#0"},
				"down": {"uv": [5, 12.5, 4.5, 13], "texture": "#0"}
			}
		},
		{
			"from": [20.89645, 14.95711, 8.75],
			"to": [21.39645, 15.45711, 9],
			"rotation": {"angle": 45, "axis": "z", "origin": [8.75, 2.25, 8]},
			"faces": {
				"north": {"uv": [12.5, 4.5, 13, 5], "texture": "#0"},
				"east": {"uv": [5, 12.5, 5.5, 13], "texture": "#0"},
				"south": {"uv": [12.5, 5, 13, 5.5], "texture": "#0"},
				"west": {"uv": [5.5, 12.5, 6, 13], "texture": "#0"},
				"up": {"uv": [13, 6, 12.5, 5.5], "texture": "#0"},
				"down": {"uv": [6.5, 12.5, 6, 13], "texture": "#0"}
			}
		},
		{
			"from": [21.39645, 14.45711, 8.75],
			"to": [21.89645, 14.95711, 9],
			"rotation": {"angle": 45, "axis": "z", "origin": [8.75, 2.25, 8]},
			"faces": {
				"north": {"uv": [12.5, 6, 13, 6.5], "texture": "#0"},
				"east": {"uv": [6.5, 12.5, 7, 13], "texture": "#0"},
				"south": {"uv": [12.5, 6.5, 13, 7], "texture": "#0"},
				"west": {"uv": [7, 12.5, 7.5, 13], "texture": "#0"},
				"up": {"uv": [13, 7.5, 12.5, 7], "texture": "#0"},
				"down": {"uv": [8, 12.5, 7.5, 13], "texture": "#0"}
			}
		},
		{
			"from": [21.39645, 14.95711, 8.75],
			"to": [22.39645, 15.95711, 9],
			"rotation": {"angle": 45, "axis": "z", "origin": [8.75, 2.25, 8]},
			"faces": {
				"north": {"uv": [12.5, 7.5, 13, 8], "texture": "#0"},
				"east": {"uv": [8, 12.5, 8.5, 13], "texture": "#0"},
				"south": {"uv": [12.5, 8, 13, 8.5], "texture": "#0"},
				"west": {"uv": [8.5, 12.5, 9, 13], "texture": "#0"},
				"up": {"uv": [13, 9, 12.5, 8.5], "texture": "#0"},
				"down": {"uv": [9.5, 12.5, 9, 13], "texture": "#0"}
			}
		},
		{
			"from": [23.89645, 17.95711, 8.75],
			"to": [24.39645, 18.45711, 9],
			"rotation": {"angle": 45, "axis": "z", "origin": [8.75, 2.25, 8]},
			"faces": {
				"north": {"uv": [12.5, 9, 13, 9.5], "texture": "#0"},
				"east": {"uv": [9.5, 12.5, 10, 13], "texture": "#0"},
				"south": {"uv": [12.5, 9.5, 13, 10], "texture": "#0"},
				"west": {"uv": [10, 12.5, 10.5, 13], "texture": "#0"},
				"up": {"uv": [13, 10.5, 12.5, 10], "texture": "#0"},
				"down": {"uv": [11, 12.5, 10.5, 13], "texture": "#0"}
			}
		},
		{
			"from": [24.39645, 17.95711, 8.75],
			"to": [24.89645, 18.45711, 9],
			"rotation": {"angle": 45, "axis": "z", "origin": [8.75, 2.25, 8]},
			"faces": {
				"north": {"uv": [12.5, 10.5, 13, 11], "texture": "#0"},
				"east": {"uv": [11, 12.5, 11.5, 13], "texture": "#0"},
				"south": {"uv": [12.5, 11, 13, 11.5], "texture": "#0"},
				"west": {"uv": [11.5, 12.5, 12, 13], "texture": "#0"},
				"up": {"uv": [13, 12, 12.5, 11.5], "texture": "#0"},
				"down": {"uv": [12.5, 12.5, 12, 13], "texture": "#0"}
			}
		},
		{
			"from": [24.39645, 17.45711, 8.75],
			"to": [24.89645, 17.95711, 9],
			"rotation": {"angle": 45, "axis": "z", "origin": [8.75, 2.25, 8]},
			"faces": {
				"north": {"uv": [12.5, 12, 13, 12.5], "texture": "#0"},
				"east": {"uv": [12.5, 12.5, 13, 13], "texture": "#0"},
				"south": {"uv": [0, 13, 0.5, 13.5], "texture": "#0"},
				"west": {"uv": [13, 0, 13.5, 0.5], "texture": "#0"},
				"up": {"uv": [1, 13.5, 0.5, 13], "texture": "#0"},
				"down": {"uv": [13.5, 0.5, 13, 1], "texture": "#0"}
			}
		},
		{
			"from": [23.39645, 16.95711, 8.75],
			"to": [24.39645, 17.95711, 9],
			"rotation": {"angle": 45, "axis": "z", "origin": [8.75, 2.25, 8]},
			"faces": {
				"north": {"uv": [1, 13, 1.5, 13.5], "texture": "#0"},
				"east": {"uv": [13, 1, 13.5, 1.5], "texture": "#0"},
				"south": {"uv": [1.5, 13, 2, 13.5], "texture": "#0"},
				"west": {"uv": [13, 1.5, 13.5, 2], "texture": "#0"},
				"up": {"uv": [2.5, 13.5, 2, 13], "texture": "#0"},
				"down": {"uv": [13.5, 2, 13, 2.5], "texture": "#0"}
			}
		},
		{
			"from": [22.89645, 16.95711, 8.75],
			"to": [23.39645, 17.45711, 9],
			"rotation": {"angle": 45, "axis": "z", "origin": [8.75, 2.25, 8]},
			"faces": {
				"north": {"uv": [2.5, 13, 3, 13.5], "texture": "#0"},
				"east": {"uv": [13, 2.5, 13.5, 3], "texture": "#0"},
				"south": {"uv": [3, 13, 3.5, 13.5], "texture": "#0"},
				"west": {"uv": [13, 3, 13.5, 3.5], "texture": "#0"},
				"up": {"uv": [4, 13.5, 3.5, 13], "texture": "#0"},
				"down": {"uv": [13.5, 3.5, 13, 4], "texture": "#0"}
			}
		},
		{
			"from": [23.39645, 16.45711, 8.75],
			"to": [23.89645, 16.95711, 9],
			"rotation": {"angle": 45, "axis": "z", "origin": [8.75, 2.25, 8]},
			"faces": {
				"north": {"uv": [4, 13, 4.5, 13.5], "texture": "#0"},
				"east": {"uv": [13, 4, 13.5, 4.5], "texture": "#0"},
				"south": {"uv": [4.5, 13, 5, 13.5], "texture": "#0"},
				"west": {"uv": [13, 4.5, 13.5, 5], "texture": "#0"},
				"up": {"uv": [5.5, 13.5, 5, 13], "texture": "#0"},
				"down": {"uv": [13.5, 5, 13, 5.5], "texture": "#0"}
			}
		},
		{
			"from": [22.39645, 15.95711, 8.75],
			"to": [23.39645, 16.95711, 9],
			"rotation": {"angle": 45, "axis": "z", "origin": [8.75, 2.25, 8]},
			"faces": {
				"north": {"uv": [5.5, 13, 6, 13.5], "texture": "#0"},
				"east": {"uv": [13, 5.5, 13.5, 6], "texture": "#0"},
				"south": {"uv": [6, 13, 6.5, 13.5], "texture": "#0"},
				"west": {"uv": [13, 6, 13.5, 6.5], "texture": "#0"},
				"up": {"uv": [7, 13.5, 6.5, 13], "texture": "#0"},
				"down": {"uv": [13.5, 6.5, 13, 7], "texture": "#0"}
			}
		},
		{
			"from": [21.89645, 15.95711, 8.75],
			"to": [22.39645, 16.45711, 9],
			"rotation": {"angle": 45, "axis": "z", "origin": [8.75, 2.25, 8]},
			"faces": {
				"north": {"uv": [7, 13, 7.5, 13.5], "texture": "#0"},
				"east": {"uv": [13, 7, 13.5, 7.5], "texture": "#0"},
				"south": {"uv": [7.5, 13, 8, 13.5], "texture": "#0"},
				"west": {"uv": [13, 7.5, 13.5, 8], "texture": "#0"},
				"up": {"uv": [8.5, 13.5, 8, 13], "texture": "#0"},
				"down": {"uv": [13.5, 8, 13, 8.5], "texture": "#0"}
			}
		},
		{
			"from": [22.39645, 15.45711, 8.75],
			"to": [22.89645, 15.95711, 9],
			"rotation": {"angle": 45, "axis": "z", "origin": [8.75, 2.25, 8]},
			"faces": {
				"north": {"uv": [8.5, 13, 9, 13.5], "texture": "#0"},
				"east": {"uv": [13, 8.5, 13.5, 9], "texture": "#0"},
				"south": {"uv": [9, 13, 9.5, 13.5], "texture": "#0"},
				"west": {"uv": [13, 9, 13.5, 9.5], "texture": "#0"},
				"up": {"uv": [10, 13.5, 9.5, 13], "texture": "#0"},
				"down": {"uv": [13.5, 9.5, 13, 10], "texture": "#0"}
			}
		},
		{
			"from": [13.64645, 5.45711, 8.5],
			"to": [15.39645, 6.70711, 9.5],
			"rotation": {"angle": 45, "axis": "z", "origin": [8.75, 2.25, 8]},
			"faces": {
				"north": {"uv": [7, 1, 8, 1.5], "texture": "#0"},
				"east": {"uv": [12.5, 15, 13, 15.5], "texture": "#0"},
				"south": {"uv": [7, 1.5, 8, 2], "texture": "#0"},
				"west": {"uv": [15, 12.5, 15.5, 13], "texture": "#0"},
				"up": {"uv": [3, 7.5, 2, 7], "texture": "#0"},
				"down": {"uv": [8, 2, 7, 2.5], "texture": "#0"}
			}
		},
		{
			"from": [15.39645, 5.45711, 8.75],
			"to": [15.64645, 6.70711, 9.25],
			"rotation": {"angle": 45, "axis": "z", "origin": [8.75, 2.25, 8]},
			"faces": {
				"north": {"uv": [13, 15, 13.5, 15.5], "texture": "#0"},
				"east": {"uv": [15, 13, 15.5, 13.5], "texture": "#0"},
				"south": {"uv": [13.5, 15, 14, 15.5], "texture": "#0"},
				"west": {"uv": [15, 13.5, 15.5, 14], "texture": "#0"},
				"up": {"uv": [14.5, 15.5, 14, 15], "texture": "#0"},
				"down": {"uv": [15.5, 14, 15, 14.5], "texture": "#0"}
			}
		},
		{
			"from": [13.64645, 6.70711, 8.75],
			"to": [15.39645, 6.95711, 9.25],
			"rotation": {"angle": 45, "axis": "z", "origin": [8.75, 2.25, 8]},
			"faces": {
				"north": {"uv": [3, 7, 4, 7.5], "texture": "#0"},
				"east": {"uv": [14.5, 15, 15, 15.5], "texture": "#0"},
				"south": {"uv": [4, 7, 5, 7.5], "texture": "#0"},
				"west": {"uv": [15, 14.5, 15.5, 15], "texture": "#0"},
				"up": {"uv": [8, 5, 7, 4.5], "texture": "#0"},
				"down": {"uv": [6, 7, 5, 7.5], "texture": "#0"}
			}
		},
		{
			"from": [12.64645, 5.20711, 8.75],
			"to": [15.39645, 5.45711, 9.25],
			"rotation": {"angle": 45, "axis": "z", "origin": [8.75, 2.25, 8]},
			"faces": {
				"north": {"uv": [2.5, 4, 4, 4.5], "texture": "#0"},
				"east": {"uv": [15, 15, 15.5, 15.5], "texture": "#0"},
				"south": {"uv": [4, 3, 5.5, 3.5], "texture": "#0"},
				"west": {"uv": [0, 15.5, 0.5, 16], "texture": "#0"},
				"up": {"uv": [5.5, 4, 4, 3.5], "texture": "#0"},
				"down": {"uv": [5.5, 4, 4, 4.5], "texture": "#0"}
			}
		},
		{
			"from": [11.89645, 7.20711, 8.5],
			"to": [13.14645, 8.95711, 9.5],
			"rotation": {"angle": 45, "axis": "z", "origin": [8.75, 2.25, 8]},
			"faces": {
				"north": {"uv": [7, 5, 7.5, 6], "texture": "#0"},
				"east": {"uv": [6, 7, 6.5, 8], "texture": "#0"},
				"south": {"uv": [7, 6, 7.5, 7], "texture": "#0"},
				"west": {"uv": [6.5, 7, 7, 8], "texture": "#0"},
				"up": {"uv": [16, 0.5, 15.5, 0], "texture": "#0"},
				"down": {"uv": [1, 15.5, 0.5, 16], "texture": "#0"}
			}
		},
		{
			"from": [11.89645, 8.95711, 8.75],
			"to": [13.14645, 9.20711, 9.25],
			"rotation": {"angle": 45, "axis": "z", "origin": [8.75, 2.25, 8]},
			"faces": {
				"north": {"uv": [15.5, 0.5, 16, 1], "texture": "#0"},
				"east": {"uv": [1, 15.5, 1.5, 16], "texture": "#0"},
				"south": {"uv": [15.5, 1, 16, 1.5], "texture": "#0"},
				"west": {"uv": [1.5, 15.5, 2, 16], "texture": "#0"},
				"up": {"uv": [16, 2, 15.5, 1.5], "texture": "#0"},
				"down": {"uv": [2.5, 15.5, 2, 16], "texture": "#0"}
			}
		},
		{
			"from": [13.14645, 7.20711, 8.75],
			"to": [13.39645, 8.95711, 9.25],
			"rotation": {"angle": 45, "axis": "z", "origin": [8.75, 2.25, 8]},
			"faces": {
				"north": {"uv": [7, 7, 7.5, 8], "texture": "#0"},
				"east": {"uv": [0, 7.5, 0.5, 8.5], "texture": "#0"},
				"south": {"uv": [0.5, 7.5, 1, 8.5], "texture": "#0"},
				"west": {"uv": [1, 7.5, 1.5, 8.5], "texture": "#0"},
				"up": {"uv": [16, 2.5, 15.5, 2], "texture": "#0"},
				"down": {"uv": [3, 15.5, 2.5, 16], "texture": "#0"}
			}
		},
		{
			"from": [12.89645, 7.95711, 9],
			"to": [13.39645, 8.45711, 9],
			"rotation": {"angle": 45, "axis": "z", "origin": [8.75, 2.25, 8]},
			"faces": {
				"north": {"uv": [15.5, 2.5, 16, 3], "texture": "#0"},
				"east": {"uv": [0, 0, 0, 0.5], "texture": "#0"},
				"south": {"uv": [3, 15.5, 3.5, 16], "texture": "#0"},
				"west": {"uv": [0, 0, 0, 0.5], "texture": "#0"},
				"up": {"uv": [0.5, 0, 0, 0], "texture": "#0"},
				"down": {"uv": [0.5, 0, 0, 0], "texture": "#0"}
			}
		},
		{
			"from": [11.64645, 6.20711, 8.75],
			"to": [11.89645, 8.95711, 9.25],
			"rotation": {"angle": 45, "axis": "z", "origin": [8.75, 2.25, 8]},
			"faces": {
				"north": {"uv": [4.5, 1, 5, 2.5], "texture": "#0"},
				"east": {"uv": [2.5, 4.5, 3, 6], "texture": "#0"},
				"south": {"uv": [3, 4.5, 3.5, 6], "texture": "#0"},
				"west": {"uv": [3.5, 4.5, 4, 6], "texture": "#0"},
				"up": {"uv": [16, 3.5, 15.5, 3], "texture": "#0"},
				"down": {"uv": [4, 15.5, 3.5, 16], "texture": "#0"}
			}
		},
		{
			"from": [12.14645, 5.70711, 9.75],
			"to": [13.39645, 6.95711, 10],
			"rotation": {"angle": 45, "axis": "z", "origin": [8.75, 2.25, 8]},
			"faces": {
				"north": {"uv": [15.5, 3.5, 16, 4], "texture": "#0"},
				"east": {"uv": [4, 15.5, 4.5, 16], "texture": "#0"},
				"south": {"uv": [15.5, 4, 16, 4.5], "texture": "#0"},
				"west": {"uv": [4.5, 15.5, 5, 16], "texture": "#0"},
				"up": {"uv": [16, 5, 15.5, 4.5], "texture": "#0"},
				"down": {"uv": [5.5, 15.5, 5, 16], "texture": "#0"}
			}
		},
		{
			"from": [12.14645, 5.70711, 8],
			"to": [13.39645, 6.95711, 8.25],
			"rotation": {"angle": 45, "axis": "z", "origin": [8.75, 2.25, 8]},
			"faces": {
				"north": {"uv": [15.5, 5, 16, 5.5], "texture": "#0"},
				"east": {"uv": [5.5, 15.5, 6, 16], "texture": "#0"},
				"south": {"uv": [15.5, 5.5, 16, 6], "texture": "#0"},
				"west": {"uv": [6, 15.5, 6.5, 16], "texture": "#0"},
				"up": {"uv": [16, 6.5, 15.5, 6], "texture": "#0"},
				"down": {"uv": [7, 15.5, 6.5, 16], "texture": "#0"}
			}
		},
		{
			"from": [10.64645, 7.45711, 8.75],
			"to": [11.64645, 7.70711, 9.25],
			"rotation": {"angle": 45, "axis": "z", "origin": [8.75, 2.25, 8.25]},
			"faces": {
				"north": {"uv": [15.5, 6.5, 16, 7], "texture": "#0"},
				"east": {"uv": [7, 15.5, 7.5, 16], "texture": "#0"},
				"south": {"uv": [15.5, 7, 16, 7.5], "texture": "#0"},
				"west": {"uv": [7.5, 15.5, 8, 16], "texture": "#0"},
				"up": {"uv": [16, 8, 15.5, 7.5], "texture": "#0"},
				"down": {"uv": [8.5, 15.5, 8, 16], "texture": "#0"}
			}
		},
		{
			"from": [6.23223, 3.44975, 8.75],
			"to": [6.48223, 7.44975, 9.25],
			"rotation": {"angle": 0, "axis": "y", "origin": [0.23223, 0.19975, 0]},
			"faces": {
				"north": {"uv": [1, 4, 1.5, 6], "texture": "#0"},
				"east": {"uv": [4, 1, 4.5, 3], "texture": "#0"},
				"south": {"uv": [1.5, 4, 2, 6], "texture": "#0"},
				"west": {"uv": [2, 4, 2.5, 6], "texture": "#0"},
				"up": {"uv": [16, 8.5, 15.5, 8], "texture": "#0"},
				"down": {"uv": [9, 15.5, 8.5, 16], "texture": "#0"}
			}
		},
		{
			"from": [6.77393, 2.29314, 8.75],
			"to": [7.02393, 3.79314, 9.25],
			"rotation": {"angle": 45, "axis": "z", "origin": [6.9176, 2.96756, 9]},
			"faces": {
				"north": {"uv": [1.5, 7.5, 2, 8.5], "texture": "#0"},
				"east": {"uv": [2, 7.5, 2.5, 8.5], "texture": "#0"},
				"south": {"uv": [2.5, 7.5, 3, 8.5], "texture": "#0"},
				"west": {"uv": [7.5, 2.5, 8, 3.5], "texture": "#0"},
				"up": {"uv": [16, 9, 15.5, 8.5], "texture": "#0"},
				"down": {"uv": [9.5, 15.5, 9, 16], "texture": "#0"}
			}
		}
	],
	"display": {
		"thirdperson_righthand": {
			"rotation": [134.74, -87.8, 134.69],
			"translation": [1, 0.5, 0.75]
		},
		"thirdperson_lefthand": {
			"rotation": [177.65, 85.8, 22.76],
			"translation": [-1.75, -2.25, 1.25]
		},
		"firstperson_righthand": {
			"rotation": [180, -85.25, 180],
			"translation": [1.5, 1.25, -0.5]
		},
		"firstperson_lefthand": {
			"rotation": [142.5, 85.25, 0],
			"translation": [0, 0.75, -0.25]
		},
		"ground": {
			"rotation": [92.38, -0.19, -171.36],
			"translation": [0, -2.25, 0]
		},
		"gui": {
			"rotation": [0, 0, -45.25],
			"translation": [-3.75, -2.75, 0],
			"scale": [0.86719, 0.86719, 0.86719]
		},
		"head": {
			"rotation": [-174.9, -8.99, 32.46],
			"translation": [5.75, -9.75, 6.5],
			"scale": [1.5, 1.5, 1.48]
		},
		"fixed": {
			"rotation": [-130, 87.75, -133],
			"translation": [-2.25, 1.25, -21.25],
			"scale": [2, 2, 2]
		}
	},
	"groups": [
		{
			"name": "рукоять",
			"origin": [8.75, 2.25, 8.25],
			"color": 0,
			"children": [
				0,
				1,
				2,
				3,
				4,
				5,
				6,
				7,
				8,
				9,
				10,
				11,
				12,
				13,
				14,
				15,
				16,
				17,
				18,
				19,
				20,
				21,
				22,
				23,
				24,
				25,
				26,
				27,
				28,
				29,
				30,
				31,
				32,
				33,
				34,
				35,
				36,
				37,
				38,
				39,
				40,
				41,
				42,
				43,
				44,
				45,
				46,
				47
			]
		},
		{
			"name": "лезвие",
			"origin": [8.75, 2.25, 8],
			"color": 0,
			"children": [
				48,
				49,
				50,
				51,
				52,
				53,
				54,
				55,
				56,
				57,
				58,
				59,
				60,
				61,
				62,
				63,
				64,
				65,
				66,
				67,
				68,
				69,
				70,
				71,
				72,
				73,
				74,
				75,
				76,
				77,
				78,
				79,
				80,
				81,
				82,
				83,
				84,
				85,
				86,
				87,
				88,
				89,
				90,
				91,
				92,
				93,
				94,
				95,
				96,
				97,
				98,
				99,
				100,
				101,
				102,
				103,
				104,
				105,
				106,
				107,
				108,
				109,
				110,
				111,
				112,
				113,
				114,
				115,
				116,
				117,
				118,
				119,
				120,
				121,
				122,
				123,
				124,
				125,
				126,
				127,
				128,
				129,
				130,
				131,
				132,
				133,
				134,
				135,
				136,
				137,
				138,
				139,
				140,
				141,
				142,
				143,
				144,
				145,
				146,
				147,
				148,
				149,
				150,
				151
			]
		},
		{
			"name": "гарда",
			"origin": [6.9176, 2.96756, 9],
			"color": 0,
			"children": [152, 153, 154, 155, 156, 157, 158, 159, 160, 161, 162, 163, 164, 165]
		}
	],
	"meta": {
		"format_version": "4.5",
		"model_format": "java_block",
		"box_uv": false
	},
	"name": "111sworld",
	"front_gui_light": false,
	"visible_box": [1, 1, 0],
	"variable_placeholders": "",
	"variable_placeholder_buttons": [],
	"unhandled_root_fields": {},
	"resolution": {
		"width": 32,
		"height": 32
	},
	"outliner": [
		{
			"name": "рукоять",
			"origin": [8.75, 2.25, 8.25],
			"color": 0,
			"uuid": "81c7d79c-6e57-9b78-7c29-7f75aee2e122",
			"export": true,
			"mirror_uv": false,
			"isOpen": true,
			"locked": false,
			"visibility": true,
			"autouv": 0,
			"children": [
				"299135d3-281a-cb74-5901-f929c9bcb192",
				"9b5e4070-0638-7a78-b67c-a9471121e7c4",
				"f400dbb1-d2c9-e0f4-b309-e05382bd8472",
				"f8a07ec8-f120-1ab8-22fc-693c18489d9c",
				"2ab11483-a59d-aff2-be06-3fbe33c399b4",
				"6cccd1ea-f222-b2e4-2bb3-6e0f21ed4ec4",
				"2ef6ccb7-c6f1-a1d6-f93b-0fa5f7ed9bab",
				"a382c9d6-9746-80da-8b30-045b9c9459a1",
				"e447b6d4-abfd-9294-3c2f-fa7c7efbdcae",
				"588bbdfb-b614-4622-fff1-fc0ec15e57ad",
				"5b1f3599-4c08-b161-1e3c-0ef2d3bf5819",
				"0884536b-e681-a0a3-815d-cf6a516e2bb3",
				"f64666ed-9d2b-1d3f-ad14-f8b3eff61690",
				"676e049d-b223-ff94-b86e-46e2a0c5337b",
				"a22e9335-5f57-a518-7e3f-7fb06ebb764a",
				"b48e6721-7963-df9d-1ce3-0a595778b50d",
				"13f6c67c-4c3a-b25f-002d-03200186c45d",
				"e32cea38-af63-6510-e566-738593f0f46f",
				"29e79c44-63c1-5433-e8bb-5ff01eeab788",
				"562623c6-e72b-378d-f62d-678b1e7009f7",
				"b2b69075-52c5-aef1-55a0-564c27e5bb69",
				"31234f7e-fabe-2c7b-02fc-0c572926cba6",
				"f696acd3-5839-052c-7b90-df86551e5f38",
				"b7be877c-ef1c-fbfe-1f19-03a021629885",
				"06d7ce10-9035-422c-7c46-f7ea03f45d05",
				"f907b222-4d3a-9615-6abe-a825a18b74bf",
				"e3982720-eda5-bd51-b355-4b5237065dd9",
				"a18eb08c-11f7-0420-489f-c4c19c9a5670",
				"7b428b57-b8f7-4c8d-3a86-051d1c9fff03",
				"4169a6fa-d392-0923-ae3b-ffe94972eb18",
				"76b04b39-47e6-da2a-0c8e-02d3e9d5492e",
				"15627dfe-75a8-167e-c916-591152a90db5",
				"cbbeac87-77e2-e0d1-b03d-5fbb842d2591",
				"6eddc629-c8be-96cd-3c92-1cfa2a4c8e4d",
				"96fc92df-a951-7394-7a98-4ffc8e390f8d",
				"00b517e1-ac34-b8ab-1045-56dc3105cb3f",
				"aefe286d-3a3a-b8aa-cd21-742a7936c2c4",
				"44d579b0-b1d3-2073-b3c3-a04824045873",
				"7ef83890-3e7b-e457-33c7-3d287cd21717",
				"a1a25ccb-a4a8-3b3c-4721-f6b927d5806f",
				"34504e87-1a75-a501-9a9b-794a1ec33376",
				"4a9d1262-2eba-6669-a269-fe9a42497682",
				"5f3e38ef-908d-b581-79e0-faf34d3f3171",
				"4510d5c0-b91e-fe98-1e3b-89e23c13b6c8",
				"6c16dcbf-c503-f222-8553-8f27bcea1b87",
				"c08f6c30-7b2b-bb52-de32-df641e97ffa3",
				"95846ca2-6e5e-117c-fd8f-546c1d6af67a",
				"eb975c36-ce03-109c-8a29-306c4c0a9c64"
			]
		},
		{
			"name": "лезвие",
			"origin": [8.75, 2.25, 8],
			"color": 0,
			"uuid": "f8c30b28-f154-d99b-0629-6903a6eb85ec",
			"export": true,
			"mirror_uv": false,
			"isOpen": true,
			"locked": false,
			"visibility": true,
			"autouv": 0,
			"children": [
				"64a3c37c-b2f5-5cb2-20e6-38edf5bd021e",
				"57d62f32-cc13-5c59-5038-b847cf372277",
				"18be95b2-253e-2ded-e2c8-ec98c8d431cb",
				"4e104cbe-19ec-048d-72a2-8c9bd69d21e7",
				"ad45e014-37b4-12e9-ae99-af8af6c9daf3",
				"ba656e55-12a0-2f67-2bac-12e2502e8511",
				"78f710f5-9374-6891-2a94-2d3c23a0770c",
				"c2d624b9-0e23-a3d0-9d7d-0ff6005d62db",
				"881d86b3-06df-3487-d542-cafaee800e36",
				"0607a617-f9a1-cf28-97a9-c8c1a26512e0",
				"4778bd71-1493-fc8d-e8d1-4e0f5f3f0b08",
				"bb67a7c6-bf96-2662-66fe-d009538e8856",
				"7d049828-39ea-ece5-e4eb-3266b6753d4c",
				"9d57380f-49db-f6f0-fa25-771ae9bf3096",
				"4fb99543-90ea-d537-8fb3-bcdcc5caa287",
				"8d23f8f7-7bea-c655-7aae-58344da672d8",
				"623b5f18-0757-88cf-7a63-b81ad4db018e",
				"7c750d63-482d-5b9c-07fe-098eaf2da90f",
				"4237bfd2-bff3-79a7-a15d-e2780887dc60",
				"c70a8710-5d99-95f9-b535-f6ee6719e40b",
				"ac26f5bf-5750-a8d4-d987-69edfdba775e",
				"3412802e-4ae7-97c9-5b8d-8dd5a57d51b5",
				"c5cb2ff3-3553-410b-ec13-7c51d4949846",
				"6e3c9259-c1f3-14cf-ecf8-eeed879bcd40",
				"aeea5dfa-773d-d80c-7b59-23f7bcca078e",
				"d97e06d1-26e0-8c42-d891-75e34c264443",
				"09816ea1-af54-b319-6303-2178c9efb855",
				"5756ced6-34b4-d5fa-e695-14e9de10006b",
				"34221a0a-0a36-58c2-0197-c616b7b49fa6",
				"8decf2b2-cf4d-9795-fe63-3c37549622cc",
				"0855f5d3-2ce5-efd9-b5cf-caf9c6848ad8",
				"f218ecfa-df12-bf63-408b-63a8a083ac7f",
				"f8e648c0-93c6-632d-7927-9d8c337fd30a",
				"2dc7c059-2c45-bde8-0747-576840d86923",
				"7a4e8e36-486d-9d2f-b821-a8dad022cc0e",
				"24c2523c-ae68-8e06-8cce-942794a0be7e",
				"4a4766b1-dbb4-3b2a-9c1c-ec841076f742",
				"44715425-7d21-83e4-5d55-f65a2b25d398",
				"3b57f08c-4845-2f43-1865-8d31a3277335",
				"d953ea65-8e11-35c6-0a6c-5dca144562b3",
				"5f51e943-5a89-9ae0-9f68-5797fe261105",
				"f2fec2b8-86d4-3941-5623-c99631a02d37",
				"4e0915e3-4ea3-56d3-3395-9b94b4443c71",
				"5562deab-cfef-e784-ad72-d422b1cf82d2",
				"c1df1407-6431-b5ca-c870-6ab183aad86a",
				"d56824c0-fe78-b24a-9049-6cbb034823be",
				"c4c31206-6766-a67a-64a5-d21f91eba287",
				"fb2ad3ca-2e10-ac89-e5a8-289fdfb8ec46",
				"f3b5cb01-f6f8-368e-90e4-859136843eb7",
				"6f4fda02-a94d-9066-4ddb-b0ece136355d",
				"aa59f13a-a5e6-65d6-e200-85c1e4e97189",
				"7c0c7b92-0ed4-ad67-feb2-d6413493e6d5",
				"7a98a888-9ec9-1102-583e-e222bfcccd67",
				"a3991d07-473b-fae1-fb3e-c405fcda6508",
				"c377366b-c122-8f45-e787-8f09439c5db3",
				"3013b7d3-2083-5681-7886-dce6ab7f635a",
				"ddc9c401-39ce-0ac9-c796-e01e7e0d2f75",
				"0fda1f49-6ecc-46db-e355-bb619932d7be",
				"822fa51e-bcc5-3e65-f9ea-814057fb1a73",
				"e7a7ab15-8f6c-012d-7428-4daca7866838",
				"a3bb0430-fdfb-515e-4a1e-9e801ce1f2f5",
				"87b9d042-79e5-ae17-2222-8d889797dcdd",
				"d5282977-8eca-c4da-cd0d-f5012fc73b7c",
				"694b02f7-eedf-922e-a7e2-eb508289a34a",
				"28c1e4ec-36cb-7d32-6873-118afce15fdc",
				"e71b4ff6-d064-ed4b-b6b0-a7c9af21436c",
				"8c1d5bc0-bbba-9b16-1da9-9ba124477a12",
				"9ba8e543-5052-ae5a-9dd2-21f92e7e82c5",
				"68f01917-b31c-f694-e618-b5e05c269e04",
				"81c15df2-2d78-2996-e021-9e06c59cf11e",
				"59f407e2-abbb-a07d-0a98-efe5b2592dd1",
				"3b03a7fd-5f76-1cf9-0f71-4756c8ce1897",
				"39753b92-5436-3cc2-0c74-a3de2b389d9f",
				"1f368add-7820-11b8-c61f-a5db27ba10c9",
				"f44de20e-3871-7729-6fd9-56d0d69bace5",
				"2263ee38-4234-d8d5-9901-0bf742ce3640",
				"d39ff565-00d2-59a8-9b4f-12319b9496e8",
				"be6b9576-c854-9ae4-ac98-a05fc2732522",
				"516a837b-6785-1f16-7b9b-8ebe8447e0ff",
				"09659ef2-3046-2110-865f-3b8aece62d21",
				"789ce745-a8b2-52e2-a447-8bf04ef6bae0",
				"37a65c9a-fa8d-f6b4-62d2-de1a76f7580e",
				"b0c1ddfe-882b-6349-ff96-f7ce2ea78106",
				"fef1fb94-418c-c64e-35c0-ea1fed5c979c",
				"590dcfad-7aec-e22b-e3cc-f6d7cb3c9a18",
				"f20fbf50-7084-c68c-77b0-d713e017ff26",
				"c917befd-3855-918e-a336-1617d792f3e5",
				"09832015-ccac-7866-64de-a790a4ae805e",
				"236c567d-fc0a-b2bc-30bc-662fc0b22204",
				"ac3830ee-dcd2-14c9-9e07-0a79918fca4f",
				"a6fbe5ce-7122-74d3-4ec1-36c02045c818",
				"3b0af6c2-942b-3bd1-568e-67f357037b72",
				"ac303451-e086-aa1d-01d1-e78ed3e8dfe3",
				"26791c91-23be-bd38-e6cc-ceef82b87832",
				"7a45acf7-1eb5-8cea-b586-ead5d5893674",
				"7ba6019a-d741-68a0-a6e6-5713cc93134d",
				"bb7c0031-e0cf-3063-a449-99964128c04f",
				"caeb57c0-b3b0-b248-facd-4ed1dd1721f2",
				"2d70972f-582c-cdb6-2175-ea92ff5b5739",
				"1c978bcd-1019-2dff-ee3a-e5323be47e86",
				"c82b6df5-8971-a040-d385-01bb2405fbf3",
				"09594b35-0450-aa57-3044-149e3b710610",
				"227df834-98bc-37b3-a18c-6dcd753b19c8",
				"e847c8f8-9bec-0361-ea50-a212dc7043d1"
			]
		},
		{
			"name": "гарда",
			"origin": [6.9176, 2.96756, 9],
			"color": 0,
			"uuid": "173a8f91-7cb8-a0b1-34ac-ea7d98126299",
			"export": true,
			"mirror_uv": false,
			"isOpen": true,
			"locked": false,
			"visibility": true,
			"autouv": 0,
			"children": [
				"f46dd3d3-f259-9c99-5375-7d9b0783c269",
				"4ab873c7-e58a-ce1d-154c-16496d83869b",
				"9d9d8bca-0da5-8b0a-ffa4-0a53d3653c5b",
				"fcee60ed-b327-0d18-1944-24525d074ebd",
				"ee724c05-d2dd-7d35-c929-11058bec9e20",
				"086345df-038a-f45b-fb77-216eed94fde9",
				"07d8740f-d29c-1cff-c18b-ae51938f0310",
				"dd081023-df19-c47a-d140-5f88638b3d79",
				"5dbe5c9b-dca4-e682-b650-47b23f82f2ae",
				"5bd25e85-f5cd-6876-f7cd-84f3ee28fe27",
				"0b41b636-f284-1235-b6ac-a163b2e9b4b2",
				"c99fcd31-a51b-0961-37dc-96fbf4d0df62",
				"7a48c29d-180c-1936-0ef3-edb039ed159e",
				"29409087-54f0-8c86-b73d-9cb14df8639b"
			]
		}
	]
}