{
	"credit": "Made with Blockbench",
	"texture_size": [64, 64],
	"textures": {
		"0": "./new24",
		"particle": "./new24"
	},
	"elements": [
		{
			"from": [6.75, 7, 3.5],
			"to": [16.75, 10, 13.5],
			"rotation": {"angle": 22.5, "axis": "z", "origin": [11.25, 0, 8]},
			"faces": {
				"north": {"uv": [5.25, 3.25, 7.75, 4], "texture": "#0"},
				"east": {"uv": [5.25, 4, 7.75, 4.75], "texture": "#0"},
				"south": {"uv": [0, 5.5, 2.5, 6.25], "texture": "#0"},
				"west": {"uv": [5.5, 4.75, 8, 5.5], "texture": "#0"},
				"up": {"uv": [5.25, 2.5, 2.75, 0], "texture": "#0"},
				"down": {"uv": [5.25, 2.5, 2.75, 5], "texture": "#0"}
			}
		},
		{
			"from": [-2.75, 21.25, 6],
			"to": [8.25, 25.25, 11],
			"rotation": {"angle": 45, "axis": "z", "origin": [22.25, 19, 15]},
			"faces": {
				"north": {"uv": [5.25, 1.25, 8, 2.25], "texture": "#0"},
				"east": {"uv": [5.5, 6.5, 6.75, 7.5], "texture": "#0"},
				"south": {"uv": [5.25, 2.25, 8, 3.25], "texture": "#0"},
				"west": {"uv": [0, 6.75, 1.25, 7.75], "texture": "#0"},
				"up": {"uv": [5.5, 6.25, 2.75, 5], "texture": "#0"},
				"down": {"uv": [8, 0, 5.25, 1.25], "texture": "#0"}
			}
		},
		{
			"from": [0.30017, -0.03353, 6.75],
			"to": [3.80017, 3.46647, 10.25],
			"rotation": {"angle": 22.5, "axis": "z", "origin": [1.25, 1, 9]},
			"faces": {
				"north": {"uv": [1.25, 6.75, 2.25, 7.75], "texture": "#0"},
				"east": {"uv": [2.25, 6.75, 3.25, 7.75], "texture": "#0"},
				"south": {"uv": [3.25, 6.75, 4.25, 7.75], "texture": "#0"},
				"west": {"uv": [4.25, 6.75, 5.25, 7.75], "texture": "#0"},
				"up": {"uv": [7.75, 7.5, 6.75, 6.5], "texture": "#0"},
				"down": {"uv": [6.25, 7.5, 5.25, 8.5], "texture": "#0"}
			}
		},
		{
			"from": [6.25, 5, 3],
			"to": [17.25, 7, 14],
			"rotation": {"angle": 22.5, "axis": "z", "origin": [11.25, 0, 8]},
			"faces": {
				"north": {"uv": [5.5, 5.5, 8.25, 6], "texture": "#0"},
				"east": {"uv": [5.5, 6, 8.25, 6.5], "texture": "#0"},
				"south": {"uv": [0, 6.25, 2.75, 6.75], "texture": "#0"},
				"west": {"uv": [2.75, 6.25, 5.5, 6.75], "texture": "#0"},
				"up": {"uv": [2.75, 2.75, 0, 0], "texture": "#0"},
				"down": {"uv": [2.75, 2.75, 0, 5.5], "texture": "#0"}
			}
		}
	],
	"display": {
		"thirdperson_righthand": {
			"scale": [0.5, 0.5, 0.5]
		},
		"thirdperson_lefthand": {
			"rotation": [0, -180, 0],
			"scale": [0.5, 0.5, 0.5]
		},
		"firstperson_righthand": {
			"translation": [0, 2.5, 0],
			"scale": [0.5, 0.5, 0.5]
		},
		"firstperson_lefthand": {
			"rotation": [0, -180, 0],
			"translation": [0, 2.5, 0],
			"scale": [0.5, 0.5, 0.5]
		},
		"ground": {
			"scale": [0.5, 0.5, 0.5]
		},
		"gui": {
			"translation": [0.75, 0.75, 0]
		},
		"head": {
			"translation": [-2.75, 7, -0.75],
			"scale": [1.6, 1.6, 1.8]
		},
		"fixed": {
			"rotation": [0, -91, 66],
			"translation": [0, 0, -7.5],
			"scale": [2, 2, 2]
		}
	}
}