{
	"credit": "Made with Blockbench",
	"textures": {
		"0": "oh",
		"particle": "oh"
	},
	"elements": [
		{
			"from": [2.5, 11.25, 2.75],
			"to": [6.75, 11.5, 3],
			"faces": {
				"north": {"uv": [4, 6, 8.25, 6.25], "texture": "#0"},
				"east": {"uv": [12, 12, 12.25, 12.25], "texture": "#0"},
				"south": {"uv": [4, 7, 8.25, 7.25], "texture": "#0"},
				"west": {"uv": [0, 13, 0.25, 13.25], "texture": "#0"},
				"up": {"uv": [8.25, 8.25, 4, 8], "texture": "#0"},
				"down": {"uv": [12.25, 4, 8, 4.25], "texture": "#0"}
			}
		},
		{
			"from": [9.25, 11.25, 2.75],
			"to": [13.25, 11.5, 3],
			"faces": {
				"north": {"uv": [9, 6, 13, 6.25], "texture": "#0"},
				"east": {"uv": [1, 13, 1.25, 13.25], "texture": "#0"},
				"south": {"uv": [9, 7, 13, 7.25], "texture": "#0"},
				"west": {"uv": [2, 13, 2.25, 13.25], "texture": "#0"},
				"up": {"uv": [13, 8.25, 9, 8], "texture": "#0"},
				"down": {"uv": [13, 9, 9, 9.25], "texture": "#0"}
			}
		},
		{
			"from": [6.75, 11, 2.75],
			"to": [7.5, 11.5, 3],
			"faces": {
				"north": {"uv": [10, 2, 10.75, 2.5], "texture": "#0"},
				"east": {"uv": [5, 11, 5.25, 11.5], "texture": "#0"},
				"south": {"uv": [10, 3, 10.75, 3.5], "texture": "#0"},
				"west": {"uv": [10, 11, 10.25, 11.5], "texture": "#0"},
				"up": {"uv": [11.75, 2.25, 11, 2], "texture": "#0"},
				"down": {"uv": [3.75, 11, 3, 11.25], "texture": "#0"}
			}
		},
		{
			"from": [7.5, 11.25, 2.75],
			"to": [8.5, 11.5, 3],
			"faces": {
				"north": {"uv": [10, 10, 11, 10.25], "texture": "#0"},
				"east": {"uv": [13, 2, 13.25, 2.25], "texture": "#0"},
				"south": {"uv": [0, 11, 1, 11.25], "texture": "#0"},
				"west": {"uv": [3, 13, 3.25, 13.25], "texture": "#0"},
				"up": {"uv": [2, 11.25, 1, 11], "texture": "#0"},
				"down": {"uv": [3, 11, 2, 11.25], "texture": "#0"}
			}
		},
		{
			"from": [8.5, 11, 2.75],
			"to": [9.25, 11.5, 3],
			"faces": {
				"north": {"uv": [4, 10, 4.75, 10.5], "texture": "#0"},
				"east": {"uv": [11, 10, 11.25, 10.5], "texture": "#0"},
				"south": {"uv": [5, 10, 5.75, 10.5], "texture": "#0"},
				"west": {"uv": [11, 11, 11.25, 11.5], "texture": "#0"},
				"up": {"uv": [11.75, 3.25, 11, 3], "texture": "#0"},
				"down": {"uv": [4.75, 11, 4, 11.25], "texture": "#0"}
			}
		},
		{
			"from": [13, 11.25, 3],
			"to": [13.25, 11.5, 7.75],
			"faces": {
				"north": {"uv": [13, 3, 13.25, 3.25], "texture": "#0"},
				"east": {"uv": [5, 0, 9.75, 0.25], "texture": "#0"},
				"south": {"uv": [4, 13, 4.25, 13.25], "texture": "#0"},
				"west": {"uv": [5, 1, 9.75, 1.25], "texture": "#0"},
				"up": {"uv": [0.25, 10.75, 0, 6], "texture": "#0"},
				"down": {"uv": [1.25, 6, 1, 10.75], "texture": "#0"}
			}
		},
		{
			"from": [13, 11, 7.75],
			"to": [13.25, 11.25, 8.25],
			"faces": {
				"north": {"uv": [13, 4, 13.25, 4.25], "texture": "#0"},
				"east": {"uv": [0, 12, 0.5, 12.25], "texture": "#0"},
				"south": {"uv": [5, 13, 5.25, 13.25], "texture": "#0"},
				"west": {"uv": [1, 12, 1.5, 12.25], "texture": "#0"},
				"up": {"uv": [2.25, 12.5, 2, 12], "texture": "#0"},
				"down": {"uv": [12.25, 2, 12, 2.5], "texture": "#0"}
			}
		},
		{
			"from": [13, 10.5, 8.25],
			"to": [13.25, 11, 8.5],
			"faces": {
				"north": {"uv": [3, 12, 3.25, 12.5], "texture": "#0"},
				"east": {"uv": [12, 3, 12.25, 3.5], "texture": "#0"},
				"south": {"uv": [4, 12, 4.25, 12.5], "texture": "#0"},
				"west": {"uv": [5, 12, 5.25, 12.5], "texture": "#0"},
				"up": {"uv": [13.25, 5.25, 13, 5], "texture": "#0"},
				"down": {"uv": [6.25, 13, 6, 13.25], "texture": "#0"}
			}
		},
		{
			"from": [2.5, 11, 7.75],
			"to": [2.75, 11.25, 8.25],
			"faces": {
				"north": {"uv": [13, 6, 13.25, 6.25], "texture": "#0"},
				"east": {"uv": [6, 12, 6.5, 12.25], "texture": "#0"},
				"south": {"uv": [7, 13, 7.25, 13.25], "texture": "#0"},
				"west": {"uv": [7, 12, 7.5, 12.25], "texture": "#0"},
				"up": {"uv": [8.25, 12.5, 8, 12], "texture": "#0"},
				"down": {"uv": [9.25, 12, 9, 12.5], "texture": "#0"}
			}
		},
		{
			"from": [2.5, 10.25, 8.5],
			"to": [2.75, 10.5, 8.75],
			"faces": {
				"north": {"uv": [13, 7, 13.25, 7.25], "texture": "#0"},
				"east": {"uv": [8, 13, 8.25, 13.25], "texture": "#0"},
				"south": {"uv": [13, 8, 13.25, 8.25], "texture": "#0"},
				"west": {"uv": [9, 13, 9.25, 13.25], "texture": "#0"},
				"up": {"uv": [13.25, 9.25, 13, 9], "texture": "#0"},
				"down": {"uv": [10.25, 13, 10, 13.25], "texture": "#0"}
			}
		},
		{
			"from": [13, 10.25, 8.5],
			"to": [13.25, 10.5, 8.75],
			"faces": {
				"north": {"uv": [13, 10, 13.25, 10.25], "texture": "#0"},
				"east": {"uv": [11, 13, 11.25, 13.25], "texture": "#0"},
				"south": {"uv": [13, 11, 13.25, 11.25], "texture": "#0"},
				"west": {"uv": [12, 13, 12.25, 13.25], "texture": "#0"},
				"up": {"uv": [13.25, 12.25, 13, 12], "texture": "#0"},
				"down": {"uv": [13.25, 13, 13, 13.25], "texture": "#0"}
			}
		},
		{
			"from": [2.5, 11.25, 3],
			"to": [2.75, 11.5, 7.75],
			"faces": {
				"north": {"uv": [0, 14, 0.25, 14.25], "texture": "#0"},
				"east": {"uv": [5, 2, 9.75, 2.25], "texture": "#0"},
				"south": {"uv": [14, 0, 14.25, 0.25], "texture": "#0"},
				"west": {"uv": [5, 3, 9.75, 3.25], "texture": "#0"},
				"up": {"uv": [2.25, 10.75, 2, 6], "texture": "#0"},
				"down": {"uv": [3.25, 6, 3, 10.75], "texture": "#0"}
			}
		},
		{
			"from": [2.5, 10.5, 8.25],
			"to": [2.75, 11, 8.5],
			"faces": {
				"north": {"uv": [10, 12, 10.25, 12.5], "texture": "#0"},
				"east": {"uv": [12, 10, 12.25, 10.5], "texture": "#0"},
				"south": {"uv": [11, 12, 11.25, 12.5], "texture": "#0"},
				"west": {"uv": [12, 11, 12.25, 11.5], "texture": "#0"},
				"up": {"uv": [1.25, 14.25, 1, 14], "texture": "#0"},
				"down": {"uv": [14.25, 1, 14, 1.25], "texture": "#0"}
			}
		},
		{
			"from": [9.25, 10, 2.75],
			"to": [13.25, 11.25, 3],
			"faces": {
				"north": {"uv": [0, 4, 4, 5.25], "texture": "#0"},
				"east": {"uv": [6, 10, 6.25, 11.25], "texture": "#0"},
				"south": {"uv": [4, 4, 8, 5.25], "texture": "#0"},
				"west": {"uv": [7, 10, 7.25, 11.25], "texture": "#0"},
				"up": {"uv": [14, 0.25, 10, 0], "texture": "#0"},
				"down": {"uv": [14, 1, 10, 1.25], "texture": "#0"}
			}
		},
		{
			"from": [2.5, 10, 2.75],
			"to": [6.75, 11.25, 3],
			"rotation": {"angle": 0, "axis": "y", "origin": [16, 0, 0]},
			"faces": {
				"north": {"uv": [0, 0, 4.25, 1.25], "texture": "#0"},
				"east": {"uv": [8, 10, 8.25, 11.25], "texture": "#0"},
				"south": {"uv": [0, 2, 4.25, 3.25], "texture": "#0"},
				"west": {"uv": [9, 10, 9.25, 11.25], "texture": "#0"},
				"up": {"uv": [12.25, 5.25, 8, 5], "texture": "#0"},
				"down": {"uv": [8.25, 9, 4, 9.25], "texture": "#0"}
			}
		}
	],
	"display": {
		"thirdperson_righthand": {
			"translation": [0, -0.75, 2.5],
			"scale": [0.5, 0.5, 0.5]
		},
		"thirdperson_lefthand": {
			"translation": [0, -1, 2.5],
			"scale": [0.5, 0.5, 0.5]
		},
		"firstperson_righthand": {
			"translation": [0, -5.5, -0.75]
		},
		"firstperson_lefthand": {
			"translation": [0, -5.25, 0]
		},
		"ground": {
			"translation": [0, -5.75, 0]
		},
		"gui": {
			"rotation": [-20, 0, 0],
			"translation": [0.25, -2.75, 0]
		},
		"head": {
			"translation": [0, -7.5, -0.5],
			"scale": [1.3, 1.3, 1.3]
		},
		"fixed": {
			"rotation": [-88, 0, 0],
			"translation": [0.5, 2.25, 3.25],
			"scale": [1.5, 1.5, 1.5]
		}
	},
	"groups": [
		0,
		1,
		2,
		3,
		4,
		5,
		6,
		7,
		8,
		9,
		10,
		11,
		12,
		13,
		14,
		{
			"name": "oh",
			"origin": [8, 8, 8],
			"color": 0,
			"children": []
		}
	]
}