{
	"credit": "Made with Blockbench",
	"texture_size": [32, 32],
	"textures": {
		"1": "./sugar"
	},
	"elements": [
		{
			"from": [6.75, 4.75, 6.75],
			"to": [9.25, 5, 9.25],
			"faces": {
				"north": {"uv": [10, 8, 11.25, 8.125], "texture": "#1"},
				"east": {"uv": [10, 8.5, 11.25, 8.625], "texture": "#1"},
				"south": {"uv": [10, 9, 11.25, 9.125], "texture": "#1"},
				"west": {"uv": [10, 9.5, 11.25, 9.625], "texture": "#1"},
				"up": {"uv": [4.25, 10.25, 3, 9], "texture": "#1"},
				"down": {"uv": [10.25, 3, 9, 4.25], "texture": "#1"}
			}
		},
		{
			"from": [6.75, 4.75, 6.5],
			"to": [9.25, 5, 6.75],
			"faces": {
				"north": {"uv": [10, 10, 11.25, 10.125], "texture": "#1"},
				"east": {"uv": [11, 11.5, 11.125, 11.625], "texture": "#1"},
				"south": {"uv": [0, 10.5, 1.25, 10.625], "texture": "#1"},
				"west": {"uv": [11.5, 11, 11.625, 11.125], "texture": "#1"},
				"up": {"uv": [11.75, 0.125, 10.5, 0], "texture": "#1"},
				"down": {"uv": [11.75, 0.5, 10.5, 0.625], "texture": "#1"}
			}
		},
		{
			"from": [6.75, 4.75, 9.25],
			"to": [9.25, 5, 9.5],
			"faces": {
				"north": {"uv": [10.5, 5, 11.75, 5.125], "texture": "#1"},
				"east": {"uv": [12, 1, 12.125, 1.125], "texture": "#1"},
				"south": {"uv": [10.5, 5.5, 11.75, 5.625], "texture": "#1"},
				"west": {"uv": [1.5, 12, 1.625, 12.125], "texture": "#1"},
				"up": {"uv": [10.75, 10.625, 9.5, 10.5], "texture": "#1"},
				"down": {"uv": [1.25, 11, 0, 11.125], "texture": "#1"}
			}
		},
		{
			"from": [9.25, 4.75, 6.75],
			"to": [9.5, 5, 9.25],
			"faces": {
				"north": {"uv": [11.5, 11.5, 11.625, 11.625], "texture": "#1"},
				"east": {"uv": [10.5, 1, 11.75, 1.125], "texture": "#1"},
				"south": {"uv": [12, 0, 12.125, 0.125], "texture": "#1"},
				"west": {"uv": [1.5, 10.5, 2.75, 10.625], "texture": "#1"},
				"up": {"uv": [10.625, 2.75, 10.5, 1.5], "texture": "#1"},
				"down": {"uv": [3.125, 10.5, 3, 11.75], "texture": "#1"}
			}
		},
		{
			"from": [6.5, 4.75, 6.75],
			"to": [6.75, 5, 9.25],
			"faces": {
				"north": {"uv": [12, 0.5, 12.125, 0.625], "texture": "#1"},
				"east": {"uv": [10.5, 3, 11.75, 3.125], "texture": "#1"},
				"south": {"uv": [1, 12, 1.125, 12.125], "texture": "#1"},
				"west": {"uv": [3.5, 10.5, 4.75, 10.625], "texture": "#1"},
				"up": {"uv": [10.625, 4.75, 10.5, 3.5], "texture": "#1"},
				"down": {"uv": [9.125, 10.5, 9, 11.75], "texture": "#1"}
			}
		},
		{
			"from": [7.75, 5, 7.5],
			"to": [8.25, 7.75, 8.5],
			"faces": {
				"north": {"uv": [9.5, 9, 9.75, 10.375], "texture": "#1"},
				"east": {"uv": [4.5, 9, 5, 10.375], "texture": "#1"},
				"south": {"uv": [10, 4.5, 10.25, 5.875], "texture": "#1"},
				"west": {"uv": [9, 4.5, 9.5, 5.875], "texture": "#1"},
				"up": {"uv": [9.75, 11.5, 9.5, 11], "texture": "#1"},
				"down": {"uv": [10.25, 11, 10, 11.5], "texture": "#1"}
			}
		},
		{
			"from": [6.5, 7.75, 6.5],
			"to": [9.5, 16.25, 9.5],
			"faces": {
				"north": {"uv": [0, 0, 1.5, 4.25], "texture": "#1"},
				"east": {"uv": [1.5, 0, 3, 4.25], "texture": "#1"},
				"south": {"uv": [3, 0, 4.5, 4.25], "texture": "#1"},
				"west": {"uv": [0, 4.5, 1.5, 8.75], "texture": "#1"},
				"up": {"uv": [1.5, 10.5, 0, 9], "texture": "#1"},
				"down": {"uv": [10.5, 0, 9, 1.5], "texture": "#1"}
			}
		},
		{
			"from": [6.75, 7.75, 9.5],
			"to": [9.25, 16.25, 9.75],
			"faces": {
				"north": {"uv": [4.5, 0, 5.75, 4.25], "texture": "#1"},
				"east": {"uv": [6, 9, 6.125, 13.25], "texture": "#1"},
				"south": {"uv": [1.5, 4.5, 2.75, 8.75], "texture": "#1"},
				"west": {"uv": [9, 6, 9.125, 10.25], "texture": "#1"},
				"up": {"uv": [2.75, 11.125, 1.5, 11], "texture": "#1"},
				"down": {"uv": [12.25, 1.5, 11, 1.625], "texture": "#1"}
			}
		},
		{
			"from": [6.75, 7.75, 6.25],
			"to": [9.25, 16.25, 6.5],
			"faces": {
				"north": {"uv": [3, 4.5, 4.25, 8.75], "texture": "#1"},
				"east": {"uv": [6.5, 9, 6.625, 13.25], "texture": "#1"},
				"south": {"uv": [4.5, 4.5, 5.75, 8.75], "texture": "#1"},
				"west": {"uv": [7, 9, 7.125, 13.25], "texture": "#1"},
				"up": {"uv": [12.25, 2.125, 11, 2], "texture": "#1"},
				"down": {"uv": [12.25, 2.5, 11, 2.625], "texture": "#1"}
			}
		},
		{
			"from": [6.25, 7.75, 6.75],
			"to": [6.5, 16.25, 9.25],
			"faces": {
				"north": {"uv": [7.5, 9, 7.625, 13.25], "texture": "#1"},
				"east": {"uv": [6, 0, 7.25, 4.25], "texture": "#1"},
				"south": {"uv": [8, 9, 8.125, 13.25], "texture": "#1"},
				"west": {"uv": [6, 4.5, 7.25, 8.75], "texture": "#1"},
				"up": {"uv": [3.625, 12.25, 3.5, 11], "texture": "#1"},
				"down": {"uv": [11.125, 3.5, 11, 4.75], "texture": "#1"}
			}
		},
		{
			"from": [9.5, 7.75, 6.75],
			"to": [9.75, 16.25, 9.25],
			"faces": {
				"north": {"uv": [8.5, 9, 8.625, 13.25], "texture": "#1"},
				"east": {"uv": [7.5, 0, 8.75, 4.25], "texture": "#1"},
				"south": {"uv": [9.5, 4.5, 9.625, 8.75], "texture": "#1"},
				"west": {"uv": [7.5, 4.5, 8.75, 8.75], "texture": "#1"},
				"up": {"uv": [4.125, 12.25, 4, 11], "texture": "#1"},
				"down": {"uv": [4.625, 11, 4.5, 12.25], "texture": "#1"}
			}
		},
		{
			"from": [6.75, 16.25, 6.75],
			"to": [9.25, 16.5, 9.25],
			"faces": {
				"north": {"uv": [10, 6, 11.25, 6.125], "texture": "#1"},
				"east": {"uv": [10, 6.5, 11.25, 6.625], "texture": "#1"},
				"south": {"uv": [10, 7, 11.25, 7.125], "texture": "#1"},
				"west": {"uv": [10, 7.5, 11.25, 7.625], "texture": "#1"},
				"up": {"uv": [2.75, 10.25, 1.5, 9], "texture": "#1"},
				"down": {"uv": [10.25, 1.5, 9, 2.75], "texture": "#1"}
			}
		},
		{
			"from": [7.75, 16.5, 7.75],
			"to": [8.25, 16.75, 8.25],
			"faces": {
				"north": {"uv": [11.5, 9.5, 11.75, 9.625], "texture": "#1"},
				"east": {"uv": [10, 11.5, 10.25, 11.625], "texture": "#1"},
				"south": {"uv": [11.5, 10, 11.75, 10.125], "texture": "#1"},
				"west": {"uv": [10.5, 11.5, 10.75, 11.625], "texture": "#1"},
				"up": {"uv": [5.75, 11.75, 5.5, 11.5], "texture": "#1"},
				"down": {"uv": [9.75, 11.5, 9.5, 11.75], "texture": "#1"}
			}
		},
		{
			"from": [9.25, 16.25, 7],
			"to": [9.5, 16.5, 9],
			"faces": {
				"north": {"uv": [2, 12, 2.125, 12.125], "texture": "#1"},
				"east": {"uv": [10.5, 11, 11.5, 11.125], "texture": "#1"},
				"south": {"uv": [2.5, 12, 2.625, 12.125], "texture": "#1"},
				"west": {"uv": [11, 10.5, 12, 10.625], "texture": "#1"},
				"up": {"uv": [0.125, 12.5, 0, 11.5], "texture": "#1"},
				"down": {"uv": [0.625, 11.5, 0.5, 12.5], "texture": "#1"}
			}
		},
		{
			"from": [6.5, 16.25, 7],
			"to": [6.75, 16.5, 9],
			"faces": {
				"north": {"uv": [3, 12, 3.125, 12.125], "texture": "#1"},
				"east": {"uv": [1, 11.5, 2, 11.625], "texture": "#1"},
				"south": {"uv": [12, 3, 12.125, 3.125], "texture": "#1"},
				"west": {"uv": [2, 11.5, 3, 11.625], "texture": "#1"},
				"up": {"uv": [11.625, 4.5, 11.5, 3.5], "texture": "#1"},
				"down": {"uv": [5.125, 11.5, 5, 12.5], "texture": "#1"}
			}
		},
		{
			"from": [7, 16.25, 6.5],
			"to": [9, 16.5, 6.75],
			"faces": {
				"north": {"uv": [11.5, 4.5, 12.5, 4.625], "texture": "#1"},
				"east": {"uv": [12, 3.5, 12.125, 3.625], "texture": "#1"},
				"south": {"uv": [11.5, 6, 12.5, 6.125], "texture": "#1"},
				"west": {"uv": [12, 4, 12.125, 4.125], "texture": "#1"},
				"up": {"uv": [12.5, 6.625, 11.5, 6.5], "texture": "#1"},
				"down": {"uv": [12.5, 7, 11.5, 7.125], "texture": "#1"}
			}
		},
		{
			"from": [7, 16.25, 9.25],
			"to": [9, 16.5, 9.5],
			"faces": {
				"north": {"uv": [11.5, 7.5, 12.5, 7.625], "texture": "#1"},
				"east": {"uv": [12, 5, 12.125, 5.125], "texture": "#1"},
				"south": {"uv": [11.5, 8, 12.5, 8.125], "texture": "#1"},
				"west": {"uv": [5.5, 12, 5.625, 12.125], "texture": "#1"},
				"up": {"uv": [12.5, 8.625, 11.5, 8.5], "texture": "#1"},
				"down": {"uv": [12.5, 9, 11.5, 9.125], "texture": "#1"}
			}
		},
		{
			"from": [8, 16.5, 7.75],
			"to": [8, 20.75, 8.25],
			"faces": {
				"north": {"uv": [0, 0, 0, 2.125], "texture": "#1"},
				"east": {"uv": [5, 9, 5.25, 11.125], "texture": "#1"},
				"south": {"uv": [0, 0, 0, 2.125], "texture": "#1"},
				"west": {"uv": [5.5, 9, 5.75, 11.125], "texture": "#1"},
				"up": {"uv": [0, 0.25, 0, 0], "texture": "#1"},
				"down": {"uv": [0, 0, 0, 0.25], "texture": "#1"}
			}
		}
	],
	"display": {
		"thirdperson_righthand": {
			"translation": [-0.5, -4, 0],
			"scale": [0.5, 0.5, 0.5]
		},
		"thirdperson_lefthand": {
			"rotation": [160.18, 27.13, 84.02],
			"translation": [6.25, -0.25, 11.5],
			"scale": [0.5, 0.5, 0.5]
		},
		"firstperson_righthand": {
			"translation": [0, 0.25, 0],
			"scale": [0.5, 0.5, 0.5]
		},
		"firstperson_lefthand": {
			"translation": [20.5, 0, 0],
			"scale": [0.5, 0.5, 0.5]
		},
		"ground": {
			"rotation": [3.56, 23.36, 90.59],
			"translation": [0.75, -1, -1.75],
			"scale": [0.5, 0.5, 0.5]
		},
		"gui": {
			"rotation": [0, 0, -43.5],
			"translation": [-1.75, -2.25, -80]
		},
		"head": {
			"rotation": [-83.3, 55.92, -90.58],
			"translation": [-11, 14.75, 0]
		},
		"fixed": {
			"rotation": [80, 0, 0],
			"translation": [0, -2.25, -10.5]
		}
	}
}