{
	"credit": "Made with Blockbench",
	"textures": {
		"0": "./tobl_cn",
		"particle": "./tobl_cn"
	},
	"elements": [
		{
			"from": [8.5, 0.75, 6],
			"to": [9.75, 1, 6.25],
			"faces": {
				"north": {"uv": [0, 4, 1.25, 4.25], "texture": "#0"},
				"east": {"uv": [11, 7, 11.25, 7.25], "texture": "#0"},
				"south": {"uv": [4, 0, 5.25, 0.25], "texture": "#0"},
				"west": {"uv": [9, 11, 9.25, 11.25], "texture": "#0"},
				"up": {"uv": [5.25, 1.25, 4, 1], "texture": "#0"},
				"down": {"uv": [3.25, 4, 2, 4.25], "texture": "#0"}
			}
		},
		{
			"from": [8.5, 1, 6.25],
			"to": [9.75, 1.25, 6.5],
			"faces": {
				"north": {"uv": [4, 6, 5.25, 6.25], "texture": "#0"},
				"east": {"uv": [13, 3, 13.25, 3.25], "texture": "#0"},
				"south": {"uv": [6, 5, 7.25, 5.25], "texture": "#0"},
				"west": {"uv": [4, 13, 4.25, 13.25], "texture": "#0"},
				"up": {"uv": [7.25, 6.25, 6, 6], "texture": "#0"},
				"down": {"uv": [8.25, 0, 7, 0.25], "texture": "#0"}
			}
		},
		{
			"from": [8.5, 0.75, 8],
			"to": [9.75, 1, 8.25],
			"faces": {
				"north": {"uv": [4, 2, 5.25, 2.25], "texture": "#0"},
				"east": {"uv": [10, 11, 10.25, 11.25], "texture": "#0"},
				"south": {"uv": [4, 3, 5.25, 3.25], "texture": "#0"},
				"west": {"uv": [11, 10, 11.25, 10.25], "texture": "#0"},
				"up": {"uv": [5.25, 4.25, 4, 4], "texture": "#0"},
				"down": {"uv": [1.25, 5, 0, 5.25], "texture": "#0"}
			}
		},
		{
			"from": [8.5, 1, 7.75],
			"to": [9.75, 1.25, 8],
			"faces": {
				"north": {"uv": [5, 7, 6.25, 7.25], "texture": "#0"},
				"east": {"uv": [13, 5, 13.25, 5.25], "texture": "#0"},
				"south": {"uv": [7, 7, 8.25, 7.25], "texture": "#0"},
				"west": {"uv": [6, 13, 6.25, 13.25], "texture": "#0"},
				"up": {"uv": [1.25, 8.25, 0, 8], "texture": "#0"},
				"down": {"uv": [3.25, 8, 2, 8.25], "texture": "#0"}
			}
		},
		{
			"from": [8.25, 0.75, 7.75],
			"to": [8.5, 1, 8],
			"faces": {
				"north": {"uv": [11, 11, 11.25, 11.25], "texture": "#0"},
				"east": {"uv": [0, 12, 0.25, 12.25], "texture": "#0"},
				"south": {"uv": [1, 12, 1.25, 12.25], "texture": "#0"},
				"west": {"uv": [2, 12, 2.25, 12.25], "texture": "#0"},
				"up": {"uv": [3.25, 12.25, 3, 12], "texture": "#0"},
				"down": {"uv": [4.25, 12, 4, 12.25], "texture": "#0"}
			}
		},
		{
			"from": [8.25, 0.75, 6.25],
			"to": [8.5, 1, 6.5],
			"faces": {
				"north": {"uv": [8, 12, 8.25, 12.25], "texture": "#0"},
				"east": {"uv": [12, 8, 12.25, 8.25], "texture": "#0"},
				"south": {"uv": [9, 12, 9.25, 12.25], "texture": "#0"},
				"west": {"uv": [12, 9, 12.25, 9.25], "texture": "#0"},
				"up": {"uv": [10.25, 12.25, 10, 12], "texture": "#0"},
				"down": {"uv": [12.25, 10, 12, 10.25], "texture": "#0"}
			}
		},
		{
			"from": [8, 0.75, 6.5],
			"to": [8.25, 1, 7.75],
			"faces": {
				"north": {"uv": [13, 1, 13.25, 1.25], "texture": "#0"},
				"east": {"uv": [2, 5, 3.25, 5.25], "texture": "#0"},
				"south": {"uv": [2, 13, 2.25, 13.25], "texture": "#0"},
				"west": {"uv": [4, 5, 5.25, 5.25], "texture": "#0"},
				"up": {"uv": [0.25, 7.25, 0, 6], "texture": "#0"},
				"down": {"uv": [6.25, 0, 6, 1.25], "texture": "#0"}
			}
		},
		{
			"from": [8.25, 1, 6.5],
			"to": [8.5, 1.25, 7.75],
			"faces": {
				"north": {"uv": [13, 6, 13.25, 6.25], "texture": "#0"},
				"east": {"uv": [8, 2, 9.25, 2.25], "texture": "#0"},
				"south": {"uv": [7, 13, 7.25, 13.25], "texture": "#0"},
				"west": {"uv": [8, 3, 9.25, 3.25], "texture": "#0"},
				"up": {"uv": [8.25, 5.25, 8, 4], "texture": "#0"},
				"down": {"uv": [5.25, 8, 5, 9.25], "texture": "#0"}
			}
		},
		{
			"from": [8.5, 1.25, 6.5],
			"to": [9.75, 1.25, 7.75],
			"faces": {
				"north": {"uv": [0, 0, 1.25, 0], "texture": "#0"},
				"east": {"uv": [0, 0, 1.25, 0], "texture": "#0"},
				"south": {"uv": [0, 0, 1.25, 0], "texture": "#0"},
				"west": {"uv": [0, 0, 1.25, 0], "texture": "#0"},
				"up": {"uv": [1.25, 1.25, 0, 0], "texture": "#0"},
				"down": {"uv": [1.25, 2, 0, 3.25], "texture": "#0"}
			}
		},
		{
			"from": [8.5, 0.25, 6.5],
			"to": [9.75, 0.25, 7.75],
			"faces": {
				"north": {"uv": [0, 0, 1.25, 0], "texture": "#0"},
				"east": {"uv": [0, 0, 1.25, 0], "texture": "#0"},
				"south": {"uv": [0, 0, 1.25, 0], "texture": "#0"},
				"west": {"uv": [0, 0, 1.25, 0], "texture": "#0"},
				"up": {"uv": [3.25, 1.25, 2, 0], "texture": "#0"},
				"down": {"uv": [3.25, 2, 2, 3.25], "texture": "#0"}
			}
		},
		{
			"from": [9.75, 0.75, 7.75],
			"to": [10, 1, 8],
			"faces": {
				"north": {"uv": [12, 4, 12.25, 4.25], "texture": "#0"},
				"east": {"uv": [5, 12, 5.25, 12.25], "texture": "#0"},
				"south": {"uv": [12, 5, 12.25, 5.25], "texture": "#0"},
				"west": {"uv": [12, 6, 12.25, 6.25], "texture": "#0"},
				"up": {"uv": [7.25, 12.25, 7, 12], "texture": "#0"},
				"down": {"uv": [12.25, 7, 12, 7.25], "texture": "#0"}
			}
		},
		{
			"from": [9.75, 0.75, 6.25],
			"to": [10, 1, 6.5],
			"faces": {
				"north": {"uv": [11, 12, 11.25, 12.25], "texture": "#0"},
				"east": {"uv": [12, 11, 12.25, 11.25], "texture": "#0"},
				"south": {"uv": [12, 12, 12.25, 12.25], "texture": "#0"},
				"west": {"uv": [0, 13, 0.25, 13.25], "texture": "#0"},
				"up": {"uv": [13.25, 0.25, 13, 0], "texture": "#0"},
				"down": {"uv": [1.25, 13, 1, 13.25], "texture": "#0"}
			}
		},
		{
			"from": [10, 0.75, 6.5],
			"to": [10.25, 1, 7.75],
			"faces": {
				"north": {"uv": [13, 2, 13.25, 2.25], "texture": "#0"},
				"east": {"uv": [1, 6, 2.25, 6.25], "texture": "#0"},
				"south": {"uv": [3, 13, 3.25, 13.25], "texture": "#0"},
				"west": {"uv": [6, 2, 7.25, 2.25], "texture": "#0"},
				"up": {"uv": [3.25, 7.25, 3, 6], "texture": "#0"},
				"down": {"uv": [6.25, 3, 6, 4.25], "texture": "#0"}
			}
		},
		{
			"from": [10, 0.5, 6.5],
			"to": [10.25, 0.75, 7.75],
			"faces": {
				"north": {"uv": [9, 14, 9.25, 14.25], "texture": "#0"},
				"east": {"uv": [8, 9, 9.25, 9.25], "texture": "#0"},
				"south": {"uv": [14, 9, 14.25, 9.25], "texture": "#0"},
				"west": {"uv": [0, 10, 1.25, 10.25], "texture": "#0"},
				"up": {"uv": [4.25, 10.25, 4, 9], "texture": "#0"},
				"down": {"uv": [10.25, 2, 10, 3.25], "texture": "#0"}
			}
		},
		{
			"from": [9.75, 0.5, 7.75],
			"to": [10, 0.75, 8],
			"faces": {
				"north": {"uv": [6, 14, 6.25, 14.25], "texture": "#0"},
				"east": {"uv": [14, 6, 14.25, 6.25], "texture": "#0"},
				"south": {"uv": [7, 14, 7.25, 14.25], "texture": "#0"},
				"west": {"uv": [14, 7, 14.25, 7.25], "texture": "#0"},
				"up": {"uv": [8.25, 14.25, 8, 14], "texture": "#0"},
				"down": {"uv": [14.25, 8, 14, 8.25], "texture": "#0"}
			}
		},
		{
			"from": [8.5, 0.5, 8],
			"to": [9.75, 0.75, 8.25],
			"faces": {
				"north": {"uv": [9, 4, 10.25, 4.25], "texture": "#0"},
				"east": {"uv": [5, 14, 5.25, 14.25], "texture": "#0"},
				"south": {"uv": [9, 5, 10.25, 5.25], "texture": "#0"},
				"west": {"uv": [14, 5, 14.25, 5.25], "texture": "#0"},
				"up": {"uv": [7.25, 9.25, 6, 9], "texture": "#0"},
				"down": {"uv": [10.25, 7, 9, 7.25], "texture": "#0"}
			}
		},
		{
			"from": [8.25, 0.5, 7.75],
			"to": [8.5, 0.75, 8],
			"faces": {
				"north": {"uv": [2, 14, 2.25, 14.25], "texture": "#0"},
				"east": {"uv": [14, 2, 14.25, 2.25], "texture": "#0"},
				"south": {"uv": [3, 14, 3.25, 14.25], "texture": "#0"},
				"west": {"uv": [14, 3, 14.25, 3.25], "texture": "#0"},
				"up": {"uv": [4.25, 14.25, 4, 14], "texture": "#0"},
				"down": {"uv": [14.25, 4, 14, 4.25], "texture": "#0"}
			}
		},
		{
			"from": [8, 0.5, 6.5],
			"to": [8.25, 0.75, 7.75],
			"faces": {
				"north": {"uv": [1, 14, 1.25, 14.25], "texture": "#0"},
				"east": {"uv": [9, 0, 10.25, 0.25], "texture": "#0"},
				"south": {"uv": [14, 1, 14.25, 1.25], "texture": "#0"},
				"west": {"uv": [9, 1, 10.25, 1.25], "texture": "#0"},
				"up": {"uv": [2.25, 10.25, 2, 9], "texture": "#0"},
				"down": {"uv": [3.25, 9, 3, 10.25], "texture": "#0"}
			}
		},
		{
			"from": [8.25, 0.5, 6.25],
			"to": [8.5, 0.75, 6.5],
			"faces": {
				"north": {"uv": [13, 11, 13.25, 11.25], "texture": "#0"},
				"east": {"uv": [12, 13, 12.25, 13.25], "texture": "#0"},
				"south": {"uv": [13, 12, 13.25, 12.25], "texture": "#0"},
				"west": {"uv": [13, 13, 13.25, 13.25], "texture": "#0"},
				"up": {"uv": [0.25, 14.25, 0, 14], "texture": "#0"},
				"down": {"uv": [14.25, 0, 14, 0.25], "texture": "#0"}
			}
		},
		{
			"from": [8.5, 0.5, 6],
			"to": [9.75, 0.75, 6.25],
			"faces": {
				"north": {"uv": [6, 8, 7.25, 8.25], "texture": "#0"},
				"east": {"uv": [13, 10, 13.25, 10.25], "texture": "#0"},
				"south": {"uv": [8, 6, 9.25, 6.25], "texture": "#0"},
				"west": {"uv": [11, 13, 11.25, 13.25], "texture": "#0"},
				"up": {"uv": [9.25, 8.25, 8, 8], "texture": "#0"},
				"down": {"uv": [1.25, 9, 0, 9.25], "texture": "#0"}
			}
		},
		{
			"from": [9.75, 0.5, 6.25],
			"to": [10, 0.75, 6.5],
			"faces": {
				"north": {"uv": [13, 7, 13.25, 7.25], "texture": "#0"},
				"east": {"uv": [8, 13, 8.25, 13.25], "texture": "#0"},
				"south": {"uv": [13, 8, 13.25, 8.25], "texture": "#0"},
				"west": {"uv": [9, 13, 9.25, 13.25], "texture": "#0"},
				"up": {"uv": [13.25, 9.25, 13, 9], "texture": "#0"},
				"down": {"uv": [10.25, 13, 10, 13.25], "texture": "#0"}
			}
		},
		{
			"from": [9.75, 1, 6.5],
			"to": [10, 1.25, 7.75],
			"faces": {
				"north": {"uv": [13, 4, 13.25, 4.25], "texture": "#0"},
				"east": {"uv": [1, 7, 2.25, 7.25], "texture": "#0"},
				"south": {"uv": [5, 13, 5.25, 13.25], "texture": "#0"},
				"west": {"uv": [7, 1, 8.25, 1.25], "texture": "#0"},
				"up": {"uv": [7.25, 4.25, 7, 3], "texture": "#0"},
				"down": {"uv": [4.25, 7, 4, 8.25], "texture": "#0"}
			}
		},
		{
			"from": [9.75, 0.25, 6.5],
			"to": [10, 0.5, 7.75],
			"faces": {
				"north": {"uv": [13, 14, 13.25, 14.25], "texture": "#0"},
				"east": {"uv": [11, 3, 12.25, 3.25], "texture": "#0"},
				"south": {"uv": [14, 13, 14.25, 13.25], "texture": "#0"},
				"west": {"uv": [4, 11, 5.25, 11.25], "texture": "#0"},
				"up": {"uv": [11.25, 5.25, 11, 4], "texture": "#0"},
				"down": {"uv": [6.25, 11, 6, 12.25], "texture": "#0"}
			}
		},
		{
			"from": [8.5, 0.25, 7.75],
			"to": [9.75, 0.5, 8],
			"faces": {
				"north": {"uv": [11, 0, 12.25, 0.25], "texture": "#0"},
				"east": {"uv": [12, 14, 12.25, 14.25], "texture": "#0"},
				"south": {"uv": [11, 1, 12.25, 1.25], "texture": "#0"},
				"west": {"uv": [14, 12, 14.25, 12.25], "texture": "#0"},
				"up": {"uv": [3.25, 11.25, 2, 11], "texture": "#0"},
				"down": {"uv": [12.25, 2, 11, 2.25], "texture": "#0"}
			}
		},
		{
			"from": [8.5, 0.25, 6.25],
			"to": [9.75, 0.5, 6.5],
			"faces": {
				"north": {"uv": [10, 8, 11.25, 8.25], "texture": "#0"},
				"east": {"uv": [11, 14, 11.25, 14.25], "texture": "#0"},
				"south": {"uv": [9, 10, 10.25, 10.25], "texture": "#0"},
				"west": {"uv": [14, 11, 14.25, 11.25], "texture": "#0"},
				"up": {"uv": [11.25, 9.25, 10, 9], "texture": "#0"},
				"down": {"uv": [1.25, 11, 0, 11.25], "texture": "#0"}
			}
		},
		{
			"from": [8.25, 0.25, 6.5],
			"to": [8.5, 0.5, 7.75],
			"faces": {
				"north": {"uv": [10, 14, 10.25, 14.25], "texture": "#0"},
				"east": {"uv": [5, 10, 6.25, 10.25], "texture": "#0"},
				"south": {"uv": [14, 10, 14.25, 10.25], "texture": "#0"},
				"west": {"uv": [10, 6, 11.25, 6.25], "texture": "#0"},
				"up": {"uv": [7.25, 11.25, 7, 10], "texture": "#0"},
				"down": {"uv": [8.25, 10, 8, 11.25], "texture": "#0"}
			}
		}
	],
	"display": {
		"thirdperson_righthand": {
			"rotation": [-18.33, -67.4, -5.38],
			"translation": [-1.75, 3.5, -1],
			"scale": [0.5, 0.5, 0.5]
		},
		"thirdperson_lefthand": {
			"rotation": [2.65, -19.03, 4.88],
			"translation": [-1, 3.75, 1],
			"scale": [0.5, 0.5, 0.5]
		},
		"firstperson_righthand": {
			"translation": [1, 6.25, 0]
		},
		"firstperson_lefthand": {
			"translation": [2.25, 6.25, 0]
		},
		"ground": {
			"translation": [0, 4, 0]
		},
		"gui": {
			"rotation": [-90.75, 0, 0],
			"translation": [-0.75, 0.5, -71.5]
		},
		"head": {
			"rotation": [110.75, 0, 0],
			"translation": [-1, -9.25, 0.25]
		},
		"fixed": {
			"rotation": [89.5, 0, 0],
			"translation": [-1, -0.5, 7.75]
		}
	}
}