{
	"credit": "Made with Blockbench",
	"texture_size": [64, 64],
	"textures": {
		"0": "./coffee",
		"particle": "./coffee"
	},
	"elements": [
		{
			"from": [6.75, 0, 5.75],
			"to": [9, 5, 6.25],
			"faces": {
				"north": {"uv": [2.5, 2.5, 3.0625, 3.75], "texture": "#0"},
				"east": {"uv": [5.75, 3.75, 5.875, 5], "texture": "#0"},
				"south": {"uv": [3, 0, 3.5625, 1.25], "texture": "#0"},
				"west": {"uv": [5.75, 5, 5.875, 6.25], "texture": "#0"},
				"up": {"uv": [8.0625, 2.875, 7.5, 2.75], "texture": "#0"},
				"down": {"uv": [8.0625, 3, 7.5, 3.125], "texture": "#0"}
			}
		},
		{
			"from": [9, 0, 6.25],
			"to": [10, 5, 6.75],
			"faces": {
				"north": {"uv": [4, 5, 4.25, 6.25], "texture": "#0"},
				"east": {"uv": [6.25, 3.75, 6.375, 5], "texture": "#0"},
				"south": {"uv": [4.25, 5, 4.5, 6.25], "texture": "#0"},
				"west": {"uv": [4, 6.25, 4.125, 7.5], "texture": "#0"},
				"up": {"uv": [5.5, 8.625, 5.25, 8.5], "texture": "#0"},
				"down": {"uv": [8.75, 5.25, 8.5, 5.375], "texture": "#0"}
			}
		},
		{
			"from": [10, 0, 6.75],
			"to": [10.5, 5, 7.75],
			"faces": {
				"north": {"uv": [3.5, 6.25, 3.625, 7.5], "texture": "#0"},
				"east": {"uv": [3.5, 5, 3.75, 6.25], "texture": "#0"},
				"south": {"uv": [3.75, 6.25, 3.875, 7.5], "texture": "#0"},
				"west": {"uv": [3.75, 5, 4, 6.25], "texture": "#0"},
				"up": {"uv": [5.125, 8.75, 5, 8.5], "texture": "#0"},
				"down": {"uv": [8.625, 5, 8.5, 5.25], "texture": "#0"}
			}
		},
		{
			"from": [5.75, 0, 6.25],
			"to": [6.75, 5, 6.75],
			"faces": {
				"north": {"uv": [1.25, 5, 1.5, 6.25], "texture": "#0"},
				"east": {"uv": [6.25, 1.25, 6.375, 2.5], "texture": "#0"},
				"south": {"uv": [1.5, 5, 1.75, 6.25], "texture": "#0"},
				"west": {"uv": [1.5, 6.25, 1.625, 7.5], "texture": "#0"},
				"up": {"uv": [3.25, 8.625, 3, 8.5], "texture": "#0"},
				"down": {"uv": [8.75, 3, 8.5, 3.125], "texture": "#0"}
			}
		},
		{
			"from": [5.25, 0, 6.75],
			"to": [5.75, 5, 7.75],
			"faces": {
				"north": {"uv": [1, 6.25, 1.125, 7.5], "texture": "#0"},
				"east": {"uv": [0.75, 5, 1, 6.25], "texture": "#0"},
				"south": {"uv": [1.25, 6.25, 1.375, 7.5], "texture": "#0"},
				"west": {"uv": [1, 5, 1.25, 6.25], "texture": "#0"},
				"up": {"uv": [2.875, 8.75, 2.75, 8.5], "texture": "#0"},
				"down": {"uv": [8.625, 2.75, 8.5, 3], "texture": "#0"}
			}
		},
		{
			"from": [5.25, 0, 10],
			"to": [5.75, 5, 11],
			"faces": {
				"north": {"uv": [2.25, 6.25, 2.375, 7.5], "texture": "#0"},
				"east": {"uv": [2.25, 5, 2.5, 6.25], "texture": "#0"},
				"south": {"uv": [2.5, 6.25, 2.625, 7.5], "texture": "#0"},
				"west": {"uv": [2.5, 5, 2.75, 6.25], "texture": "#0"},
				"up": {"uv": [4.375, 8.75, 4.25, 8.5], "texture": "#0"},
				"down": {"uv": [8.625, 4.25, 8.5, 4.5], "texture": "#0"}
			}
		},
		{
			"from": [5.75, 0, 11],
			"to": [6.75, 5, 11.5],
			"faces": {
				"north": {"uv": [1.75, 5, 2, 6.25], "texture": "#0"},
				"east": {"uv": [1.75, 6.25, 1.875, 7.5], "texture": "#0"},
				"south": {"uv": [2, 5, 2.25, 6.25], "texture": "#0"},
				"west": {"uv": [2, 6.25, 2.125, 7.5], "texture": "#0"},
				"up": {"uv": [3.5, 8.625, 3.25, 8.5], "texture": "#0"},
				"down": {"uv": [4, 8.5, 3.75, 8.625], "texture": "#0"}
			}
		},
		{
			"from": [5.75, 0, 6.75],
			"to": [10, 0, 11],
			"faces": {
				"north": {"uv": [0, 0, 1.0625, 0], "texture": "#0"},
				"east": {"uv": [0, 0, 1.0625, 0], "texture": "#0"},
				"south": {"uv": [0, 0, 1.0625, 0], "texture": "#0"},
				"west": {"uv": [0, 0, 1.0625, 0], "texture": "#0"},
				"up": {"uv": [1.0625, 3.5625, 0, 2.5], "texture": "#0"},
				"down": {"uv": [2.3125, 2.5, 1.25, 3.5625], "texture": "#0"}
			}
		},
		{
			"from": [10, 0, 7.75],
			"to": [10.5, 0, 10],
			"faces": {
				"north": {"uv": [0, 0, 0.125, 0], "texture": "#0"},
				"east": {"uv": [0, 0, 0.5625, 0], "texture": "#0"},
				"south": {"uv": [0, 0, 0.125, 0], "texture": "#0"},
				"west": {"uv": [0, 0, 0.5625, 0], "texture": "#0"},
				"up": {"uv": [7.625, 6.8125, 7.5, 6.25], "texture": "#0"},
				"down": {"uv": [6.875, 7.5, 6.75, 8.0625], "texture": "#0"}
			}
		},
		{
			"from": [5.25, 0, 7.75],
			"to": [5.75, 0, 10],
			"faces": {
				"north": {"uv": [0, 0, 0.125, 0], "texture": "#0"},
				"east": {"uv": [0, 0, 0.5625, 0], "texture": "#0"},
				"south": {"uv": [0, 0, 0.125, 0], "texture": "#0"},
				"west": {"uv": [0, 0, 0.5625, 0], "texture": "#0"},
				"up": {"uv": [7.125, 8.0625, 7, 7.5], "texture": "#0"},
				"down": {"uv": [7.625, 7, 7.5, 7.5625], "texture": "#0"}
			}
		},
		{
			"from": [6.75, 0, 6.25],
			"to": [9, 0, 6.75],
			"faces": {
				"north": {"uv": [0, 0, 0.5625, 0], "texture": "#0"},
				"east": {"uv": [0, 0, 0.125, 0], "texture": "#0"},
				"south": {"uv": [0, 0, 0.5625, 0], "texture": "#0"},
				"west": {"uv": [0, 0, 0.125, 0], "texture": "#0"},
				"up": {"uv": [8.3125, 0.125, 7.75, 0], "texture": "#0"},
				"down": {"uv": [8.3125, 0.25, 7.75, 0.375], "texture": "#0"}
			}
		},
		{
			"from": [6.75, 0, 11],
			"to": [9, 0, 11.5],
			"faces": {
				"north": {"uv": [0, 0, 0.5625, 0], "texture": "#0"},
				"east": {"uv": [0, 0, 0.125, 0], "texture": "#0"},
				"south": {"uv": [0, 0, 0.5625, 0], "texture": "#0"},
				"west": {"uv": [0, 0, 0.125, 0], "texture": "#0"},
				"up": {"uv": [8.3125, 0.625, 7.75, 0.5], "texture": "#0"},
				"down": {"uv": [8.3125, 0.75, 7.75, 0.875], "texture": "#0"}
			}
		},
		{
			"from": [9, 0, 11],
			"to": [10, 5, 11.5],
			"faces": {
				"north": {"uv": [3, 5, 3.25, 6.25], "texture": "#0"},
				"east": {"uv": [3, 6.25, 3.125, 7.5], "texture": "#0"},
				"south": {"uv": [3.25, 5, 3.5, 6.25], "texture": "#0"},
				"west": {"uv": [3.25, 6.25, 3.375, 7.5], "texture": "#0"},
				"up": {"uv": [5, 8.625, 4.75, 8.5], "texture": "#0"},
				"down": {"uv": [8.75, 4.75, 8.5, 4.875], "texture": "#0"}
			}
		},
		{
			"from": [10, 0, 10],
			"to": [10.5, 5, 11],
			"faces": {
				"north": {"uv": [6.25, 2.5, 6.375, 3.75], "texture": "#0"},
				"east": {"uv": [5, 2.5, 5.25, 3.75], "texture": "#0"},
				"south": {"uv": [2.75, 6.25, 2.875, 7.5], "texture": "#0"},
				"west": {"uv": [2.75, 5, 3, 6.25], "texture": "#0"},
				"up": {"uv": [4.625, 8.75, 4.5, 8.5], "texture": "#0"},
				"down": {"uv": [8.625, 4.5, 8.5, 4.75], "texture": "#0"}
			}
		},
		{
			"from": [4.75, 0, 7.75],
			"to": [5.25, 5, 10],
			"faces": {
				"north": {"uv": [6.25, 0, 6.375, 1.25], "texture": "#0"},
				"east": {"uv": [0, 3.75, 0.5625, 5], "texture": "#0"},
				"south": {"uv": [0.25, 6.25, 0.375, 7.5], "texture": "#0"},
				"west": {"uv": [3.75, 0, 4.3125, 1.25], "texture": "#0"},
				"up": {"uv": [7.625, 4.0625, 7.5, 3.5], "texture": "#0"},
				"down": {"uv": [4.125, 7.5, 4, 8.0625], "texture": "#0"}
			}
		},
		{
			"from": [10.5, 0, 7.75],
			"to": [11, 5, 10],
			"faces": {
				"north": {"uv": [0.5, 6.25, 0.625, 7.5], "texture": "#0"},
				"east": {"uv": [0.75, 3.75, 1.3125, 5], "texture": "#0"},
				"south": {"uv": [0.75, 6.25, 0.875, 7.5], "texture": "#0"},
				"west": {"uv": [3.75, 1.25, 4.3125, 2.5], "texture": "#0"},
				"up": {"uv": [4.375, 8.0625, 4.25, 7.5], "texture": "#0"},
				"down": {"uv": [7.625, 4.25, 7.5, 4.8125], "texture": "#0"}
			}
		},
		{
			"from": [6.75, 0, 11.5],
			"to": [9, 5, 12],
			"faces": {
				"north": {"uv": [3, 1.25, 3.5625, 2.5], "texture": "#0"},
				"east": {"uv": [6, 0, 6.125, 1.25], "texture": "#0"},
				"south": {"uv": [3.25, 2.5, 3.8125, 3.75], "texture": "#0"},
				"west": {"uv": [6, 1.25, 6.125, 2.5], "texture": "#0"},
				"up": {"uv": [3.8125, 7.625, 3.25, 7.5], "texture": "#0"},
				"down": {"uv": [8.0625, 3.25, 7.5, 3.375], "texture": "#0"}
			}
		},
		{
			"from": [6.75, 5, 5.25],
			"to": [9, 9.25, 5.75],
			"faces": {
				"north": {"uv": [4.5, 1.25, 5.0625, 2.3125], "texture": "#0"},
				"east": {"uv": [7, 0, 7.125, 1.0625], "texture": "#0"},
				"south": {"uv": [4.5, 3.75, 5.0625, 4.8125], "texture": "#0"},
				"west": {"uv": [7, 1.25, 7.125, 2.3125], "texture": "#0"},
				"up": {"uv": [6.5625, 7.625, 6, 7.5], "texture": "#0"},
				"down": {"uv": [8.0625, 6, 7.5, 6.125], "texture": "#0"}
			}
		},
		{
			"from": [6.75, 5, 12],
			"to": [9, 9.25, 12.5],
			"faces": {
				"north": {"uv": [4, 2.5, 4.5625, 3.5625], "texture": "#0"},
				"east": {"uv": [6.75, 5, 6.875, 6.0625], "texture": "#0"},
				"south": {"uv": [4.5, 0, 5.0625, 1.0625], "texture": "#0"},
				"west": {"uv": [6.75, 6.25, 6.875, 7.3125], "texture": "#0"},
				"up": {"uv": [5.8125, 7.625, 5.25, 7.5], "texture": "#0"},
				"down": {"uv": [8.0625, 5.75, 7.5, 5.875], "texture": "#0"}
			}
		},
		{
			"from": [4.25, 5, 7.75],
			"to": [4.75, 9.25, 10],
			"faces": {
				"north": {"uv": [6.75, 2.5, 6.875, 3.5625], "texture": "#0"},
				"east": {"uv": [3, 3.75, 3.5625, 4.8125], "texture": "#0"},
				"south": {"uv": [6.75, 3.75, 6.875, 4.8125], "texture": "#0"},
				"west": {"uv": [3.75, 3.75, 4.3125, 4.8125], "texture": "#0"},
				"up": {"uv": [5.125, 8.0625, 5, 7.5], "texture": "#0"},
				"down": {"uv": [7.625, 5, 7.5, 5.5625], "texture": "#0"}
			}
		},
		{
			"from": [11, 5, 7.75],
			"to": [11.5, 9.25, 10],
			"faces": {
				"north": {"uv": [6.75, 0, 6.875, 1.0625], "texture": "#0"},
				"east": {"uv": [1.5, 3.75, 2.0625, 4.8125], "texture": "#0"},
				"south": {"uv": [6.75, 1.25, 6.875, 2.3125], "texture": "#0"},
				"west": {"uv": [2.25, 3.75, 2.8125, 4.8125], "texture": "#0"},
				"up": {"uv": [4.625, 8.0625, 4.5, 7.5], "texture": "#0"},
				"down": {"uv": [4.875, 7.5, 4.75, 8.0625], "texture": "#0"}
			}
		},
		{
			"from": [3.75, 9, 7.75],
			"to": [4.25, 9.5, 10],
			"faces": {
				"north": {"uv": [9, 4.5, 9.125, 4.625], "texture": "#0"},
				"east": {"uv": [7.75, 1, 8.3125, 1.125], "texture": "#0"},
				"south": {"uv": [4.75, 9, 4.875, 9.125], "texture": "#0"},
				"west": {"uv": [1.25, 7.75, 1.8125, 7.875], "texture": "#0"},
				"up": {"uv": [7.375, 8.0625, 7.25, 7.5], "texture": "#0"},
				"down": {"uv": [2.125, 7.75, 2, 8.3125], "texture": "#0"}
			}
		},
		{
			"from": [11, 9.5, 7.75],
			"to": [11.5, 10, 10],
			"faces": {
				"north": {"uv": [9.25, 5.5, 9.375, 5.625], "texture": "#0"},
				"east": {"uv": [7.75, 6.25, 8.3125, 6.375], "texture": "#0"},
				"south": {"uv": [5.75, 9.25, 5.875, 9.375], "texture": "#0"},
				"west": {"uv": [7.75, 6.5, 8.3125, 6.625], "texture": "#0"},
				"up": {"uv": [7.875, 7.3125, 7.75, 6.75], "texture": "#0"},
				"down": {"uv": [7.625, 7.75, 7.5, 8.3125], "texture": "#0"}
			}
		},
		{
			"from": [4.25, 9.5, 7.75],
			"to": [4.75, 10, 10],
			"faces": {
				"north": {"uv": [9.25, 5.75, 9.375, 5.875], "texture": "#0"},
				"east": {"uv": [7.75, 7.5, 8.3125, 7.625], "texture": "#0"},
				"south": {"uv": [6, 9.25, 6.125, 9.375], "texture": "#0"},
				"west": {"uv": [7.75, 7.75, 8.3125, 7.875], "texture": "#0"},
				"up": {"uv": [1.375, 8.5625, 1.25, 8], "texture": "#0"},
				"down": {"uv": [1.625, 8, 1.5, 8.5625], "texture": "#0"}
			}
		},
		{
			"from": [6.75, 9.5, 11.5],
			"to": [9, 9.5, 12],
			"faces": {
				"north": {"uv": [0, 0, 0.5625, 0], "texture": "#0"},
				"east": {"uv": [0, 0, 0.125, 0], "texture": "#0"},
				"south": {"uv": [0, 0, 0.5625, 0], "texture": "#0"},
				"west": {"uv": [0, 0, 0.125, 0], "texture": "#0"},
				"up": {"uv": [2.8125, 8.125, 2.25, 8], "texture": "#0"},
				"down": {"uv": [3.5625, 8, 3, 8.125], "texture": "#0"}
			}
		},
		{
			"from": [6.75, 5.5, 5.75],
			"to": [9, 5.5, 6.25],
			"faces": {
				"north": {"uv": [0, 0, 0.5625, 0], "texture": "#0"},
				"east": {"uv": [0, 0, 0.125, 0], "texture": "#0"},
				"south": {"uv": [0, 0, 0.5625, 0], "texture": "#0"},
				"west": {"uv": [0, 0, 0.125, 0], "texture": "#0"},
				"up": {"uv": [4.8125, 8.375, 4.25, 8.25], "texture": "#0"},
				"down": {"uv": [5.5625, 8.25, 5, 8.375], "texture": "#0"}
			}
		},
		{
			"from": [5.25, 9.5, 6.75],
			"to": [10.5, 9.5, 11],
			"faces": {
				"north": {"uv": [0, 0, 1.3125, 0], "texture": "#0"},
				"east": {"uv": [0, 0, 1.0625, 0], "texture": "#0"},
				"south": {"uv": [0, 0, 1.3125, 0], "texture": "#0"},
				"west": {"uv": [0, 0, 1.0625, 0], "texture": "#0"},
				"up": {"uv": [1.3125, 1.0625, 0, 0], "texture": "#0"},
				"down": {"uv": [1.3125, 1.25, 0, 2.3125], "texture": "#0"}
			}
		},
		{
			"from": [5.75, 9.5, 6.25],
			"to": [10, 9.5, 6.75],
			"faces": {
				"north": {"uv": [0, 0, 1.0625, 0], "texture": "#0"},
				"east": {"uv": [0, 0, 0.125, 0], "texture": "#0"},
				"south": {"uv": [0, 0, 1.0625, 0], "texture": "#0"},
				"west": {"uv": [0, 0, 0.125, 0], "texture": "#0"},
				"up": {"uv": [2.3125, 7.625, 1.25, 7.5], "texture": "#0"},
				"down": {"uv": [8.5625, 1.25, 7.5, 1.375], "texture": "#0"}
			}
		},
		{
			"from": [4.75, 9.5, 7.75],
			"to": [5.25, 9.5, 10],
			"faces": {
				"north": {"uv": [0, 0, 0.125, 0], "texture": "#0"},
				"east": {"uv": [0, 0, 0.5625, 0], "texture": "#0"},
				"south": {"uv": [0, 0, 0.125, 0], "texture": "#0"},
				"west": {"uv": [0, 0, 0.5625, 0], "texture": "#0"},
				"up": {"uv": [1.875, 8.5625, 1.75, 8], "texture": "#0"},
				"down": {"uv": [7.875, 8, 7.75, 8.5625], "texture": "#0"}
			}
		},
		{
			"from": [10.5, 9.5, 7.75],
			"to": [11, 9.5, 10],
			"faces": {
				"north": {"uv": [0, 0, 0.125, 0], "texture": "#0"},
				"east": {"uv": [0, 0, 0.5625, 0], "texture": "#0"},
				"south": {"uv": [0, 0, 0.125, 0], "texture": "#0"},
				"west": {"uv": [0, 0, 0.5625, 0], "texture": "#0"},
				"up": {"uv": [8.125, 8.5625, 8, 8], "texture": "#0"},
				"down": {"uv": [2.375, 8.25, 2.25, 8.8125], "texture": "#0"}
			}
		},
		{
			"from": [8, 9.5, 11],
			"to": [10, 9.5, 11.5],
			"faces": {
				"north": {"uv": [0, 0, 0.5, 0], "texture": "#0"},
				"east": {"uv": [0, 0, 0.125, 0], "texture": "#0"},
				"south": {"uv": [0, 0, 0.5, 0], "texture": "#0"},
				"west": {"uv": [0, 0, 0.125, 0], "texture": "#0"},
				"up": {"uv": [6.25, 8.375, 5.75, 8.25], "texture": "#0"},
				"down": {"uv": [8.75, 5.75, 8.25, 5.875], "texture": "#0"}
			}
		},
		{
			"from": [5.75, 9.5, 11],
			"to": [7.75, 9.5, 11.5],
			"faces": {
				"north": {"uv": [0, 0, 0.5, 0], "texture": "#0"},
				"east": {"uv": [0, 0, 0.125, 0], "texture": "#0"},
				"south": {"uv": [0, 0, 0.5, 0], "texture": "#0"},
				"west": {"uv": [0, 0, 0.125, 0], "texture": "#0"},
				"up": {"uv": [8.75, 6.125, 8.25, 6], "texture": "#0"},
				"down": {"uv": [6.75, 8.25, 6.25, 8.375], "texture": "#0"}
			}
		},
		{
			"from": [5.25, 5.5, 6.75],
			"to": [10.5, 5.5, 11],
			"faces": {
				"north": {"uv": [0, 0, 1.3125, 0], "texture": "#0"},
				"east": {"uv": [0, 0, 1.0625, 0], "texture": "#0"},
				"south": {"uv": [0, 0, 1.3125, 0], "texture": "#0"},
				"west": {"uv": [0, 0, 1.0625, 0], "texture": "#0"},
				"up": {"uv": [2.8125, 1.0625, 1.5, 0], "texture": "#0"},
				"down": {"uv": [2.8125, 1.25, 1.5, 2.3125], "texture": "#0"}
			}
		},
		{
			"from": [10.5, 5.5, 7.75],
			"to": [11, 5.5, 10],
			"faces": {
				"north": {"uv": [0, 0, 0.125, 0], "texture": "#0"},
				"east": {"uv": [0, 0, 0.5625, 0], "texture": "#0"},
				"south": {"uv": [0, 0, 0.125, 0], "texture": "#0"},
				"west": {"uv": [0, 0, 0.5625, 0], "texture": "#0"},
				"up": {"uv": [3.625, 8.8125, 3.5, 8.25], "texture": "#0"},
				"down": {"uv": [4.125, 8.25, 4, 8.8125], "texture": "#0"}
			}
		},
		{
			"from": [6.75, 5.5, 11.5],
			"to": [9, 5.5, 12],
			"faces": {
				"north": {"uv": [0, 0, 0.5625, 0], "texture": "#0"},
				"east": {"uv": [0, 0, 0.125, 0], "texture": "#0"},
				"south": {"uv": [0, 0, 0.5625, 0], "texture": "#0"},
				"west": {"uv": [0, 0, 0.125, 0], "texture": "#0"},
				"up": {"uv": [3.3125, 8.375, 2.75, 8.25], "texture": "#0"},
				"down": {"uv": [8.8125, 3.25, 8.25, 3.375], "texture": "#0"}
			}
		},
		{
			"from": [5.75, 5.5, 11],
			"to": [10, 5.5, 11.5],
			"faces": {
				"north": {"uv": [0, 0, 1.0625, 0], "texture": "#0"},
				"east": {"uv": [0, 0, 0.125, 0], "texture": "#0"},
				"south": {"uv": [0, 0, 1.0625, 0], "texture": "#0"},
				"west": {"uv": [0, 0, 0.125, 0], "texture": "#0"},
				"up": {"uv": [8.5625, 2.125, 7.5, 2], "texture": "#0"},
				"down": {"uv": [8.5625, 2.25, 7.5, 2.375], "texture": "#0"}
			}
		},
		{
			"from": [4.75, 5.5, 7.75],
			"to": [5.25, 5.5, 10],
			"faces": {
				"north": {"uv": [0, 0, 0.125, 0], "texture": "#0"},
				"east": {"uv": [0, 0, 0.5625, 0], "texture": "#0"},
				"south": {"uv": [0, 0, 0.125, 0], "texture": "#0"},
				"west": {"uv": [0, 0, 0.5625, 0], "texture": "#0"},
				"up": {"uv": [2.625, 8.8125, 2.5, 8.25], "texture": "#0"},
				"down": {"uv": [8.375, 2.5, 8.25, 3.0625], "texture": "#0"}
			}
		},
		{
			"from": [5.75, 5.5, 6.25],
			"to": [10, 5.5, 6.75],
			"faces": {
				"north": {"uv": [0, 0, 1.0625, 0], "texture": "#0"},
				"east": {"uv": [0, 0, 0.125, 0], "texture": "#0"},
				"south": {"uv": [0, 0, 1.0625, 0], "texture": "#0"},
				"west": {"uv": [0, 0, 0.125, 0], "texture": "#0"},
				"up": {"uv": [8.5625, 1.625, 7.5, 1.5], "texture": "#0"},
				"down": {"uv": [8.5625, 1.75, 7.5, 1.875], "texture": "#0"}
			}
		},
		{
			"from": [4.75, 9.5, 10],
			"to": [5.25, 10, 11],
			"faces": {
				"north": {"uv": [2, 9.5, 2.125, 9.625], "texture": "#0"},
				"east": {"uv": [8.75, 8.75, 9, 8.875], "texture": "#0"},
				"south": {"uv": [9.5, 2, 9.625, 2.125], "texture": "#0"},
				"west": {"uv": [0, 9, 0.25, 9.125], "texture": "#0"},
				"up": {"uv": [0.375, 9.25, 0.25, 9], "texture": "#0"},
				"down": {"uv": [0.625, 9, 0.5, 9.25], "texture": "#0"}
			}
		},
		{
			"from": [4.75, 9.5, 6.75],
			"to": [5.25, 10, 7.75],
			"faces": {
				"north": {"uv": [9.25, 6, 9.375, 6.125], "texture": "#0"},
				"east": {"uv": [5, 8.75, 5.25, 8.875], "texture": "#0"},
				"south": {"uv": [6.25, 9.25, 6.375, 9.375], "texture": "#0"},
				"west": {"uv": [8.75, 5, 9, 5.125], "texture": "#0"},
				"up": {"uv": [5.375, 9, 5.25, 8.75], "texture": "#0"},
				"down": {"uv": [8.875, 5.25, 8.75, 5.5], "texture": "#0"}
			}
		},
		{
			"from": [5.25, 9.5, 6.25],
			"to": [5.75, 10, 6.75],
			"faces": {
				"north": {"uv": [9.25, 6.25, 9.375, 6.375], "texture": "#0"},
				"east": {"uv": [6.5, 9.25, 6.625, 9.375], "texture": "#0"},
				"south": {"uv": [9.25, 6.5, 9.375, 6.625], "texture": "#0"},
				"west": {"uv": [6.75, 9.25, 6.875, 9.375], "texture": "#0"},
				"up": {"uv": [9.375, 6.875, 9.25, 6.75], "texture": "#0"},
				"down": {"uv": [7.125, 9.25, 7, 9.375], "texture": "#0"}
			}
		},
		{
			"from": [5.25, 9.5, 11],
			"to": [5.75, 10, 11.5],
			"faces": {
				"north": {"uv": [9.25, 7, 9.375, 7.125], "texture": "#0"},
				"east": {"uv": [7.25, 9.25, 7.375, 9.375], "texture": "#0"},
				"south": {"uv": [9.25, 7.25, 9.375, 7.375], "texture": "#0"},
				"west": {"uv": [7.5, 9.25, 7.625, 9.375], "texture": "#0"},
				"up": {"uv": [9.375, 7.625, 9.25, 7.5], "texture": "#0"},
				"down": {"uv": [7.875, 9.25, 7.75, 9.375], "texture": "#0"}
			}
		},
		{
			"from": [5.75, 9.5, 11.5],
			"to": [6.75, 10, 12],
			"faces": {
				"north": {"uv": [5.5, 8.75, 5.75, 8.875], "texture": "#0"},
				"east": {"uv": [9.25, 7.75, 9.375, 7.875], "texture": "#0"},
				"south": {"uv": [8.75, 5.5, 9, 5.625], "texture": "#0"},
				"west": {"uv": [8, 9.25, 8.125, 9.375], "texture": "#0"},
				"up": {"uv": [6, 8.875, 5.75, 8.75], "texture": "#0"},
				"down": {"uv": [9, 5.75, 8.75, 5.875], "texture": "#0"}
			}
		},
		{
			"from": [5.75, 9.5, 5.75],
			"to": [6.75, 10, 6.25],
			"faces": {
				"north": {"uv": [6, 8.75, 6.25, 8.875], "texture": "#0"},
				"east": {"uv": [9.25, 8, 9.375, 8.125], "texture": "#0"},
				"south": {"uv": [8.75, 6, 9, 6.125], "texture": "#0"},
				"west": {"uv": [8.25, 9.25, 8.375, 9.375], "texture": "#0"},
				"up": {"uv": [6.5, 8.875, 6.25, 8.75], "texture": "#0"},
				"down": {"uv": [9, 6.25, 8.75, 6.375], "texture": "#0"}
			}
		},
		{
			"from": [6.5, 10, 5.75],
			"to": [6.75, 10.25, 6.25],
			"faces": {
				"north": {"uv": [9.75, 3.75, 9.8125, 3.8125], "texture": "#0"},
				"east": {"uv": [7.5, 9.5, 7.625, 9.5625], "texture": "#0"},
				"south": {"uv": [4, 9.75, 4.0625, 9.8125], "texture": "#0"},
				"west": {"uv": [9.5, 7.5, 9.625, 7.5625], "texture": "#0"},
				"up": {"uv": [7.8125, 9.625, 7.75, 9.5], "texture": "#0"},
				"down": {"uv": [9.5625, 7.75, 9.5, 7.875], "texture": "#0"}
			}
		},
		{
			"from": [9, 10, 5.75],
			"to": [9.25, 10.25, 6.25],
			"faces": {
				"north": {"uv": [9.75, 4, 9.8125, 4.0625], "texture": "#0"},
				"east": {"uv": [8, 9.5, 8.125, 9.5625], "texture": "#0"},
				"south": {"uv": [4.25, 9.75, 4.3125, 9.8125], "texture": "#0"},
				"west": {"uv": [9.5, 8, 9.625, 8.0625], "texture": "#0"},
				"up": {"uv": [8.3125, 9.625, 8.25, 9.5], "texture": "#0"},
				"down": {"uv": [9.5625, 8.25, 9.5, 8.375], "texture": "#0"}
			}
		},
		{
			"from": [6.75, 9.5, 5.25],
			"to": [9, 10, 5.75],
			"faces": {
				"north": {"uv": [8, 3.5, 8.5625, 3.625], "texture": "#0"},
				"east": {"uv": [9.25, 8.25, 9.375, 8.375], "texture": "#0"},
				"south": {"uv": [8, 3.75, 8.5625, 3.875], "texture": "#0"},
				"west": {"uv": [8.5, 9.25, 8.625, 9.375], "texture": "#0"},
				"up": {"uv": [8.5625, 4.125, 8, 4], "texture": "#0"},
				"down": {"uv": [5.8125, 8, 5.25, 8.125], "texture": "#0"}
			}
		},
		{
			"from": [6.75, 9.5, 6.25],
			"to": [9, 10.25, 6.5],
			"faces": {
				"north": {"uv": [2.5, 7.5, 3.0625, 7.6875], "texture": "#0"},
				"east": {"uv": [7.25, 9.5, 7.3125, 9.6875], "texture": "#0"},
				"south": {"uv": [7.5, 2.5, 8.0625, 2.6875], "texture": "#0"},
				"west": {"uv": [9.5, 7.25, 9.5625, 7.4375], "texture": "#0"},
				"up": {"uv": [7.3125, 8.3125, 6.75, 8.25], "texture": "#0"},
				"down": {"uv": [8.8125, 8, 8.25, 8.0625], "texture": "#0"}
			}
		},
		{
			"from": [6.75, 10, 5.5],
			"to": [9, 10.25, 5.75],
			"faces": {
				"north": {"uv": [8.25, 8.25, 8.8125, 8.3125], "texture": "#0"},
				"east": {"uv": [9.75, 4.25, 9.8125, 4.3125], "texture": "#0"},
				"south": {"uv": [8.5, 0, 9.0625, 0.0625], "texture": "#0"},
				"west": {"uv": [4.5, 9.75, 4.5625, 9.8125], "texture": "#0"},
				"up": {"uv": [9.0625, 0.3125, 8.5, 0.25], "texture": "#0"},
				"down": {"uv": [9.0625, 0.5, 8.5, 0.5625], "texture": "#0"}
			}
		},
		{
			"from": [6.75, 9.5, 12],
			"to": [9, 10, 12.5],
			"faces": {
				"north": {"uv": [6, 8, 6.5625, 8.125], "texture": "#0"},
				"east": {"uv": [9.25, 8.5, 9.375, 8.625], "texture": "#0"},
				"south": {"uv": [8, 6.75, 8.5625, 6.875], "texture": "#0"},
				"west": {"uv": [8.75, 9.25, 8.875, 9.375], "texture": "#0"},
				"up": {"uv": [8.5625, 7.125, 8, 7], "texture": "#0"},
				"down": {"uv": [8.5625, 7.25, 8, 7.375], "texture": "#0"}
			}
		},
		{
			"from": [9, 9.5, 11.5],
			"to": [10, 10, 12],
			"faces": {
				"north": {"uv": [6.5, 8.75, 6.75, 8.875], "texture": "#0"},
				"east": {"uv": [9.25, 8.75, 9.375, 8.875], "texture": "#0"},
				"south": {"uv": [8.75, 6.5, 9, 6.625], "texture": "#0"},
				"west": {"uv": [9, 9.25, 9.125, 9.375], "texture": "#0"},
				"up": {"uv": [7, 8.875, 6.75, 8.75], "texture": "#0"},
				"down": {"uv": [9, 6.75, 8.75, 6.875], "texture": "#0"}
			}
		},
		{
			"from": [9, 9.5, 5.75],
			"to": [10, 10, 6.25],
			"faces": {
				"north": {"uv": [7, 8.75, 7.25, 8.875], "texture": "#0"},
				"east": {"uv": [9.25, 9, 9.375, 9.125], "texture": "#0"},
				"south": {"uv": [8.75, 7, 9, 7.125], "texture": "#0"},
				"west": {"uv": [9.25, 9.25, 9.375, 9.375], "texture": "#0"},
				"up": {"uv": [7.5, 8.875, 7.25, 8.75], "texture": "#0"},
				"down": {"uv": [9, 7.25, 8.75, 7.375], "texture": "#0"}
			}
		},
		{
			"from": [10, 9.5, 6.25],
			"to": [10.5, 10, 6.75],
			"faces": {
				"north": {"uv": [0, 9.5, 0.125, 9.625], "texture": "#0"},
				"east": {"uv": [9.5, 0, 9.625, 0.125], "texture": "#0"},
				"south": {"uv": [0.25, 9.5, 0.375, 9.625], "texture": "#0"},
				"west": {"uv": [9.5, 0.25, 9.625, 0.375], "texture": "#0"},
				"up": {"uv": [0.625, 9.625, 0.5, 9.5], "texture": "#0"},
				"down": {"uv": [9.625, 0.5, 9.5, 0.625], "texture": "#0"}
			}
		},
		{
			"from": [10, 9.5, 11],
			"to": [10.5, 10, 11.5],
			"faces": {
				"north": {"uv": [0.75, 9.5, 0.875, 9.625], "texture": "#0"},
				"east": {"uv": [9.5, 0.75, 9.625, 0.875], "texture": "#0"},
				"south": {"uv": [1, 9.5, 1.125, 9.625], "texture": "#0"},
				"west": {"uv": [9.5, 1, 9.625, 1.125], "texture": "#0"},
				"up": {"uv": [1.375, 9.625, 1.25, 9.5], "texture": "#0"},
				"down": {"uv": [9.625, 1.25, 9.5, 1.375], "texture": "#0"}
			}
		},
		{
			"from": [10.5, 9.5, 10],
			"to": [11, 10, 11],
			"faces": {
				"north": {"uv": [1.5, 9.5, 1.625, 9.625], "texture": "#0"},
				"east": {"uv": [7.5, 8.75, 7.75, 8.875], "texture": "#0"},
				"south": {"uv": [9.5, 1.5, 9.625, 1.625], "texture": "#0"},
				"west": {"uv": [8.75, 7.5, 9, 7.625], "texture": "#0"},
				"up": {"uv": [7.875, 9, 7.75, 8.75], "texture": "#0"},
				"down": {"uv": [8.875, 7.75, 8.75, 8], "texture": "#0"}
			}
		},
		{
			"from": [10.5, 9.5, 6.75],
			"to": [11, 10, 7.75],
			"faces": {
				"north": {"uv": [1.75, 9.5, 1.875, 9.625], "texture": "#0"},
				"east": {"uv": [8, 8.75, 8.25, 8.875], "texture": "#0"},
				"south": {"uv": [9.5, 1.75, 9.625, 1.875], "texture": "#0"},
				"west": {"uv": [8.25, 8.75, 8.5, 8.875], "texture": "#0"},
				"up": {"uv": [8.625, 9, 8.5, 8.75], "texture": "#0"},
				"down": {"uv": [8.875, 8.5, 8.75, 8.75], "texture": "#0"}
			}
		},
		{
			"from": [4.25, 9, 6.75],
			"to": [4.75, 9.5, 7.75],
			"faces": {
				"north": {"uv": [9, 5, 9.125, 5.125], "texture": "#0"},
				"east": {"uv": [0, 8.75, 0.25, 8.875], "texture": "#0"},
				"south": {"uv": [5.25, 9, 5.375, 9.125], "texture": "#0"},
				"west": {"uv": [0.25, 8.75, 0.5, 8.875], "texture": "#0"},
				"up": {"uv": [0.625, 9, 0.5, 8.75], "texture": "#0"},
				"down": {"uv": [0.875, 8.75, 0.75, 9], "texture": "#0"}
			}
		},
		{
			"from": [4.75, 9, 6.25],
			"to": [5.25, 9.5, 6.75],
			"faces": {
				"north": {"uv": [9, 5.25, 9.125, 5.375], "texture": "#0"},
				"east": {"uv": [5.5, 9, 5.625, 9.125], "texture": "#0"},
				"south": {"uv": [9, 5.5, 9.125, 5.625], "texture": "#0"},
				"west": {"uv": [5.75, 9, 5.875, 9.125], "texture": "#0"},
				"up": {"uv": [9.125, 5.875, 9, 5.75], "texture": "#0"},
				"down": {"uv": [6.125, 9, 6, 9.125], "texture": "#0"}
			}
		},
		{
			"from": [5.25, 9, 5.75],
			"to": [5.75, 9.5, 6.25],
			"faces": {
				"north": {"uv": [9, 6, 9.125, 6.125], "texture": "#0"},
				"east": {"uv": [6.25, 9, 6.375, 9.125], "texture": "#0"},
				"south": {"uv": [9, 6.25, 9.125, 6.375], "texture": "#0"},
				"west": {"uv": [6.5, 9, 6.625, 9.125], "texture": "#0"},
				"up": {"uv": [9.125, 6.625, 9, 6.5], "texture": "#0"},
				"down": {"uv": [6.875, 9, 6.75, 9.125], "texture": "#0"}
			}
		},
		{
			"from": [5.75, 9, 5.25],
			"to": [6.75, 9.5, 5.75],
			"faces": {
				"north": {"uv": [8.75, 0.75, 9, 0.875], "texture": "#0"},
				"east": {"uv": [9, 6.75, 9.125, 6.875], "texture": "#0"},
				"south": {"uv": [1, 8.75, 1.25, 8.875], "texture": "#0"},
				"west": {"uv": [7, 9, 7.125, 9.125], "texture": "#0"},
				"up": {"uv": [9, 1.125, 8.75, 1], "texture": "#0"},
				"down": {"uv": [1.5, 8.75, 1.25, 8.875], "texture": "#0"}
			}
		},
		{
			"from": [6.75, 9, 4.75],
			"to": [9, 9.5, 5.25],
			"faces": {
				"north": {"uv": [7.75, 4.25, 8.3125, 4.375], "texture": "#0"},
				"east": {"uv": [9, 7, 9.125, 7.125], "texture": "#0"},
				"south": {"uv": [7.75, 4.5, 8.3125, 4.625], "texture": "#0"},
				"west": {"uv": [7.25, 9, 7.375, 9.125], "texture": "#0"},
				"up": {"uv": [8.3125, 4.875, 7.75, 4.75], "texture": "#0"},
				"down": {"uv": [8.3125, 5, 7.75, 5.125], "texture": "#0"}
			}
		},
		{
			"from": [6.75, 9, 12.5],
			"to": [9, 9.5, 13],
			"faces": {
				"north": {"uv": [5.25, 7.75, 5.8125, 7.875], "texture": "#0"},
				"east": {"uv": [0.25, 9.25, 0.375, 9.375], "texture": "#0"},
				"south": {"uv": [7.75, 5.25, 8.3125, 5.375], "texture": "#0"},
				"west": {"uv": [9.25, 0.25, 9.375, 0.375], "texture": "#0"},
				"up": {"uv": [8.3125, 5.625, 7.75, 5.5], "texture": "#0"},
				"down": {"uv": [6.5625, 7.75, 6, 7.875], "texture": "#0"}
			}
		},
		{
			"from": [5.75, 9, 12],
			"to": [6.75, 9.5, 12.5],
			"faces": {
				"north": {"uv": [8.75, 1.75, 9, 1.875], "texture": "#0"},
				"east": {"uv": [0, 9.25, 0.125, 9.375], "texture": "#0"},
				"south": {"uv": [2, 8.75, 2.25, 8.875], "texture": "#0"},
				"west": {"uv": [9.25, 0, 9.375, 0.125], "texture": "#0"},
				"up": {"uv": [9, 2.125, 8.75, 2], "texture": "#0"},
				"down": {"uv": [9, 2.25, 8.75, 2.375], "texture": "#0"}
			}
		},
		{
			"from": [5.25, 9, 11.5],
			"to": [5.75, 9.5, 12],
			"faces": {
				"north": {"uv": [9, 8.25, 9.125, 8.375], "texture": "#0"},
				"east": {"uv": [8.5, 9, 8.625, 9.125], "texture": "#0"},
				"south": {"uv": [9, 8.5, 9.125, 8.625], "texture": "#0"},
				"west": {"uv": [8.75, 9, 8.875, 9.125], "texture": "#0"},
				"up": {"uv": [9.125, 8.875, 9, 8.75], "texture": "#0"},
				"down": {"uv": [9.125, 9, 9, 9.125], "texture": "#0"}
			}
		},
		{
			"from": [4.75, 9, 11],
			"to": [5.25, 9.5, 11.5],
			"faces": {
				"north": {"uv": [9, 7.5, 9.125, 7.625], "texture": "#0"},
				"east": {"uv": [7.75, 9, 7.875, 9.125], "texture": "#0"},
				"south": {"uv": [9, 7.75, 9.125, 7.875], "texture": "#0"},
				"west": {"uv": [8, 9, 8.125, 9.125], "texture": "#0"},
				"up": {"uv": [9.125, 8.125, 9, 8], "texture": "#0"},
				"down": {"uv": [8.375, 9, 8.25, 9.125], "texture": "#0"}
			}
		},
		{
			"from": [4.25, 9, 10],
			"to": [4.75, 9.5, 11],
			"faces": {
				"north": {"uv": [9, 7.25, 9.125, 7.375], "texture": "#0"},
				"east": {"uv": [8.75, 1.25, 9, 1.375], "texture": "#0"},
				"south": {"uv": [7.5, 9, 7.625, 9.125], "texture": "#0"},
				"west": {"uv": [1.5, 8.75, 1.75, 8.875], "texture": "#0"},
				"up": {"uv": [8.875, 1.75, 8.75, 1.5], "texture": "#0"},
				"down": {"uv": [1.875, 8.75, 1.75, 9], "texture": "#0"}
			}
		},
		{
			"from": [11, 9, 10],
			"to": [11.5, 9.5, 11],
			"faces": {
				"north": {"uv": [3.25, 9.25, 3.375, 9.375], "texture": "#0"},
				"east": {"uv": [8.75, 3, 9, 3.125], "texture": "#0"},
				"south": {"uv": [3.5, 9.25, 3.625, 9.375], "texture": "#0"},
				"west": {"uv": [3.25, 8.75, 3.5, 8.875], "texture": "#0"},
				"up": {"uv": [8.875, 3.75, 8.75, 3.5], "texture": "#0"},
				"down": {"uv": [3.875, 8.75, 3.75, 9], "texture": "#0"}
			}
		},
		{
			"from": [10, 9, 11.5],
			"to": [10.5, 9.5, 12],
			"faces": {
				"north": {"uv": [2, 9.25, 2.125, 9.375], "texture": "#0"},
				"east": {"uv": [2.25, 9.25, 2.375, 9.375], "texture": "#0"},
				"south": {"uv": [9.25, 2.5, 9.375, 2.625], "texture": "#0"},
				"west": {"uv": [2.75, 9.25, 2.875, 9.375], "texture": "#0"},
				"up": {"uv": [9.375, 2.875, 9.25, 2.75], "texture": "#0"},
				"down": {"uv": [3.125, 9.25, 3, 9.375], "texture": "#0"}
			}
		},
		{
			"from": [10.5, 9, 11],
			"to": [11, 9.5, 11.5],
			"faces": {
				"north": {"uv": [0.75, 9.25, 0.875, 9.375], "texture": "#0"},
				"east": {"uv": [1, 9.25, 1.125, 9.375], "texture": "#0"},
				"south": {"uv": [9.25, 1, 9.375, 1.125], "texture": "#0"},
				"west": {"uv": [9.25, 1.25, 9.375, 1.375], "texture": "#0"},
				"up": {"uv": [1.625, 9.375, 1.5, 9.25], "texture": "#0"},
				"down": {"uv": [1.875, 9.25, 1.75, 9.375], "texture": "#0"}
			}
		},
		{
			"from": [9, 9, 12],
			"to": [10, 9.5, 12.5],
			"faces": {
				"north": {"uv": [8.75, 2.5, 9, 2.625], "texture": "#0"},
				"east": {"uv": [0.5, 9.25, 0.625, 9.375], "texture": "#0"},
				"south": {"uv": [2.75, 8.75, 3, 8.875], "texture": "#0"},
				"west": {"uv": [9.25, 0.5, 9.375, 0.625], "texture": "#0"},
				"up": {"uv": [9, 2.875, 8.75, 2.75], "texture": "#0"},
				"down": {"uv": [3.25, 8.75, 3, 8.875], "texture": "#0"}
			}
		},
		{
			"from": [9, 9, 5.25],
			"to": [10, 9.5, 5.75],
			"faces": {
				"north": {"uv": [4.5, 8.75, 4.75, 8.875], "texture": "#0"},
				"east": {"uv": [9.25, 5.25, 9.375, 5.375], "texture": "#0"},
				"south": {"uv": [8.75, 4.5, 9, 4.625], "texture": "#0"},
				"west": {"uv": [5.5, 9.25, 5.625, 9.375], "texture": "#0"},
				"up": {"uv": [5, 8.875, 4.75, 8.75], "texture": "#0"},
				"down": {"uv": [9, 4.75, 8.75, 4.875], "texture": "#0"}
			}
		},
		{
			"from": [11, 9, 6.75],
			"to": [11.5, 9.5, 7.75],
			"faces": {
				"north": {"uv": [9.25, 5, 9.375, 5.125], "texture": "#0"},
				"east": {"uv": [8.75, 3.75, 9, 3.875], "texture": "#0"},
				"south": {"uv": [5.25, 9.25, 5.375, 9.375], "texture": "#0"},
				"west": {"uv": [8.75, 4, 9, 4.125], "texture": "#0"},
				"up": {"uv": [4.375, 9, 4.25, 8.75], "texture": "#0"},
				"down": {"uv": [8.875, 4.25, 8.75, 4.5], "texture": "#0"}
			}
		},
		{
			"from": [10.5, 9, 6.25],
			"to": [11, 9.5, 6.75],
			"faces": {
				"north": {"uv": [9.25, 4.25, 9.375, 4.375], "texture": "#0"},
				"east": {"uv": [4.5, 9.25, 4.625, 9.375], "texture": "#0"},
				"south": {"uv": [9.25, 4.5, 9.375, 4.625], "texture": "#0"},
				"west": {"uv": [4.75, 9.25, 4.875, 9.375], "texture": "#0"},
				"up": {"uv": [9.375, 4.875, 9.25, 4.75], "texture": "#0"},
				"down": {"uv": [5.125, 9.25, 5, 9.375], "texture": "#0"}
			}
		},
		{
			"from": [10, 9, 5.75],
			"to": [10.5, 9.5, 6.25],
			"faces": {
				"north": {"uv": [9.25, 3.5, 9.375, 3.625], "texture": "#0"},
				"east": {"uv": [3.75, 9.25, 3.875, 9.375], "texture": "#0"},
				"south": {"uv": [9.25, 3.75, 9.375, 3.875], "texture": "#0"},
				"west": {"uv": [4, 9.25, 4.125, 9.375], "texture": "#0"},
				"up": {"uv": [9.375, 4.125, 9.25, 4], "texture": "#0"},
				"down": {"uv": [4.375, 9.25, 4.25, 9.375], "texture": "#0"}
			}
		},
		{
			"from": [11.5, 9, 7.75],
			"to": [12, 9.5, 10],
			"faces": {
				"north": {"uv": [9, 4.75, 9.125, 4.875], "texture": "#0"},
				"east": {"uv": [2.25, 7.75, 2.8125, 7.875], "texture": "#0"},
				"south": {"uv": [5, 9, 5.125, 9.125], "texture": "#0"},
				"west": {"uv": [3, 7.75, 3.5625, 7.875], "texture": "#0"},
				"up": {"uv": [7.875, 4.0625, 7.75, 3.5], "texture": "#0"},
				"down": {"uv": [3.875, 7.75, 3.75, 8.3125], "texture": "#0"}
			}
		},
		{
			"from": [4.75, 5, 6.75],
			"to": [5.25, 9.25, 7.75],
			"faces": {
				"north": {"uv": [6.5, 5, 6.625, 6.0625], "texture": "#0"},
				"east": {"uv": [5.75, 1.25, 6, 2.3125], "texture": "#0"},
				"south": {"uv": [6.5, 6.25, 6.625, 7.3125], "texture": "#0"},
				"west": {"uv": [5.75, 2.5, 6, 3.5625], "texture": "#0"},
				"up": {"uv": [8.375, 8.75, 8.25, 8.5], "texture": "#0"},
				"down": {"uv": [8.625, 8.5, 8.5, 8.75], "texture": "#0"}
			}
		},
		{
			"from": [5.25, 5, 6.25],
			"to": [5.75, 9.25, 6.75],
			"faces": {
				"north": {"uv": [7, 2.5, 7.125, 3.5625], "texture": "#0"},
				"east": {"uv": [7, 3.75, 7.125, 4.8125], "texture": "#0"},
				"south": {"uv": [7, 5, 7.125, 6.0625], "texture": "#0"},
				"west": {"uv": [7, 6.25, 7.125, 7.3125], "texture": "#0"},
				"up": {"uv": [9.125, 3.625, 9, 3.5], "texture": "#0"},
				"down": {"uv": [3.875, 9, 3.75, 9.125], "texture": "#0"}
			}
		},
		{
			"from": [5.25, 5, 11],
			"to": [5.75, 9.25, 11.5],
			"faces": {
				"north": {"uv": [7.25, 0, 7.375, 1.0625], "texture": "#0"},
				"east": {"uv": [7.25, 1.25, 7.375, 2.3125], "texture": "#0"},
				"south": {"uv": [7.25, 2.5, 7.375, 3.5625], "texture": "#0"},
				"west": {"uv": [7.25, 3.75, 7.375, 4.8125], "texture": "#0"},
				"up": {"uv": [9.125, 3.875, 9, 3.75], "texture": "#0"},
				"down": {"uv": [4.125, 9, 4, 9.125], "texture": "#0"}
			}
		},
		{
			"from": [10, 5, 11],
			"to": [10.5, 9.25, 11.5],
			"faces": {
				"north": {"uv": [7.25, 5, 7.375, 6.0625], "texture": "#0"},
				"east": {"uv": [7.25, 6.25, 7.375, 7.3125], "texture": "#0"},
				"south": {"uv": [0, 7.5, 0.125, 8.5625], "texture": "#0"},
				"west": {"uv": [7.5, 0, 7.625, 1.0625], "texture": "#0"},
				"up": {"uv": [9.125, 4.125, 9, 4], "texture": "#0"},
				"down": {"uv": [4.375, 9, 4.25, 9.125], "texture": "#0"}
			}
		},
		{
			"from": [10, 5, 6.25],
			"to": [10.5, 9.25, 6.75],
			"faces": {
				"north": {"uv": [0.25, 7.5, 0.375, 8.5625], "texture": "#0"},
				"east": {"uv": [0.5, 7.5, 0.625, 8.5625], "texture": "#0"},
				"south": {"uv": [0.75, 7.5, 0.875, 8.5625], "texture": "#0"},
				"west": {"uv": [1, 7.5, 1.125, 8.5625], "texture": "#0"},
				"up": {"uv": [9.125, 4.375, 9, 4.25], "texture": "#0"},
				"down": {"uv": [4.625, 9, 4.5, 9.125], "texture": "#0"}
			}
		},
		{
			"from": [5.75, 5, 5.75],
			"to": [6.75, 9.25, 6.25],
			"faces": {
				"north": {"uv": [5.5, 5, 5.75, 6.0625], "texture": "#0"},
				"east": {"uv": [6.5, 2.5, 6.625, 3.5625], "texture": "#0"},
				"south": {"uv": [5.75, 0, 6, 1.0625], "texture": "#0"},
				"west": {"uv": [6.5, 3.75, 6.625, 4.8125], "texture": "#0"},
				"up": {"uv": [8.75, 7.625, 8.5, 7.5], "texture": "#0"},
				"down": {"uv": [8.75, 7.75, 8.5, 7.875], "texture": "#0"}
			}
		},
		{
			"from": [6, 4.75, 6],
			"to": [6.75, 5, 6.25],
			"faces": {
				"north": {"uv": [2.25, 9.5, 2.4375, 9.5625], "texture": "#0"},
				"east": {"uv": [8.5, 9.5, 8.5625, 9.5625], "texture": "#0"},
				"south": {"uv": [9.5, 2.25, 9.6875, 2.3125], "texture": "#0"},
				"west": {"uv": [9.5, 8.5, 9.5625, 8.5625], "texture": "#0"},
				"up": {"uv": [2.6875, 9.5625, 2.5, 9.5], "texture": "#0"},
				"down": {"uv": [9.6875, 2.5, 9.5, 2.5625], "texture": "#0"}
			}
		},
		{
			"from": [5.5, 4.75, 6.5],
			"to": [5.75, 5, 6.75],
			"faces": {
				"north": {"uv": [8.75, 9.5, 8.8125, 9.5625], "texture": "#0"},
				"east": {"uv": [9.5, 8.75, 9.5625, 8.8125], "texture": "#0"},
				"south": {"uv": [9, 9.5, 9.0625, 9.5625], "texture": "#0"},
				"west": {"uv": [9.5, 9, 9.5625, 9.0625], "texture": "#0"},
				"up": {"uv": [9.3125, 9.5625, 9.25, 9.5], "texture": "#0"},
				"down": {"uv": [9.5625, 9.25, 9.5, 9.3125], "texture": "#0"}
			}
		},
		{
			"from": [5, 4.75, 7],
			"to": [5.25, 5, 7.75],
			"faces": {
				"north": {"uv": [9.5, 9.5, 9.5625, 9.5625], "texture": "#0"},
				"east": {"uv": [2.75, 9.5, 2.9375, 9.5625], "texture": "#0"},
				"south": {"uv": [0, 9.75, 0.0625, 9.8125], "texture": "#0"},
				"west": {"uv": [9.5, 2.75, 9.6875, 2.8125], "texture": "#0"},
				"up": {"uv": [3.0625, 9.6875, 3, 9.5], "texture": "#0"},
				"down": {"uv": [9.5625, 3, 9.5, 3.1875], "texture": "#0"}
			}
		},
		{
			"from": [9, 4.75, 6],
			"to": [9.75, 5, 6.25],
			"faces": {
				"north": {"uv": [6.75, 9.5, 6.9375, 9.5625], "texture": "#0"},
				"east": {"uv": [9.75, 3.5, 9.8125, 3.5625], "texture": "#0"},
				"south": {"uv": [9.5, 6.75, 9.6875, 6.8125], "texture": "#0"},
				"west": {"uv": [3.75, 9.75, 3.8125, 9.8125], "texture": "#0"},
				"up": {"uv": [7.1875, 9.5625, 7, 9.5], "texture": "#0"},
				"down": {"uv": [9.6875, 7, 9.5, 7.0625], "texture": "#0"}
			}
		},
		{
			"from": [10, 4.75, 6.5],
			"to": [10.25, 5, 6.75],
			"faces": {
				"north": {"uv": [9.75, 2.75, 9.8125, 2.8125], "texture": "#0"},
				"east": {"uv": [3, 9.75, 3.0625, 9.8125], "texture": "#0"},
				"south": {"uv": [9.75, 3, 9.8125, 3.0625], "texture": "#0"},
				"west": {"uv": [3.25, 9.75, 3.3125, 9.8125], "texture": "#0"},
				"up": {"uv": [9.8125, 3.3125, 9.75, 3.25], "texture": "#0"},
				"down": {"uv": [3.5625, 9.75, 3.5, 9.8125], "texture": "#0"}
			}
		},
		{
			"from": [10.5, 4.75, 7],
			"to": [10.75, 5, 7.75],
			"faces": {
				"north": {"uv": [9.75, 2.5, 9.8125, 2.5625], "texture": "#0"},
				"east": {"uv": [6.25, 9.5, 6.4375, 9.5625], "texture": "#0"},
				"south": {"uv": [2.75, 9.75, 2.8125, 9.8125], "texture": "#0"},
				"west": {"uv": [9.5, 6.25, 9.6875, 6.3125], "texture": "#0"},
				"up": {"uv": [6.5625, 9.6875, 6.5, 9.5], "texture": "#0"},
				"down": {"uv": [9.5625, 6.5, 9.5, 6.6875], "texture": "#0"}
			}
		},
		{
			"from": [4.5, 4.75, 8],
			"to": [4.75, 5, 9.75],
			"faces": {
				"north": {"uv": [9.75, 0, 9.8125, 0.0625], "texture": "#0"},
				"east": {"uv": [0.75, 9, 1.1875, 9.0625], "texture": "#0"},
				"south": {"uv": [0.25, 9.75, 0.3125, 9.8125], "texture": "#0"},
				"west": {"uv": [9, 0.75, 9.4375, 0.8125], "texture": "#0"},
				"up": {"uv": [9.0625, 1.4375, 9, 1], "texture": "#0"},
				"down": {"uv": [1.3125, 9, 1.25, 9.4375], "texture": "#0"}
			}
		},
		{
			"from": [11, 4.75, 8],
			"to": [11.25, 5, 9.75],
			"faces": {
				"north": {"uv": [9.75, 2, 9.8125, 2.0625], "texture": "#0"},
				"east": {"uv": [9, 2, 9.4375, 2.0625], "texture": "#0"},
				"south": {"uv": [2.25, 9.75, 2.3125, 9.8125], "texture": "#0"},
				"west": {"uv": [9, 2.25, 9.4375, 2.3125], "texture": "#0"},
				"up": {"uv": [2.5625, 9.4375, 2.5, 9], "texture": "#0"},
				"down": {"uv": [9.0625, 2.5, 9, 2.9375], "texture": "#0"}
			}
		},
		{
			"from": [5, 4.75, 10],
			"to": [5.25, 5, 10.75],
			"faces": {
				"north": {"uv": [9.75, 0.25, 9.8125, 0.3125], "texture": "#0"},
				"east": {"uv": [3.25, 9.5, 3.4375, 9.5625], "texture": "#0"},
				"south": {"uv": [0.5, 9.75, 0.5625, 9.8125], "texture": "#0"},
				"west": {"uv": [9.5, 3.25, 9.6875, 3.3125], "texture": "#0"},
				"up": {"uv": [3.5625, 9.6875, 3.5, 9.5], "texture": "#0"},
				"down": {"uv": [9.5625, 3.5, 9.5, 3.6875], "texture": "#0"}
			}
		},
		{
			"from": [5.5, 4.75, 10.5],
			"to": [5.75, 5, 11.25],
			"faces": {
				"north": {"uv": [9.75, 0.5, 9.8125, 0.5625], "texture": "#0"},
				"east": {"uv": [3.75, 9.5, 3.9375, 9.5625], "texture": "#0"},
				"south": {"uv": [0.75, 9.75, 0.8125, 9.8125], "texture": "#0"},
				"west": {"uv": [9.5, 3.75, 9.6875, 3.8125], "texture": "#0"},
				"up": {"uv": [4.0625, 9.6875, 4, 9.5], "texture": "#0"},
				"down": {"uv": [9.5625, 4, 9.5, 4.1875], "texture": "#0"}
			}
		},
		{
			"from": [10, 4.75, 10.5],
			"to": [10.25, 5, 11.25],
			"faces": {
				"north": {"uv": [9.75, 1.75, 9.8125, 1.8125], "texture": "#0"},
				"east": {"uv": [5.75, 9.5, 5.9375, 9.5625], "texture": "#0"},
				"south": {"uv": [2, 9.75, 2.0625, 9.8125], "texture": "#0"},
				"west": {"uv": [9.5, 5.75, 9.6875, 5.8125], "texture": "#0"},
				"up": {"uv": [6.0625, 9.6875, 6, 9.5], "texture": "#0"},
				"down": {"uv": [9.5625, 6, 9.5, 6.1875], "texture": "#0"}
			}
		},
		{
			"from": [10.5, 4.75, 10],
			"to": [10.75, 5, 10.75],
			"faces": {
				"north": {"uv": [9.75, 1.5, 9.8125, 1.5625], "texture": "#0"},
				"east": {"uv": [5.25, 9.5, 5.4375, 9.5625], "texture": "#0"},
				"south": {"uv": [1.75, 9.75, 1.8125, 9.8125], "texture": "#0"},
				"west": {"uv": [9.5, 5.25, 9.6875, 5.3125], "texture": "#0"},
				"up": {"uv": [5.5625, 9.6875, 5.5, 9.5], "texture": "#0"},
				"down": {"uv": [9.5625, 5.5, 9.5, 5.6875], "texture": "#0"}
			}
		},
		{
			"from": [6, 4.75, 11.5],
			"to": [6.75, 5, 11.75],
			"faces": {
				"north": {"uv": [4.25, 9.5, 4.4375, 9.5625], "texture": "#0"},
				"east": {"uv": [9.75, 0.75, 9.8125, 0.8125], "texture": "#0"},
				"south": {"uv": [9.5, 4.25, 9.6875, 4.3125], "texture": "#0"},
				"west": {"uv": [1, 9.75, 1.0625, 9.8125], "texture": "#0"},
				"up": {"uv": [4.6875, 9.5625, 4.5, 9.5], "texture": "#0"},
				"down": {"uv": [9.6875, 4.5, 9.5, 4.5625], "texture": "#0"}
			}
		},
		{
			"from": [9, 4.75, 11.5],
			"to": [9.75, 5, 11.75],
			"faces": {
				"north": {"uv": [4.75, 9.5, 4.9375, 9.5625], "texture": "#0"},
				"east": {"uv": [9.75, 1.25, 9.8125, 1.3125], "texture": "#0"},
				"south": {"uv": [9.5, 4.75, 9.6875, 4.8125], "texture": "#0"},
				"west": {"uv": [1.5, 9.75, 1.5625, 9.8125], "texture": "#0"},
				"up": {"uv": [5.1875, 9.5625, 5, 9.5], "texture": "#0"},
				"down": {"uv": [9.6875, 5, 9.5, 5.0625], "texture": "#0"}
			}
		},
		{
			"from": [7, 4.75, 12],
			"to": [8.75, 5, 12.25],
			"faces": {
				"north": {"uv": [1.5, 9, 1.9375, 9.0625], "texture": "#0"},
				"east": {"uv": [9.75, 1, 9.8125, 1.0625], "texture": "#0"},
				"south": {"uv": [9, 1.5, 9.4375, 1.5625], "texture": "#0"},
				"west": {"uv": [1.25, 9.75, 1.3125, 9.8125], "texture": "#0"},
				"up": {"uv": [9.4375, 1.8125, 9, 1.75], "texture": "#0"},
				"down": {"uv": [2.4375, 9, 2, 9.0625], "texture": "#0"}
			}
		},
		{
			"from": [7, 4.75, 5.5],
			"to": [8.75, 5, 5.75],
			"faces": {
				"north": {"uv": [2.75, 9, 3.1875, 9.0625], "texture": "#0"},
				"east": {"uv": [9.75, 2.25, 9.8125, 2.3125], "texture": "#0"},
				"south": {"uv": [9, 3, 9.4375, 3.0625], "texture": "#0"},
				"west": {"uv": [2.5, 9.75, 2.5625, 9.8125], "texture": "#0"},
				"up": {"uv": [3.6875, 9.0625, 3.25, 9], "texture": "#0"},
				"down": {"uv": [9.4375, 3.25, 9, 3.3125], "texture": "#0"}
			}
		},
		{
			"from": [5.75, 5, 11.5],
			"to": [6.75, 9.25, 12],
			"faces": {
				"north": {"uv": [5.5, 2.5, 5.75, 3.5625], "texture": "#0"},
				"east": {"uv": [6.5, 0, 6.625, 1.0625], "texture": "#0"},
				"south": {"uv": [5.5, 3.75, 5.75, 4.8125], "texture": "#0"},
				"west": {"uv": [6.5, 1.25, 6.625, 2.3125], "texture": "#0"},
				"up": {"uv": [7.5, 8.625, 7.25, 8.5], "texture": "#0"},
				"down": {"uv": [7.75, 8.5, 7.5, 8.625], "texture": "#0"}
			}
		},
		{
			"from": [4.75, 5, 10],
			"to": [5.25, 9.25, 11],
			"faces": {
				"north": {"uv": [6, 6.25, 6.125, 7.3125], "texture": "#0"},
				"east": {"uv": [5.5, 0, 5.75, 1.0625], "texture": "#0"},
				"south": {"uv": [6.25, 6.25, 6.375, 7.3125], "texture": "#0"},
				"west": {"uv": [5.5, 1.25, 5.75, 2.3125], "texture": "#0"},
				"up": {"uv": [6.875, 8.75, 6.75, 8.5], "texture": "#0"},
				"down": {"uv": [7.125, 8.5, 7, 8.75], "texture": "#0"}
			}
		},
		{
			"from": [10.5, 5, 10],
			"to": [11, 9.25, 11],
			"faces": {
				"north": {"uv": [5.5, 6.25, 5.625, 7.3125], "texture": "#0"},
				"east": {"uv": [5.25, 3.75, 5.5, 4.8125], "texture": "#0"},
				"south": {"uv": [5.75, 6.25, 5.875, 7.3125], "texture": "#0"},
				"west": {"uv": [5.25, 5, 5.5, 6.0625], "texture": "#0"},
				"up": {"uv": [6.625, 8.75, 6.5, 8.5], "texture": "#0"},
				"down": {"uv": [8.625, 6.5, 8.5, 6.75], "texture": "#0"}
			}
		},
		{
			"from": [9, 5, 11.5],
			"to": [10, 9.25, 12],
			"faces": {
				"north": {"uv": [5.25, 1.25, 5.5, 2.3125], "texture": "#0"},
				"east": {"uv": [6.25, 5, 6.375, 6.0625], "texture": "#0"},
				"south": {"uv": [5.25, 2.5, 5.5, 3.5625], "texture": "#0"},
				"west": {"uv": [5.25, 6.25, 5.375, 7.3125], "texture": "#0"},
				"up": {"uv": [6.5, 8.625, 6.25, 8.5], "texture": "#0"},
				"down": {"uv": [8.75, 6.25, 8.5, 6.375], "texture": "#0"}
			}
		},
		{
			"from": [10.5, 5, 6.75],
			"to": [11, 9.25, 7.75],
			"faces": {
				"north": {"uv": [4.75, 6.25, 4.875, 7.3125], "texture": "#0"},
				"east": {"uv": [5, 5, 5.25, 6.0625], "texture": "#0"},
				"south": {"uv": [5, 6.25, 5.125, 7.3125], "texture": "#0"},
				"west": {"uv": [5.25, 0, 5.5, 1.0625], "texture": "#0"},
				"up": {"uv": [5.875, 8.75, 5.75, 8.5], "texture": "#0"},
				"down": {"uv": [6.125, 8.5, 6, 8.75], "texture": "#0"}
			}
		},
		{
			"from": [9, 5, 5.75],
			"to": [10, 9.25, 6.25],
			"faces": {
				"north": {"uv": [4.5, 5, 4.75, 6.0625], "texture": "#0"},
				"east": {"uv": [4.25, 6.25, 4.375, 7.3125], "texture": "#0"},
				"south": {"uv": [4.75, 5, 5, 6.0625], "texture": "#0"},
				"west": {"uv": [4.5, 6.25, 4.625, 7.3125], "texture": "#0"},
				"up": {"uv": [5.75, 8.625, 5.5, 8.5], "texture": "#0"},
				"down": {"uv": [8.75, 5.5, 8.5, 5.625], "texture": "#0"}
			}
		}
	],
	"display": {
		"thirdperson_righthand": {
			"rotation": [0, 180, 0],
			"translation": [0, 0.25, 0.5],
			"scale": [0.4, 0.4, 0.4]
		},
		"thirdperson_lefthand": {
			"rotation": [0, -180, 0],
			"translation": [0, 0.25, 0],
			"scale": [0.4, 0.4, 0.4]
		},
		"firstperson_righthand": {
			"rotation": [1, 180, 0],
			"translation": [0, 1.25, 0.5],
			"scale": [0.6, 0.6, 0.6]
		},
		"firstperson_lefthand": {
			"rotation": [0, 180, 0],
			"translation": [0, 1.25, 0],
			"scale": [0.6, 0.6, 0.6]
		},
		"ground": {
			"scale": [0.6, 0.6, 0.6]
		},
		"gui": {
			"rotation": [31.25, -180, 0],
			"translation": [0.25, 2.25, 0]
		},
		"head": {
			"translation": [0, 12, 0],
			"scale": [0.6, 0.6, 0.6]
		},
		"fixed": {
			"rotation": [-90, 0, 0],
			"translation": [0, -0.25, -8]
		}
	}
}