{
	"credit": "Made with Blockbench",
	"texture_size": [64, 64],
	"textures": {
		"0": "dosk2",
		"particle": "dosk2"
	},
	"elements": [
		{
			"from": [-6, 0, 8.5],
			"to": [22, 17, 8.75],
			"faces": {
				"north": {"uv": [0, 0, 7, 4.25], "texture": "#0"},
				"east": {"uv": [1, 8.5, 1.0625, 12.75], "texture": "#0"},
				"south": {"uv": [0, 4.25, 7, 8.5], "texture": "#0"},
				"west": {"uv": [1.25, 8.5, 1.3125, 12.75], "texture": "#0"},
				"up": {"uv": [16, 3.5625, 9, 3.5], "texture": "#0"},
				"down": {"uv": [16, 3.75, 9, 3.8125], "texture": "#0"}
			}
		},
		{
			"from": [16, 17, 8.5],
			"to": [17, 19, 8.75],
			"faces": {
				"north": {"uv": [2.5, 8.5, 2.75, 9], "texture": "#0"},
				"east": {"uv": [9.25, 7.75, 9.3125, 8.25], "texture": "#0"},
				"south": {"uv": [2.75, 8.5, 3, 9], "texture": "#0"},
				"west": {"uv": [9.25, 8.25, 9.3125, 8.75], "texture": "#0"},
				"up": {"uv": [3.75, 9.8125, 3.5, 9.75], "texture": "#0"},
				"down": {"uv": [4, 9.75, 3.75, 9.8125], "texture": "#0"}
			}
		},
		{
			"from": [-1, 17, 8.5],
			"to": [0, 19, 8.75],
			"faces": {
				"north": {"uv": [3, 8.5, 3.25, 9], "texture": "#0"},
				"east": {"uv": [8.5, 9.25, 8.5625, 9.75], "texture": "#0"},
				"south": {"uv": [3.25, 8.5, 3.5, 9], "texture": "#0"},
				"west": {"uv": [8.75, 9.25, 8.8125, 9.75], "texture": "#0"},
				"up": {"uv": [4.25, 9.8125, 4, 9.75], "texture": "#0"},
				"down": {"uv": [4.5, 9.75, 4.25, 9.8125], "texture": "#0"}
			}
		},
		{
			"from": [-4.75, 19, 8.5],
			"to": [21, 23, 8.75],
			"faces": {
				"north": {"uv": [7, 0, 13.4375, 1], "texture": "#0"},
				"east": {"uv": [6, 8.5, 6.0625, 9.5], "texture": "#0"},
				"south": {"uv": [7, 1, 13.4375, 2], "texture": "#0"},
				"west": {"uv": [6.25, 8.5, 6.3125, 9.5], "texture": "#0"},
				"up": {"uv": [15.4375, 5.0625, 9, 5], "texture": "#0"},
				"down": {"uv": [15.4375, 5.25, 9, 5.3125], "texture": "#0"}
			}
		},
		{
			"from": [-6, 0, 8.25],
			"to": [22, 1, 8.5],
			"faces": {
				"north": {"uv": [7, 2, 14, 2.25], "texture": "#0"},
				"east": {"uv": [4.5, 9.75, 4.5625, 10], "texture": "#0"},
				"south": {"uv": [7, 2.25, 14, 2.5], "texture": "#0"},
				"west": {"uv": [4.75, 9.75, 4.8125, 10], "texture": "#0"},
				"up": {"uv": [16, 4.0625, 9, 4], "texture": "#0"},
				"down": {"uv": [16, 4.25, 9, 4.3125], "texture": "#0"}
			}
		},
		{
			"from": [-6, 16, 8.25],
			"to": [22, 17, 8.5],
			"faces": {
				"north": {"uv": [7, 2.5, 14, 2.75], "texture": "#0"},
				"east": {"uv": [5, 9.75, 5.0625, 10], "texture": "#0"},
				"south": {"uv": [7, 2.75, 14, 3], "texture": "#0"},
				"west": {"uv": [5.25, 9.75, 5.3125, 10], "texture": "#0"},
				"up": {"uv": [16, 4.5625, 9, 4.5], "texture": "#0"},
				"down": {"uv": [16, 4.75, 9, 4.8125], "texture": "#0"}
			}
		},
		{
			"from": [17.25, 1.5, 8.25],
			"to": [19.75, 5.5, 8.5],
			"rotation": {"angle": 0, "axis": "z", "origin": [17.75, 10.5, 4]},
			"faces": {
				"north": {"uv": [7, 3, 7.875, 4.25], "texture": "#0"},
				"east": {"uv": [3.5, 8.5, 3.5625, 9.75], "texture": "#0"},
				"south": {"uv": [7, 4.25, 7.875, 5.5], "texture": "#0"},
				"west": {"uv": [3.75, 8.5, 3.8125, 9.75], "texture": "#0"},
				"up": {"uv": [9.875, 7.0625, 9, 7], "texture": "#0"},
				"down": {"uv": [9.875, 7.25, 9, 7.3125], "texture": "#0"}
			}
		},
		{
			"from": [-2, 9.19454, 4.05546],
			"to": [-1.5, 10.19454, 5.05546],
			"rotation": {"angle": -22.5, "axis": "z", "origin": [17.75, 13.25, 4]},
			"faces": {
				"north": {"uv": [9.25, 8.75, 9.375, 9], "texture": "#0"},
				"east": {"uv": [6.5, 8.5, 6.75, 8.75], "texture": "#0"},
				"south": {"uv": [9.25, 9, 9.375, 9.25], "texture": "#0"},
				"west": {"uv": [6.75, 8.5, 7, 8.75], "texture": "#0"},
				"up": {"uv": [9.375, 9.5, 9.25, 9.25], "texture": "#0"},
				"down": {"uv": [2.625, 9.5, 2.5, 9.75], "texture": "#0"}
			}
		},
		{
			"from": [-2, 8.69454, 5.05546],
			"to": [-1.5, 9.44454, 5.55546],
			"rotation": {"angle": -22.5, "axis": "z", "origin": [17.75, 13.25, 4]},
			"faces": {
				"north": {"uv": [6.25, 9.5, 6.375, 9.6875], "texture": "#0"},
				"east": {"uv": [6.5, 9.5, 6.625, 9.6875], "texture": "#0"},
				"south": {"uv": [6.75, 9.5, 6.875, 9.6875], "texture": "#0"},
				"west": {"uv": [7, 9.5, 7.125, 9.6875], "texture": "#0"},
				"up": {"uv": [5.625, 9.875, 5.5, 9.75], "texture": "#0"},
				"down": {"uv": [5.875, 9.75, 5.75, 9.875], "texture": "#0"}
			}
		},
		{
			"from": [-2, 8.69454, 4.80546],
			"to": [-1.5, 9.19454, 5.05546],
			"rotation": {"angle": -22.5, "axis": "z", "origin": [17.75, 13.25, 4]},
			"faces": {
				"north": {"uv": [6.25, 9.75, 6.375, 9.875], "texture": "#0"},
				"east": {"uv": [8.75, 10, 8.8125, 10.125], "texture": "#0"},
				"south": {"uv": [6.5, 9.75, 6.625, 9.875], "texture": "#0"},
				"west": {"uv": [10, 8.75, 10.0625, 8.875], "texture": "#0"},
				"up": {"uv": [9.125, 10.0625, 9, 10], "texture": "#0"},
				"down": {"uv": [10.125, 9, 10, 9.0625], "texture": "#0"}
			}
		},
		{
			"from": [-2, 8.19454, 5.55546],
			"to": [-1.5, 8.94454, 6.05546],
			"rotation": {"angle": -22.5, "axis": "z", "origin": [17.75, 13.25, 4]},
			"faces": {
				"north": {"uv": [7.25, 9.5, 7.375, 9.6875], "texture": "#0"},
				"east": {"uv": [7.5, 9.5, 7.625, 9.6875], "texture": "#0"},
				"south": {"uv": [7.75, 9.5, 7.875, 9.6875], "texture": "#0"},
				"west": {"uv": [9.5, 7.75, 9.625, 7.9375], "texture": "#0"},
				"up": {"uv": [6.875, 9.875, 6.75, 9.75], "texture": "#0"},
				"down": {"uv": [7.125, 9.75, 7, 9.875], "texture": "#0"}
			}
		},
		{
			"from": [-2, 7.69454, 6.05546],
			"to": [-1.5, 8.44454, 6.55546],
			"rotation": {"angle": -22.5, "axis": "z", "origin": [17.75, 13.25, 4]},
			"faces": {
				"north": {"uv": [8, 9.5, 8.125, 9.6875], "texture": "#0"},
				"east": {"uv": [9.5, 8, 9.625, 8.1875], "texture": "#0"},
				"south": {"uv": [8.25, 9.5, 8.375, 9.6875], "texture": "#0"},
				"west": {"uv": [9.5, 8.25, 9.625, 8.4375], "texture": "#0"},
				"up": {"uv": [7.375, 9.875, 7.25, 9.75], "texture": "#0"},
				"down": {"uv": [7.625, 9.75, 7.5, 9.875], "texture": "#0"}
			}
		},
		{
			"from": [-1.75, 7.19454, 6.55546],
			"to": [-1.75, 7.94454, 7.05546],
			"rotation": {"angle": -22.5, "axis": "z", "origin": [17.75, 13.25, 4]},
			"faces": {
				"north": {"uv": [0, 0, 0, 0.1875], "texture": "#0"},
				"east": {"uv": [9.5, 8.5, 9.625, 8.6875], "texture": "#0"},
				"south": {"uv": [0, 0, 0, 0.1875], "texture": "#0"},
				"west": {"uv": [9.5, 8.75, 9.625, 8.9375], "texture": "#0"},
				"up": {"uv": [0, 0.125, 0, 0], "texture": "#0"},
				"down": {"uv": [0, 0, 0, 0.125], "texture": "#0"}
			}
		},
		{
			"from": [-1.75, 6.69454, 7.05546],
			"to": [-1.75, 7.44454, 7.55546],
			"rotation": {"angle": -22.5, "axis": "z", "origin": [17.75, 13.25, 4]},
			"faces": {
				"north": {"uv": [0, 0, 0, 0.1875], "texture": "#0"},
				"east": {"uv": [9, 9.5, 9.125, 9.6875], "texture": "#0"},
				"south": {"uv": [0, 0, 0, 0.1875], "texture": "#0"},
				"west": {"uv": [9.5, 9, 9.625, 9.1875], "texture": "#0"},
				"up": {"uv": [0, 0.125, 0, 0], "texture": "#0"},
				"down": {"uv": [0, 0, 0, 0.125], "texture": "#0"}
			}
		},
		{
			"from": [-1.75, 7.19454, 6.30546],
			"to": [-1.75, 7.69454, 6.55546],
			"rotation": {"angle": -22.5, "axis": "z", "origin": [17.75, 13.25, 4]},
			"faces": {
				"north": {"uv": [0, 0, 0, 0.125], "texture": "#0"},
				"east": {"uv": [9.25, 10, 9.3125, 10.125], "texture": "#0"},
				"south": {"uv": [0, 0, 0, 0.125], "texture": "#0"},
				"west": {"uv": [10, 9.25, 10.0625, 9.375], "texture": "#0"},
				"up": {"uv": [0, 0.0625, 0, 0], "texture": "#0"},
				"down": {"uv": [0, 0, 0, 0.0625], "texture": "#0"}
			}
		},
		{
			"from": [-1.75, 6.69454, 6.80546],
			"to": [-1.75, 7.19454, 7.05546],
			"rotation": {"angle": -22.5, "axis": "z", "origin": [17.75, 13.25, 4]},
			"faces": {
				"north": {"uv": [0, 0, 0, 0.125], "texture": "#0"},
				"east": {"uv": [9.5, 10, 9.5625, 10.125], "texture": "#0"},
				"south": {"uv": [0, 0, 0, 0.125], "texture": "#0"},
				"west": {"uv": [10, 9.5, 10.0625, 9.625], "texture": "#0"},
				"up": {"uv": [0, 0.0625, 0, 0], "texture": "#0"},
				"down": {"uv": [0, 0, 0, 0.0625], "texture": "#0"}
			}
		},
		{
			"from": [-1.75, 5.69454, 8.05546],
			"to": [-1.75, 6.44454, 8.55546],
			"rotation": {"angle": -22.5, "axis": "z", "origin": [17.75, 13.25, 4]},
			"faces": {
				"north": {"uv": [0, 0, 0, 0.1875], "texture": "#0"},
				"east": {"uv": [9.25, 9.5, 9.375, 9.6875], "texture": "#0"},
				"south": {"uv": [0, 0, 0, 0.1875], "texture": "#0"},
				"west": {"uv": [9.5, 9.25, 9.625, 9.4375], "texture": "#0"},
				"up": {"uv": [0, 0.125, 0, 0], "texture": "#0"},
				"down": {"uv": [0, 0, 0, 0.125], "texture": "#0"}
			}
		},
		{
			"from": [-1.75, 6.19454, 7.55546],
			"to": [-1.75, 6.94454, 8.05546],
			"rotation": {"angle": -22.5, "axis": "z", "origin": [17.75, 13.25, 4]},
			"faces": {
				"north": {"uv": [0, 0, 0, 0.1875], "texture": "#0"},
				"east": {"uv": [9.5, 9.5, 9.625, 9.6875], "texture": "#0"},
				"south": {"uv": [0, 0, 0, 0.1875], "texture": "#0"},
				"west": {"uv": [2.5, 9.75, 2.625, 9.9375], "texture": "#0"},
				"up": {"uv": [0, 0.125, 0, 0], "texture": "#0"},
				"down": {"uv": [0, 0, 0, 0.125], "texture": "#0"}
			}
		},
		{
			"from": [-1.75, 6.19454, 7.30546],
			"to": [-1.75, 6.69454, 7.55546],
			"rotation": {"angle": -22.5, "axis": "z", "origin": [17.75, 13.25, 4]},
			"faces": {
				"north": {"uv": [0, 0, 0, 0.125], "texture": "#0"},
				"east": {"uv": [9.75, 10, 9.8125, 10.125], "texture": "#0"},
				"south": {"uv": [0, 0, 0, 0.125], "texture": "#0"},
				"west": {"uv": [10, 9.75, 10.0625, 9.875], "texture": "#0"},
				"up": {"uv": [0, 0.0625, 0, 0], "texture": "#0"},
				"down": {"uv": [0, 0, 0, 0.0625], "texture": "#0"}
			}
		},
		{
			"from": [-1.75, 5.69454, 7.80546],
			"to": [-1.75, 6.19454, 8.05546],
			"rotation": {"angle": -22.5, "axis": "z", "origin": [17.75, 13.25, 4]},
			"faces": {
				"north": {"uv": [0, 0, 0, 0.125], "texture": "#0"},
				"east": {"uv": [10, 10, 10.0625, 10.125], "texture": "#0"},
				"south": {"uv": [0, 0, 0, 0.125], "texture": "#0"},
				"west": {"uv": [2.5, 10.25, 2.5625, 10.375], "texture": "#0"},
				"up": {"uv": [0, 0.0625, 0, 0], "texture": "#0"},
				"down": {"uv": [0, 0, 0, 0.0625], "texture": "#0"}
			}
		},
		{
			"from": [-1.75, 6.44454, 8.05546],
			"to": [-1.75, 6.69454, 8.30546],
			"rotation": {"angle": -22.5, "axis": "z", "origin": [17.75, 13.25, 4]},
			"faces": {
				"north": {"uv": [0, 0, 0, 0.0625], "texture": "#0"},
				"east": {"uv": [2.5, 10.5, 2.5625, 10.5625], "texture": "#0"},
				"south": {"uv": [0, 0, 0, 0.0625], "texture": "#0"},
				"west": {"uv": [2.75, 10.5, 2.8125, 10.5625], "texture": "#0"},
				"up": {"uv": [0, 0.0625, 0, 0], "texture": "#0"},
				"down": {"uv": [0, 0, 0, 0.0625], "texture": "#0"}
			}
		},
		{
			"from": [-1.75, 5.44454, 8.05546],
			"to": [-1.75, 5.69454, 8.30546],
			"rotation": {"angle": -22.5, "axis": "z", "origin": [17.75, 13.25, 4]},
			"faces": {
				"north": {"uv": [0, 0, 0, 0.0625], "texture": "#0"},
				"east": {"uv": [3, 10.5, 3.0625, 10.5625], "texture": "#0"},
				"south": {"uv": [0, 0, 0, 0.0625], "texture": "#0"},
				"west": {"uv": [3.25, 10.5, 3.3125, 10.5625], "texture": "#0"},
				"up": {"uv": [0, 0.0625, 0, 0], "texture": "#0"},
				"down": {"uv": [0, 0, 0, 0.0625], "texture": "#0"}
			}
		},
		{
			"from": [-1.75, 5.94454, 7.55546],
			"to": [-1.75, 6.19454, 7.80546],
			"rotation": {"angle": -22.5, "axis": "z", "origin": [17.75, 13.25, 4]},
			"faces": {
				"north": {"uv": [0, 0, 0, 0.0625], "texture": "#0"},
				"east": {"uv": [3.5, 10.5, 3.5625, 10.5625], "texture": "#0"},
				"south": {"uv": [0, 0, 0, 0.0625], "texture": "#0"},
				"west": {"uv": [3.75, 10.5, 3.8125, 10.5625], "texture": "#0"},
				"up": {"uv": [0, 0.0625, 0, 0], "texture": "#0"},
				"down": {"uv": [0, 0, 0, 0.0625], "texture": "#0"}
			}
		},
		{
			"from": [-1.75, 6.94454, 6.55546],
			"to": [-1.75, 7.19454, 6.80546],
			"rotation": {"angle": -22.5, "axis": "z", "origin": [17.75, 13.25, 4]},
			"faces": {
				"north": {"uv": [0, 0, 0, 0.0625], "texture": "#0"},
				"east": {"uv": [4, 10.5, 4.0625, 10.5625], "texture": "#0"},
				"south": {"uv": [0, 0, 0, 0.0625], "texture": "#0"},
				"west": {"uv": [4.25, 10.5, 4.3125, 10.5625], "texture": "#0"},
				"up": {"uv": [0, 0.0625, 0, 0], "texture": "#0"},
				"down": {"uv": [0, 0, 0, 0.0625], "texture": "#0"}
			}
		},
		{
			"from": [-1.75, 6.44454, 7.05546],
			"to": [-1.75, 6.69454, 7.30546],
			"rotation": {"angle": -22.5, "axis": "z", "origin": [17.75, 13.25, 4]},
			"faces": {
				"north": {"uv": [0, 0, 0, 0.0625], "texture": "#0"},
				"east": {"uv": [4.5, 10.5, 4.5625, 10.5625], "texture": "#0"},
				"south": {"uv": [0, 0, 0, 0.0625], "texture": "#0"},
				"west": {"uv": [4.75, 10.5, 4.8125, 10.5625], "texture": "#0"},
				"up": {"uv": [0, 0.0625, 0, 0], "texture": "#0"},
				"down": {"uv": [0, 0, 0, 0.0625], "texture": "#0"}
			}
		},
		{
			"from": [-1.75, 7.44454, 6.05546],
			"to": [-1.75, 7.69454, 6.30546],
			"rotation": {"angle": -22.5, "axis": "z", "origin": [17.75, 13.25, 4]},
			"faces": {
				"north": {"uv": [0, 0, 0, 0.0625], "texture": "#0"},
				"east": {"uv": [5, 10.5, 5.0625, 10.5625], "texture": "#0"},
				"south": {"uv": [0, 0, 0, 0.0625], "texture": "#0"},
				"west": {"uv": [5.25, 10.5, 5.3125, 10.5625], "texture": "#0"},
				"up": {"uv": [0, 0.0625, 0, 0], "texture": "#0"},
				"down": {"uv": [0, 0, 0, 0.0625], "texture": "#0"}
			}
		},
		{
			"from": [-1.75, 7.94454, 6.55546],
			"to": [-1.75, 8.19454, 6.80546],
			"rotation": {"angle": -22.5, "axis": "z", "origin": [17.75, 13.25, 4]},
			"faces": {
				"north": {"uv": [0, 0, 0, 0.0625], "texture": "#0"},
				"east": {"uv": [5.5, 10.5, 5.5625, 10.5625], "texture": "#0"},
				"south": {"uv": [0, 0, 0, 0.0625], "texture": "#0"},
				"west": {"uv": [5.75, 10.5, 5.8125, 10.5625], "texture": "#0"},
				"up": {"uv": [0, 0.0625, 0, 0], "texture": "#0"},
				"down": {"uv": [0, 0, 0, 0.0625], "texture": "#0"}
			}
		},
		{
			"from": [-1.75, 7.44454, 7.05546],
			"to": [-1.75, 7.69454, 7.30546],
			"rotation": {"angle": -22.5, "axis": "z", "origin": [17.75, 13.25, 4]},
			"faces": {
				"north": {"uv": [0, 0, 0, 0.0625], "texture": "#0"},
				"east": {"uv": [6, 10.5, 6.0625, 10.5625], "texture": "#0"},
				"south": {"uv": [0, 0, 0, 0.0625], "texture": "#0"},
				"west": {"uv": [10.5, 6, 10.5625, 6.0625], "texture": "#0"},
				"up": {"uv": [0, 0.0625, 0, 0], "texture": "#0"},
				"down": {"uv": [0, 0, 0, 0.0625], "texture": "#0"}
			}
		},
		{
			"from": [-1.75, 6.94454, 7.55546],
			"to": [-1.75, 7.19454, 7.80546],
			"rotation": {"angle": -22.5, "axis": "z", "origin": [17.75, 13.25, 4]},
			"faces": {
				"north": {"uv": [0, 0, 0, 0.0625], "texture": "#0"},
				"east": {"uv": [6.25, 10.5, 6.3125, 10.5625], "texture": "#0"},
				"south": {"uv": [0, 0, 0, 0.0625], "texture": "#0"},
				"west": {"uv": [10.5, 6.25, 10.5625, 6.3125], "texture": "#0"},
				"up": {"uv": [0, 0.0625, 0, 0], "texture": "#0"},
				"down": {"uv": [0, 0, 0, 0.0625], "texture": "#0"}
			}
		},
		{
			"from": [-2, 8.44454, 6.55546],
			"to": [-1.5, 8.94454, 7.05546],
			"rotation": {"angle": -22.5, "axis": "z", "origin": [17.75, 13.25, 4]},
			"faces": {
				"north": {"uv": [7.75, 9.75, 7.875, 9.875], "texture": "#0"},
				"east": {"uv": [9.75, 7.75, 9.875, 7.875], "texture": "#0"},
				"south": {"uv": [8, 9.75, 8.125, 9.875], "texture": "#0"},
				"west": {"uv": [9.75, 8, 9.875, 8.125], "texture": "#0"},
				"up": {"uv": [8.375, 9.875, 8.25, 9.75], "texture": "#0"},
				"down": {"uv": [9.875, 8.25, 9.75, 8.375], "texture": "#0"}
			}
		},
		{
			"from": [-2, 6.94454, 4.80546],
			"to": [-1.5, 7.19454, 5.30546],
			"rotation": {"angle": -22.5, "axis": "z", "origin": [17.75, 13.25, 4]},
			"faces": {
				"north": {"uv": [3.25, 10.25, 3.375, 10.3125], "texture": "#0"},
				"east": {"uv": [3.5, 10.25, 3.625, 10.3125], "texture": "#0"},
				"south": {"uv": [3.75, 10.25, 3.875, 10.3125], "texture": "#0"},
				"west": {"uv": [4, 10.25, 4.125, 10.3125], "texture": "#0"},
				"up": {"uv": [8.625, 9.875, 8.5, 9.75], "texture": "#0"},
				"down": {"uv": [9.875, 8.5, 9.75, 8.625], "texture": "#0"}
			}
		},
		{
			"from": [-2, 8.94454, 7.05546],
			"to": [-1.5, 9.44454, 7.30546],
			"rotation": {"angle": -22.5, "axis": "z", "origin": [17.75, 13.25, 4]},
			"faces": {
				"north": {"uv": [8.75, 9.75, 8.875, 9.875], "texture": "#0"},
				"east": {"uv": [4.25, 10.25, 4.3125, 10.375], "texture": "#0"},
				"south": {"uv": [9.75, 8.75, 9.875, 8.875], "texture": "#0"},
				"west": {"uv": [4.5, 10.25, 4.5625, 10.375], "texture": "#0"},
				"up": {"uv": [4.875, 10.3125, 4.75, 10.25], "texture": "#0"},
				"down": {"uv": [5.125, 10.25, 5, 10.3125], "texture": "#0"}
			}
		},
		{
			"from": [-2, 8.69454, 7.05546],
			"to": [-1.5, 8.94454, 7.30546],
			"rotation": {"angle": -22.5, "axis": "z", "origin": [17.75, 13.25, 4]},
			"faces": {
				"north": {"uv": [5.25, 10.25, 5.375, 10.3125], "texture": "#0"},
				"east": {"uv": [6.5, 10.5, 6.5625, 10.5625], "texture": "#0"},
				"south": {"uv": [5.5, 10.25, 5.625, 10.3125], "texture": "#0"},
				"west": {"uv": [10.5, 6.5, 10.5625, 6.5625], "texture": "#0"},
				"up": {"uv": [5.875, 10.3125, 5.75, 10.25], "texture": "#0"},
				"down": {"uv": [6.125, 10.25, 6, 10.3125], "texture": "#0"}
			}
		},
		{
			"from": [-2, 8.19454, 6.55546],
			"to": [-1.5, 8.44454, 6.80546],
			"rotation": {"angle": -22.5, "axis": "z", "origin": [17.75, 13.25, 4]},
			"faces": {
				"north": {"uv": [10.25, 6, 10.375, 6.0625], "texture": "#0"},
				"east": {"uv": [6.75, 10.5, 6.8125, 10.5625], "texture": "#0"},
				"south": {"uv": [6.25, 10.25, 6.375, 10.3125], "texture": "#0"},
				"west": {"uv": [10.5, 6.75, 10.5625, 6.8125], "texture": "#0"},
				"up": {"uv": [10.375, 6.3125, 10.25, 6.25], "texture": "#0"},
				"down": {"uv": [6.625, 10.25, 6.5, 10.3125], "texture": "#0"}
			}
		},
		{
			"from": [-2, 6.94454, 5.30546],
			"to": [-1.5, 7.19454, 5.55546],
			"rotation": {"angle": -22.5, "axis": "z", "origin": [17.75, 13.25, 4]},
			"faces": {
				"north": {"uv": [10.25, 6.5, 10.375, 6.5625], "texture": "#0"},
				"east": {"uv": [7, 10.5, 7.0625, 10.5625], "texture": "#0"},
				"south": {"uv": [6.75, 10.25, 6.875, 10.3125], "texture": "#0"},
				"west": {"uv": [10.5, 7, 10.5625, 7.0625], "texture": "#0"},
				"up": {"uv": [10.375, 6.8125, 10.25, 6.75], "texture": "#0"},
				"down": {"uv": [7.125, 10.25, 7, 10.3125], "texture": "#0"}
			}
		},
		{
			"from": [-2, 7.69454, 5.55546],
			"to": [-1.5, 7.94454, 5.80546],
			"rotation": {"angle": -22.5, "axis": "z", "origin": [17.75, 13.25, 4]},
			"faces": {
				"north": {"uv": [10.25, 7, 10.375, 7.0625], "texture": "#0"},
				"east": {"uv": [7.25, 10.5, 7.3125, 10.5625], "texture": "#0"},
				"south": {"uv": [7.25, 10.25, 7.375, 10.3125], "texture": "#0"},
				"west": {"uv": [10.5, 7.25, 10.5625, 7.3125], "texture": "#0"},
				"up": {"uv": [10.375, 7.3125, 10.25, 7.25], "texture": "#0"},
				"down": {"uv": [7.625, 10.25, 7.5, 10.3125], "texture": "#0"}
			}
		},
		{
			"from": [-2, 8.44454, 6.30546],
			"to": [-1.5, 8.69454, 6.55546],
			"rotation": {"angle": -22.5, "axis": "z", "origin": [17.75, 13.25, 4]},
			"faces": {
				"north": {"uv": [10.25, 7.5, 10.375, 7.5625], "texture": "#0"},
				"east": {"uv": [7.5, 10.5, 7.5625, 10.5625], "texture": "#0"},
				"south": {"uv": [7.75, 10.25, 7.875, 10.3125], "texture": "#0"},
				"west": {"uv": [10.5, 7.5, 10.5625, 7.5625], "texture": "#0"},
				"up": {"uv": [10.375, 7.8125, 10.25, 7.75], "texture": "#0"},
				"down": {"uv": [8.125, 10.25, 8, 10.3125], "texture": "#0"}
			}
		},
		{
			"from": [-2, 7.44454, 5.80546],
			"to": [-1.5, 7.69454, 6.05546],
			"rotation": {"angle": -22.5, "axis": "z", "origin": [17.75, 13.25, 4]},
			"faces": {
				"north": {"uv": [10.25, 8, 10.375, 8.0625], "texture": "#0"},
				"east": {"uv": [7.75, 10.5, 7.8125, 10.5625], "texture": "#0"},
				"south": {"uv": [8.25, 10.25, 8.375, 10.3125], "texture": "#0"},
				"west": {"uv": [10.5, 7.75, 10.5625, 7.8125], "texture": "#0"},
				"up": {"uv": [10.375, 8.3125, 10.25, 8.25], "texture": "#0"},
				"down": {"uv": [8.625, 10.25, 8.5, 10.3125], "texture": "#0"}
			}
		},
		{
			"from": [-2, 7.19454, 5.30546],
			"to": [-1.5, 7.69454, 5.80546],
			"rotation": {"angle": -22.5, "axis": "z", "origin": [17.75, 13.25, 4]},
			"faces": {
				"north": {"uv": [9, 9.75, 9.125, 9.875], "texture": "#0"},
				"east": {"uv": [9.75, 9, 9.875, 9.125], "texture": "#0"},
				"south": {"uv": [9.25, 9.75, 9.375, 9.875], "texture": "#0"},
				"west": {"uv": [9.75, 9.25, 9.875, 9.375], "texture": "#0"},
				"up": {"uv": [9.625, 9.875, 9.5, 9.75], "texture": "#0"},
				"down": {"uv": [9.875, 9.5, 9.75, 9.625], "texture": "#0"}
			}
		},
		{
			"from": [-2, 8.19454, 5.30546],
			"to": [-1.5, 8.69454, 5.55546],
			"rotation": {"angle": -22.5, "axis": "z", "origin": [17.75, 13.25, 4]},
			"faces": {
				"north": {"uv": [9.75, 9.75, 9.875, 9.875], "texture": "#0"},
				"east": {"uv": [10.25, 8.5, 10.3125, 8.625], "texture": "#0"},
				"south": {"uv": [2.5, 10, 2.625, 10.125], "texture": "#0"},
				"west": {"uv": [8.75, 10.25, 8.8125, 10.375], "texture": "#0"},
				"up": {"uv": [10.375, 8.8125, 10.25, 8.75], "texture": "#0"},
				"down": {"uv": [9.125, 10.25, 9, 10.3125], "texture": "#0"}
			}
		},
		{
			"from": [-2, 7.69454, 5.80546],
			"to": [-1.5, 8.19454, 6.05546],
			"rotation": {"angle": -22.5, "axis": "z", "origin": [17.75, 13.25, 4]},
			"faces": {
				"north": {"uv": [2.75, 10, 2.875, 10.125], "texture": "#0"},
				"east": {"uv": [10.25, 9, 10.3125, 9.125], "texture": "#0"},
				"south": {"uv": [3, 10, 3.125, 10.125], "texture": "#0"},
				"west": {"uv": [9.25, 10.25, 9.3125, 10.375], "texture": "#0"},
				"up": {"uv": [10.375, 9.3125, 10.25, 9.25], "texture": "#0"},
				"down": {"uv": [9.625, 10.25, 9.5, 10.3125], "texture": "#0"}
			}
		},
		{
			"from": [21, 1, 8.25],
			"to": [22, 16, 8.5],
			"faces": {
				"north": {"uv": [0, 8.5, 0.25, 12.25], "texture": "#0"},
				"east": {"uv": [1.5, 8.5, 1.5625, 12.25], "texture": "#0"},
				"south": {"uv": [0.25, 8.5, 0.5, 12.25], "texture": "#0"},
				"west": {"uv": [1.75, 8.5, 1.8125, 12.25], "texture": "#0"},
				"up": {"uv": [3.5, 10.0625, 3.25, 10], "texture": "#0"},
				"down": {"uv": [3.75, 10, 3.5, 10.0625], "texture": "#0"}
			}
		},
		{
			"from": [-6, 1, 8.25],
			"to": [-5, 16, 8.5],
			"faces": {
				"north": {"uv": [0.5, 8.5, 0.75, 12.25], "texture": "#0"},
				"east": {"uv": [2, 8.5, 2.0625, 12.25], "texture": "#0"},
				"south": {"uv": [0.75, 8.5, 1, 12.25], "texture": "#0"},
				"west": {"uv": [2.25, 8.5, 2.3125, 12.25], "texture": "#0"},
				"up": {"uv": [4, 10.0625, 3.75, 10], "texture": "#0"},
				"down": {"uv": [4.25, 10, 4, 10.0625], "texture": "#0"}
			}
		},
		{
			"from": [-6, 0, 8],
			"to": [-5, 1, 8.25],
			"faces": {
				"north": {"uv": [6.5, 8.75, 6.75, 9], "texture": "#0"},
				"east": {"uv": [4.25, 10, 4.3125, 10.25], "texture": "#0"},
				"south": {"uv": [6.75, 8.75, 7, 9], "texture": "#0"},
				"west": {"uv": [4.5, 10, 4.5625, 10.25], "texture": "#0"},
				"up": {"uv": [5, 10.0625, 4.75, 10], "texture": "#0"},
				"down": {"uv": [5.25, 10, 5, 10.0625], "texture": "#0"}
			}
		},
		{
			"from": [21, 0, 8],
			"to": [22, 1, 8.25],
			"faces": {
				"north": {"uv": [2.5, 9, 2.75, 9.25], "texture": "#0"},
				"east": {"uv": [5.25, 10, 5.3125, 10.25], "texture": "#0"},
				"south": {"uv": [2.75, 9, 3, 9.25], "texture": "#0"},
				"west": {"uv": [5.5, 10, 5.5625, 10.25], "texture": "#0"},
				"up": {"uv": [6, 10.0625, 5.75, 10], "texture": "#0"},
				"down": {"uv": [6.25, 10, 6, 10.0625], "texture": "#0"}
			}
		},
		{
			"from": [21, 16, 8],
			"to": [22, 17, 8.25],
			"faces": {
				"north": {"uv": [3, 9, 3.25, 9.25], "texture": "#0"},
				"east": {"uv": [6.25, 10, 6.3125, 10.25], "texture": "#0"},
				"south": {"uv": [3.25, 9, 3.5, 9.25], "texture": "#0"},
				"west": {"uv": [6.5, 10, 6.5625, 10.25], "texture": "#0"},
				"up": {"uv": [7, 10.0625, 6.75, 10], "texture": "#0"},
				"down": {"uv": [7.25, 10, 7, 10.0625], "texture": "#0"}
			}
		},
		{
			"from": [-6, 16, 8],
			"to": [-5, 17, 8.25],
			"faces": {
				"north": {"uv": [9, 6, 9.25, 6.25], "texture": "#0"},
				"east": {"uv": [10, 7, 10.0625, 7.25], "texture": "#0"},
				"south": {"uv": [9, 6.25, 9.25, 6.5], "texture": "#0"},
				"west": {"uv": [7.25, 10, 7.3125, 10.25], "texture": "#0"},
				"up": {"uv": [10.25, 7.3125, 10, 7.25], "texture": "#0"},
				"down": {"uv": [7.75, 10, 7.5, 10.0625], "texture": "#0"}
			}
		},
		{
			"from": [-4.75, 22.5, 8.25],
			"to": [21, 23, 8.5],
			"faces": {
				"north": {"uv": [9, 3, 15.4375, 3.125], "texture": "#0"},
				"east": {"uv": [10.25, 9.5, 10.3125, 9.625], "texture": "#0"},
				"south": {"uv": [9, 3.25, 15.4375, 3.375], "texture": "#0"},
				"west": {"uv": [9.75, 10.25, 9.8125, 10.375], "texture": "#0"},
				"up": {"uv": [15.4375, 5.5625, 9, 5.5], "texture": "#0"},
				"down": {"uv": [15.4375, 5.75, 9, 5.8125], "texture": "#0"}
			}
		},
		{
			"from": [20.5, 20.75, 8.25],
			"to": [21, 22.5, 8.5],
			"faces": {
				"north": {"uv": [9, 7.5, 9.125, 7.9375], "texture": "#0"},
				"east": {"uv": [2.75, 9.5, 2.8125, 9.9375], "texture": "#0"},
				"south": {"uv": [9, 8, 9.125, 8.4375], "texture": "#0"},
				"west": {"uv": [3, 9.5, 3.0625, 9.9375], "texture": "#0"},
				"up": {"uv": [10.375, 9.8125, 10.25, 9.75], "texture": "#0"},
				"down": {"uv": [10.125, 10.25, 10, 10.3125], "texture": "#0"}
			}
		},
		{
			"from": [-4.75, 20.75, 8.25],
			"to": [-4.25, 22.5, 8.5],
			"faces": {
				"north": {"uv": [9, 8.5, 9.125, 8.9375], "texture": "#0"},
				"east": {"uv": [3.25, 9.5, 3.3125, 9.9375], "texture": "#0"},
				"south": {"uv": [9, 9, 9.125, 9.4375], "texture": "#0"},
				"west": {"uv": [6, 9.5, 6.0625, 9.9375], "texture": "#0"},
				"up": {"uv": [10.375, 10.0625, 10.25, 10], "texture": "#0"},
				"down": {"uv": [10.375, 10.25, 10.25, 10.3125], "texture": "#0"}
			}
		},
		{
			"from": [-4.25, 21.5, 8.25],
			"to": [-3.25, 22.5, 8.5],
			"faces": {
				"north": {"uv": [6.5, 9, 6.75, 9.25], "texture": "#0"},
				"east": {"uv": [7.75, 10, 7.8125, 10.25], "texture": "#0"},
				"south": {"uv": [9, 6.5, 9.25, 6.75], "texture": "#0"},
				"west": {"uv": [10, 7.75, 10.0625, 8], "texture": "#0"},
				"up": {"uv": [8.25, 10.0625, 8, 10], "texture": "#0"},
				"down": {"uv": [10.25, 8, 10, 8.0625], "texture": "#0"}
			}
		},
		{
			"from": [19.5, 21.5, 8.25],
			"to": [20.5, 22.5, 8.5],
			"faces": {
				"north": {"uv": [6.75, 9, 7, 9.25], "texture": "#0"},
				"east": {"uv": [8.25, 10, 8.3125, 10.25], "texture": "#0"},
				"south": {"uv": [9, 6.75, 9.25, 7], "texture": "#0"},
				"west": {"uv": [10, 8.25, 10.0625, 8.5], "texture": "#0"},
				"up": {"uv": [8.75, 10.0625, 8.5, 10], "texture": "#0"},
				"down": {"uv": [10.25, 8.5, 10, 8.5625], "texture": "#0"}
			}
		},
		{
			"from": [-4, 10.25, 8.25],
			"to": [-0.5, 15.25, 8.5],
			"faces": {
				"north": {"uv": [7, 5.5, 7.875, 6.75], "texture": "#0"},
				"east": {"uv": [4, 8.5, 4.0625, 9.75], "texture": "#0"},
				"south": {"uv": [7, 6.75, 7.875, 8], "texture": "#0"},
				"west": {"uv": [4.25, 8.5, 4.3125, 9.75], "texture": "#0"},
				"up": {"uv": [3.375, 9.3125, 2.5, 9.25], "texture": "#0"},
				"down": {"uv": [10.125, 6, 9.25, 6.0625], "texture": "#0"}
			}
		},
		{
			"from": [-0.25, 8.5, 8.25],
			"to": [3.25, 13.5, 8.5],
			"faces": {
				"north": {"uv": [8, 3, 8.875, 4.25], "texture": "#0"},
				"east": {"uv": [4.5, 8.5, 4.5625, 9.75], "texture": "#0"},
				"south": {"uv": [8, 4.25, 8.875, 5.5], "texture": "#0"},
				"west": {"uv": [4.75, 8.5, 4.8125, 9.75], "texture": "#0"},
				"up": {"uv": [10.125, 6.3125, 9.25, 6.25], "texture": "#0"},
				"down": {"uv": [7.375, 9.25, 6.5, 9.3125], "texture": "#0"}
			}
		},
		{
			"from": [-4, 4.5, 8.25],
			"to": [-0.5, 9.5, 8.5],
			"faces": {
				"north": {"uv": [8, 5.5, 8.875, 6.75], "texture": "#0"},
				"east": {"uv": [5, 8.5, 5.0625, 9.75], "texture": "#0"},
				"south": {"uv": [8, 6.75, 8.875, 8], "texture": "#0"},
				"west": {"uv": [5.25, 8.5, 5.3125, 9.75], "texture": "#0"},
				"up": {"uv": [10.125, 6.5625, 9.25, 6.5], "texture": "#0"},
				"down": {"uv": [10.125, 6.75, 9.25, 6.8125], "texture": "#0"}
			}
		},
		{
			"from": [-0.25, 2.25, 8.25],
			"to": [3.25, 7.25, 8.5],
			"faces": {
				"north": {"uv": [7, 8, 7.875, 9.25], "texture": "#0"},
				"east": {"uv": [5.5, 8.5, 5.5625, 9.75], "texture": "#0"},
				"south": {"uv": [8, 8, 8.875, 9.25], "texture": "#0"},
				"west": {"uv": [5.75, 8.5, 5.8125, 9.75], "texture": "#0"},
				"up": {"uv": [8.375, 9.3125, 7.5, 9.25], "texture": "#0"},
				"down": {"uv": [10.125, 7.5, 9.25, 7.5625], "texture": "#0"}
			}
		}
	],
	"display": {
		"thirdperson_righthand": {
			"translation": [0, 5.75, 0]
		},
		"thirdperson_lefthand": {
			"translation": [0, 6.75, 0]
		},
		"firstperson_righthand": {
			"scale": [0.5, 0.5, 0.5]
		},
		"firstperson_lefthand": {
			"translation": [0, -4.25, 0],
			"scale": [0.5, 0.5, 0.5]
		},
		"ground": {
			"translation": [0, 4.75, 0]
		},
		"gui": {
			"translation": [0, -1, 0],
			"scale": [0.5, 0.5, 0.5]
		},
		"head": {
			"translation": [0.25, 1.5, -7.75]
		},
		"fixed": {
			"translation": [0, 0, -2.25],
			"scale": [4, 4, 4]
		}
	}
}