{
	"credit": "Made with Blockbench",
	"texture_size": [64, 64],
	"textures": {
		"0": "./dosk",
		"particle": "./dosk"
	},
	"elements": [
		{
			"from": [-6, 0, 8.5],
			"to": [22, 17, 8.75],
			"faces": {
				"north": {"uv": [0, 0, 7, 4.25], "texture": "#0"},
				"east": {"uv": [0, 8.5, 0.0625, 12.75], "texture": "#0"},
				"south": {"uv": [0, 4.25, 7, 8.5], "texture": "#0"},
				"west": {"uv": [0.25, 8.5, 0.3125, 12.75], "texture": "#0"},
				"up": {"uv": [15, 6.0625, 8, 6], "texture": "#0"},
				"down": {"uv": [15, 6.25, 8, 6.3125], "texture": "#0"}
			}
		},
		{
			"from": [16, 17, 8.5],
			"to": [17, 19, 8.75],
			"faces": {
				"north": {"uv": [1.5, 8.5, 1.75, 9], "texture": "#0"},
				"east": {"uv": [8.75, 4.75, 8.8125, 5.25], "texture": "#0"},
				"south": {"uv": [1.75, 8.5, 2, 9], "texture": "#0"},
				"west": {"uv": [5, 8.75, 5.0625, 9.25], "texture": "#0"},
				"up": {"uv": [6.75, 9.3125, 6.5, 9.25], "texture": "#0"},
				"down": {"uv": [7, 9.25, 6.75, 9.3125], "texture": "#0"}
			}
		},
		{
			"from": [-1, 17, 8.5],
			"to": [0, 19, 8.75],
			"faces": {
				"north": {"uv": [2, 8.5, 2.25, 9], "texture": "#0"},
				"east": {"uv": [5.25, 8.75, 5.3125, 9.25], "texture": "#0"},
				"south": {"uv": [2.25, 8.5, 2.5, 9], "texture": "#0"},
				"west": {"uv": [8.75, 5.25, 8.8125, 5.75], "texture": "#0"},
				"up": {"uv": [7.25, 9.3125, 7, 9.25], "texture": "#0"},
				"down": {"uv": [7.5, 9.25, 7.25, 9.3125], "texture": "#0"}
			}
		},
		{
			"from": [-4.75, 19, 8.5],
			"to": [21, 23, 8.75],
			"faces": {
				"north": {"uv": [7, 0, 13.4375, 1], "texture": "#0"},
				"east": {"uv": [5.5, 8.5, 5.5625, 9.5], "texture": "#0"},
				"south": {"uv": [7, 1, 13.4375, 2], "texture": "#0"},
				"west": {"uv": [5.75, 8.5, 5.8125, 9.5], "texture": "#0"},
				"up": {"uv": [14.4375, 7.5625, 8, 7.5], "texture": "#0"},
				"down": {"uv": [14.4375, 7.75, 8, 7.8125], "texture": "#0"}
			}
		},
		{
			"from": [-6, 0, 8.25],
			"to": [22, 1, 8.5],
			"faces": {
				"north": {"uv": [7, 2, 14, 2.25], "texture": "#0"},
				"east": {"uv": [8.75, 9, 8.8125, 9.25], "texture": "#0"},
				"south": {"uv": [7, 2.25, 14, 2.5], "texture": "#0"},
				"west": {"uv": [9, 8.75, 9.0625, 9], "texture": "#0"},
				"up": {"uv": [15, 6.5625, 8, 6.5], "texture": "#0"},
				"down": {"uv": [15, 6.75, 8, 6.8125], "texture": "#0"}
			}
		},
		{
			"from": [-6, 16, 8.25],
			"to": [22, 17, 8.5],
			"faces": {
				"north": {"uv": [7, 2.5, 14, 2.75], "texture": "#0"},
				"east": {"uv": [2.25, 9.25, 2.3125, 9.5], "texture": "#0"},
				"south": {"uv": [7, 2.75, 14, 3], "texture": "#0"},
				"west": {"uv": [3.5, 9.25, 3.5625, 9.5], "texture": "#0"},
				"up": {"uv": [15, 7.0625, 8, 7], "texture": "#0"},
				"down": {"uv": [15, 7.25, 8, 7.3125], "texture": "#0"}
			}
		},
		{
			"from": [15, 9.25, 8.25],
			"to": [18.5, 14.25, 8.5],
			"rotation": {"angle": 0, "axis": "z", "origin": [17.75, 10.5, 4]},
			"faces": {
				"north": {"uv": [7, 3, 7.875, 4.25], "texture": "#0"},
				"east": {"uv": [2.5, 8.5, 2.5625, 9.75], "texture": "#0"},
				"south": {"uv": [7, 4.25, 7.875, 5.5], "texture": "#0"},
				"west": {"uv": [2.75, 8.5, 2.8125, 9.75], "texture": "#0"},
				"up": {"uv": [4.875, 8.8125, 4, 8.75], "texture": "#0"},
				"down": {"uv": [9.625, 4, 8.75, 4.0625], "texture": "#0"}
			}
		},
		{
			"from": [10.5, 6.5, 8.25],
			"to": [13.5, 10.75, 8.5],
			"rotation": {"angle": 0, "axis": "z", "origin": [17.75, 10.5, 4]},
			"faces": {
				"north": {"uv": [8, 3.5, 8.75, 4.5625], "texture": "#0"},
				"east": {"uv": [3, 8.5, 3.0625, 9.5625], "texture": "#0"},
				"south": {"uv": [8, 4.75, 8.75, 5.8125], "texture": "#0"},
				"west": {"uv": [3.25, 8.5, 3.3125, 9.5625], "texture": "#0"},
				"up": {"uv": [9.5, 4.3125, 8.75, 4.25], "texture": "#0"},
				"down": {"uv": [9.5, 4.5, 8.75, 4.5625], "texture": "#0"}
			}
		},
		{
			"from": [16.5, 16.69454, 4.05546],
			"to": [17, 17.69454, 5.05546],
			"rotation": {"angle": -22.5, "axis": "z", "origin": [17.75, 13.25, 4]},
			"faces": {
				"north": {"uv": [8.75, 5.75, 8.875, 6], "texture": "#0"},
				"east": {"uv": [8, 8.5, 8.25, 8.75], "texture": "#0"},
				"south": {"uv": [6, 8.75, 6.125, 9], "texture": "#0"},
				"west": {"uv": [8.25, 8.5, 8.5, 8.75], "texture": "#0"},
				"up": {"uv": [6.375, 9, 6.25, 8.75], "texture": "#0"},
				"down": {"uv": [6.625, 8.75, 6.5, 9], "texture": "#0"}
			}
		},
		{
			"from": [16.5, 16.19454, 5.05546],
			"to": [17, 16.94454, 5.55546],
			"rotation": {"angle": -22.5, "axis": "z", "origin": [17.75, 13.25, 4]},
			"faces": {
				"north": {"uv": [1.5, 9, 1.625, 9.1875], "texture": "#0"},
				"east": {"uv": [1.75, 9, 1.875, 9.1875], "texture": "#0"},
				"south": {"uv": [2, 9, 2.125, 9.1875], "texture": "#0"},
				"west": {"uv": [2.25, 9, 2.375, 9.1875], "texture": "#0"},
				"up": {"uv": [9.125, 9.375, 9, 9.25], "texture": "#0"},
				"down": {"uv": [9.375, 9, 9.25, 9.125], "texture": "#0"}
			}
		},
		{
			"from": [16.5, 16.19454, 4.80546],
			"to": [17, 16.69454, 5.05546],
			"rotation": {"angle": -22.5, "axis": "z", "origin": [17.75, 13.25, 4]},
			"faces": {
				"north": {"uv": [9.25, 9.25, 9.375, 9.375], "texture": "#0"},
				"east": {"uv": [8, 9.5, 8.0625, 9.625], "texture": "#0"},
				"south": {"uv": [1.5, 9.5, 1.625, 9.625], "texture": "#0"},
				"west": {"uv": [8.25, 9.5, 8.3125, 9.625], "texture": "#0"},
				"up": {"uv": [8.625, 9.5625, 8.5, 9.5], "texture": "#0"},
				"down": {"uv": [9.625, 8.5, 9.5, 8.5625], "texture": "#0"}
			}
		},
		{
			"from": [16.5, 15.69454, 5.55546],
			"to": [17, 16.44454, 6.05546],
			"rotation": {"angle": -22.5, "axis": "z", "origin": [17.75, 13.25, 4]},
			"faces": {
				"north": {"uv": [9, 3.5, 9.125, 3.6875], "texture": "#0"},
				"east": {"uv": [9, 3.75, 9.125, 3.9375], "texture": "#0"},
				"south": {"uv": [4, 9, 4.125, 9.1875], "texture": "#0"},
				"west": {"uv": [4.25, 9, 4.375, 9.1875], "texture": "#0"},
				"up": {"uv": [2.375, 9.625, 2.25, 9.5], "texture": "#0"},
				"down": {"uv": [3.625, 9.5, 3.5, 9.625], "texture": "#0"}
			}
		},
		{
			"from": [16.5, 15.19454, 6.05546],
			"to": [17, 15.94454, 6.55546],
			"rotation": {"angle": -22.5, "axis": "z", "origin": [17.75, 13.25, 4]},
			"faces": {
				"north": {"uv": [4.5, 9, 4.625, 9.1875], "texture": "#0"},
				"east": {"uv": [4.75, 9, 4.875, 9.1875], "texture": "#0"},
				"south": {"uv": [9, 4.75, 9.125, 4.9375], "texture": "#0"},
				"west": {"uv": [9, 5, 9.125, 5.1875], "texture": "#0"},
				"up": {"uv": [9.625, 3.625, 9.5, 3.5], "texture": "#0"},
				"down": {"uv": [3.875, 9.5, 3.75, 9.625], "texture": "#0"}
			}
		},
		{
			"from": [16.75, 14.69454, 6.55546],
			"to": [16.75, 15.44454, 7.05546],
			"rotation": {"angle": -22.5, "axis": "z", "origin": [17.75, 13.25, 4]},
			"faces": {
				"north": {"uv": [0, 0, 0, 0.1875], "texture": "#0"},
				"east": {"uv": [9, 5.25, 9.125, 5.4375], "texture": "#0"},
				"south": {"uv": [0, 0, 0, 0.1875], "texture": "#0"},
				"west": {"uv": [9, 5.5, 9.125, 5.6875], "texture": "#0"},
				"up": {"uv": [0, 0.125, 0, 0], "texture": "#0"},
				"down": {"uv": [0, 0, 0, 0.125], "texture": "#0"}
			}
		},
		{
			"from": [16.75, 14.19454, 7.05546],
			"to": [16.75, 14.94454, 7.55546],
			"rotation": {"angle": -22.5, "axis": "z", "origin": [17.75, 13.25, 4]},
			"faces": {
				"north": {"uv": [0, 0, 0, 0.1875], "texture": "#0"},
				"east": {"uv": [9, 5.75, 9.125, 5.9375], "texture": "#0"},
				"south": {"uv": [0, 0, 0, 0.1875], "texture": "#0"},
				"west": {"uv": [6, 9, 6.125, 9.1875], "texture": "#0"},
				"up": {"uv": [0, 0.125, 0, 0], "texture": "#0"},
				"down": {"uv": [0, 0, 0, 0.125], "texture": "#0"}
			}
		},
		{
			"from": [16.75, 14.69454, 6.30546],
			"to": [16.75, 15.19454, 6.55546],
			"rotation": {"angle": -22.5, "axis": "z", "origin": [17.75, 13.25, 4]},
			"faces": {
				"north": {"uv": [0, 0, 0, 0.125], "texture": "#0"},
				"east": {"uv": [6.25, 9.75, 6.3125, 9.875], "texture": "#0"},
				"south": {"uv": [0, 0, 0, 0.125], "texture": "#0"},
				"west": {"uv": [6.5, 9.75, 6.5625, 9.875], "texture": "#0"},
				"up": {"uv": [0, 0.0625, 0, 0], "texture": "#0"},
				"down": {"uv": [0, 0, 0, 0.0625], "texture": "#0"}
			}
		},
		{
			"from": [16.75, 14.19454, 6.80546],
			"to": [16.75, 14.69454, 7.05546],
			"rotation": {"angle": -22.5, "axis": "z", "origin": [17.75, 13.25, 4]},
			"faces": {
				"north": {"uv": [0, 0, 0, 0.125], "texture": "#0"},
				"east": {"uv": [6.75, 9.75, 6.8125, 9.875], "texture": "#0"},
				"south": {"uv": [0, 0, 0, 0.125], "texture": "#0"},
				"west": {"uv": [7, 9.75, 7.0625, 9.875], "texture": "#0"},
				"up": {"uv": [0, 0.0625, 0, 0], "texture": "#0"},
				"down": {"uv": [0, 0, 0, 0.0625], "texture": "#0"}
			}
		},
		{
			"from": [16.75, 13.19454, 8.05546],
			"to": [16.75, 13.94454, 8.55546],
			"rotation": {"angle": -22.5, "axis": "z", "origin": [17.75, 13.25, 4]},
			"faces": {
				"north": {"uv": [0, 0, 0, 0.1875], "texture": "#0"},
				"east": {"uv": [8.5, 9, 8.625, 9.1875], "texture": "#0"},
				"south": {"uv": [0, 0, 0, 0.1875], "texture": "#0"},
				"west": {"uv": [9, 8.5, 9.125, 8.6875], "texture": "#0"},
				"up": {"uv": [0, 0.125, 0, 0], "texture": "#0"},
				"down": {"uv": [0, 0, 0, 0.125], "texture": "#0"}
			}
		},
		{
			"from": [16.75, 13.69454, 7.55546],
			"to": [16.75, 14.44454, 8.05546],
			"rotation": {"angle": -22.5, "axis": "z", "origin": [17.75, 13.25, 4]},
			"faces": {
				"north": {"uv": [0, 0, 0, 0.1875], "texture": "#0"},
				"east": {"uv": [6.25, 9, 6.375, 9.1875], "texture": "#0"},
				"south": {"uv": [0, 0, 0, 0.1875], "texture": "#0"},
				"west": {"uv": [6.5, 9, 6.625, 9.1875], "texture": "#0"},
				"up": {"uv": [0, 0.125, 0, 0], "texture": "#0"},
				"down": {"uv": [0, 0, 0, 0.125], "texture": "#0"}
			}
		},
		{
			"from": [16.75, 13.69454, 7.30546],
			"to": [16.75, 14.19454, 7.55546],
			"rotation": {"angle": -22.5, "axis": "z", "origin": [17.75, 13.25, 4]},
			"faces": {
				"north": {"uv": [0, 0, 0, 0.125], "texture": "#0"},
				"east": {"uv": [7.75, 9.75, 7.8125, 9.875], "texture": "#0"},
				"south": {"uv": [0, 0, 0, 0.125], "texture": "#0"},
				"west": {"uv": [8, 9.75, 8.0625, 9.875], "texture": "#0"},
				"up": {"uv": [0, 0.0625, 0, 0], "texture": "#0"},
				"down": {"uv": [0, 0, 0, 0.0625], "texture": "#0"}
			}
		},
		{
			"from": [16.75, 13.19454, 7.80546],
			"to": [16.75, 13.69454, 8.05546],
			"rotation": {"angle": -22.5, "axis": "z", "origin": [17.75, 13.25, 4]},
			"faces": {
				"north": {"uv": [0, 0, 0, 0.125], "texture": "#0"},
				"east": {"uv": [7.25, 9.75, 7.3125, 9.875], "texture": "#0"},
				"south": {"uv": [0, 0, 0, 0.125], "texture": "#0"},
				"west": {"uv": [7.5, 9.75, 7.5625, 9.875], "texture": "#0"},
				"up": {"uv": [0, 0.0625, 0, 0], "texture": "#0"},
				"down": {"uv": [0, 0, 0, 0.0625], "texture": "#0"}
			}
		},
		{
			"from": [17, 12.94454, 8.30546],
			"to": [17, 13.44454, 8.55546],
			"rotation": {"angle": -22.5, "axis": "z", "origin": [17.75, 13.25, 4]},
			"faces": {
				"north": {"uv": [0, 0, 0, 0.125], "texture": "#0"},
				"east": {"uv": [8.25, 9.75, 8.3125, 9.875], "texture": "#0"},
				"south": {"uv": [0, 0, 0, 0.125], "texture": "#0"},
				"west": {"uv": [8.5, 9.75, 8.5625, 9.875], "texture": "#0"},
				"up": {"uv": [0, 0.0625, 0, 0], "texture": "#0"},
				"down": {"uv": [0, 0, 0, 0.0625], "texture": "#0"}
			}
		},
		{
			"from": [16.75, 13.94454, 8.05546],
			"to": [16.75, 14.19454, 8.30546],
			"rotation": {"angle": -22.5, "axis": "z", "origin": [17.75, 13.25, 4]},
			"faces": {
				"north": {"uv": [0, 0, 0, 0.0625], "texture": "#0"},
				"east": {"uv": [2.5, 10, 2.5625, 10.0625], "texture": "#0"},
				"south": {"uv": [0, 0, 0, 0.0625], "texture": "#0"},
				"west": {"uv": [2.75, 10, 2.8125, 10.0625], "texture": "#0"},
				"up": {"uv": [0, 0.0625, 0, 0], "texture": "#0"},
				"down": {"uv": [0, 0, 0, 0.0625], "texture": "#0"}
			}
		},
		{
			"from": [16.75, 12.94454, 8.05546],
			"to": [16.75, 13.19454, 8.30546],
			"rotation": {"angle": -22.5, "axis": "z", "origin": [17.75, 13.25, 4]},
			"faces": {
				"north": {"uv": [0, 0, 0, 0.0625], "texture": "#0"},
				"east": {"uv": [3.5, 10, 3.5625, 10.0625], "texture": "#0"},
				"south": {"uv": [0, 0, 0, 0.0625], "texture": "#0"},
				"west": {"uv": [10, 3.5, 10.0625, 3.5625], "texture": "#0"},
				"up": {"uv": [0, 0.0625, 0, 0], "texture": "#0"},
				"down": {"uv": [0, 0, 0, 0.0625], "texture": "#0"}
			}
		},
		{
			"from": [16.75, 13.44454, 7.55546],
			"to": [16.75, 13.69454, 7.80546],
			"rotation": {"angle": -22.5, "axis": "z", "origin": [17.75, 13.25, 4]},
			"faces": {
				"north": {"uv": [0, 0, 0, 0.0625], "texture": "#0"},
				"east": {"uv": [3, 10, 3.0625, 10.0625], "texture": "#0"},
				"south": {"uv": [0, 0, 0, 0.0625], "texture": "#0"},
				"west": {"uv": [3.25, 10, 3.3125, 10.0625], "texture": "#0"},
				"up": {"uv": [0, 0.0625, 0, 0], "texture": "#0"},
				"down": {"uv": [0, 0, 0, 0.0625], "texture": "#0"}
			}
		},
		{
			"from": [16.75, 14.44454, 6.55546],
			"to": [16.75, 14.69454, 6.80546],
			"rotation": {"angle": -22.5, "axis": "z", "origin": [17.75, 13.25, 4]},
			"faces": {
				"north": {"uv": [0, 0, 0, 0.0625], "texture": "#0"},
				"east": {"uv": [4.25, 10, 4.3125, 10.0625], "texture": "#0"},
				"south": {"uv": [0, 0, 0, 0.0625], "texture": "#0"},
				"west": {"uv": [10, 4.25, 10.0625, 4.3125], "texture": "#0"},
				"up": {"uv": [0, 0.0625, 0, 0], "texture": "#0"},
				"down": {"uv": [0, 0, 0, 0.0625], "texture": "#0"}
			}
		},
		{
			"from": [16.75, 13.94454, 7.05546],
			"to": [16.75, 14.19454, 7.30546],
			"rotation": {"angle": -22.5, "axis": "z", "origin": [17.75, 13.25, 4]},
			"faces": {
				"north": {"uv": [0, 0, 0, 0.0625], "texture": "#0"},
				"east": {"uv": [4, 10, 4.0625, 10.0625], "texture": "#0"},
				"south": {"uv": [0, 0, 0, 0.0625], "texture": "#0"},
				"west": {"uv": [10, 4, 10.0625, 4.0625], "texture": "#0"},
				"up": {"uv": [0, 0.0625, 0, 0], "texture": "#0"},
				"down": {"uv": [0, 0, 0, 0.0625], "texture": "#0"}
			}
		},
		{
			"from": [16.75, 14.94454, 6.05546],
			"to": [16.75, 15.19454, 6.30546],
			"rotation": {"angle": -22.5, "axis": "z", "origin": [17.75, 13.25, 4]},
			"faces": {
				"north": {"uv": [0, 0, 0, 0.0625], "texture": "#0"},
				"east": {"uv": [3.75, 10, 3.8125, 10.0625], "texture": "#0"},
				"south": {"uv": [0, 0, 0, 0.0625], "texture": "#0"},
				"west": {"uv": [10, 3.75, 10.0625, 3.8125], "texture": "#0"},
				"up": {"uv": [0, 0.0625, 0, 0], "texture": "#0"},
				"down": {"uv": [0, 0, 0, 0.0625], "texture": "#0"}
			}
		},
		{
			"from": [16.75, 15.44454, 6.55546],
			"to": [16.75, 15.69454, 6.80546],
			"rotation": {"angle": -22.5, "axis": "z", "origin": [17.75, 13.25, 4]},
			"faces": {
				"north": {"uv": [0, 0, 0, 0.0625], "texture": "#0"},
				"east": {"uv": [5.25, 10, 5.3125, 10.0625], "texture": "#0"},
				"south": {"uv": [0, 0, 0, 0.0625], "texture": "#0"},
				"west": {"uv": [10, 5.25, 10.0625, 5.3125], "texture": "#0"},
				"up": {"uv": [0, 0.0625, 0, 0], "texture": "#0"},
				"down": {"uv": [0, 0, 0, 0.0625], "texture": "#0"}
			}
		},
		{
			"from": [16.75, 14.94454, 7.05546],
			"to": [16.75, 15.19454, 7.30546],
			"rotation": {"angle": -22.5, "axis": "z", "origin": [17.75, 13.25, 4]},
			"faces": {
				"north": {"uv": [0, 0, 0, 0.0625], "texture": "#0"},
				"east": {"uv": [4.75, 10, 4.8125, 10.0625], "texture": "#0"},
				"south": {"uv": [0, 0, 0, 0.0625], "texture": "#0"},
				"west": {"uv": [10, 4.75, 10.0625, 4.8125], "texture": "#0"},
				"up": {"uv": [0, 0.0625, 0, 0], "texture": "#0"},
				"down": {"uv": [0, 0, 0, 0.0625], "texture": "#0"}
			}
		},
		{
			"from": [16.75, 14.44454, 7.55546],
			"to": [16.75, 14.69454, 7.80546],
			"rotation": {"angle": -22.5, "axis": "z", "origin": [17.75, 13.25, 4]},
			"faces": {
				"north": {"uv": [0, 0, 0, 0.0625], "texture": "#0"},
				"east": {"uv": [4.5, 10, 4.5625, 10.0625], "texture": "#0"},
				"south": {"uv": [0, 0, 0, 0.0625], "texture": "#0"},
				"west": {"uv": [10, 4.5, 10.0625, 4.5625], "texture": "#0"},
				"up": {"uv": [0, 0.0625, 0, 0], "texture": "#0"},
				"down": {"uv": [0, 0, 0, 0.0625], "texture": "#0"}
			}
		},
		{
			"from": [16.5, 15.94454, 6.55546],
			"to": [17, 16.44454, 7.05546],
			"rotation": {"angle": -22.5, "axis": "z", "origin": [17.75, 13.25, 4]},
			"faces": {
				"north": {"uv": [4.25, 9.5, 4.375, 9.625], "texture": "#0"},
				"east": {"uv": [9.5, 4.25, 9.625, 4.375], "texture": "#0"},
				"south": {"uv": [4.5, 9.5, 4.625, 9.625], "texture": "#0"},
				"west": {"uv": [9.5, 4.5, 9.625, 4.625], "texture": "#0"},
				"up": {"uv": [4.875, 9.625, 4.75, 9.5], "texture": "#0"},
				"down": {"uv": [9.625, 4.75, 9.5, 4.875], "texture": "#0"}
			}
		},
		{
			"from": [16.5, 14.44454, 4.80546],
			"to": [17, 14.69454, 5.30546],
			"rotation": {"angle": -22.5, "axis": "z", "origin": [17.75, 13.25, 4]},
			"faces": {
				"north": {"uv": [1.75, 9.75, 1.875, 9.8125], "texture": "#0"},
				"east": {"uv": [2, 9.75, 2.125, 9.8125], "texture": "#0"},
				"south": {"uv": [2.25, 9.75, 2.375, 9.8125], "texture": "#0"},
				"west": {"uv": [2.5, 9.75, 2.625, 9.8125], "texture": "#0"},
				"up": {"uv": [5.875, 9.625, 5.75, 9.5], "texture": "#0"},
				"down": {"uv": [9.625, 5.75, 9.5, 5.875], "texture": "#0"}
			}
		},
		{
			"from": [16.5, 16.44454, 7.05546],
			"to": [17, 16.94454, 7.30546],
			"rotation": {"angle": -22.5, "axis": "z", "origin": [17.75, 13.25, 4]},
			"faces": {
				"north": {"uv": [6, 9.5, 6.125, 9.625], "texture": "#0"},
				"east": {"uv": [2.75, 9.75, 2.8125, 9.875], "texture": "#0"},
				"south": {"uv": [6.25, 9.5, 6.375, 9.625], "texture": "#0"},
				"west": {"uv": [3, 9.75, 3.0625, 9.875], "texture": "#0"},
				"up": {"uv": [3.375, 9.8125, 3.25, 9.75], "texture": "#0"},
				"down": {"uv": [3.625, 9.75, 3.5, 9.8125], "texture": "#0"}
			}
		},
		{
			"from": [16.5, 16.19454, 7.05546],
			"to": [17, 16.44454, 7.30546],
			"rotation": {"angle": -22.5, "axis": "z", "origin": [17.75, 13.25, 4]},
			"faces": {
				"north": {"uv": [9.75, 3.5, 9.875, 3.5625], "texture": "#0"},
				"east": {"uv": [9.75, 9, 9.8125, 9.0625], "texture": "#0"},
				"south": {"uv": [3.75, 9.75, 3.875, 9.8125], "texture": "#0"},
				"west": {"uv": [9.25, 9.75, 9.3125, 9.8125], "texture": "#0"},
				"up": {"uv": [9.875, 3.8125, 9.75, 3.75], "texture": "#0"},
				"down": {"uv": [4.125, 9.75, 4, 9.8125], "texture": "#0"}
			}
		},
		{
			"from": [16.5, 15.69454, 6.55546],
			"to": [17, 15.94454, 6.80546],
			"rotation": {"angle": -22.5, "axis": "z", "origin": [17.75, 13.25, 4]},
			"faces": {
				"north": {"uv": [9.75, 4, 9.875, 4.0625], "texture": "#0"},
				"east": {"uv": [9.75, 9.25, 9.8125, 9.3125], "texture": "#0"},
				"south": {"uv": [4.25, 9.75, 4.375, 9.8125], "texture": "#0"},
				"west": {"uv": [9.5, 9.75, 9.5625, 9.8125], "texture": "#0"},
				"up": {"uv": [9.875, 4.3125, 9.75, 4.25], "texture": "#0"},
				"down": {"uv": [4.625, 9.75, 4.5, 9.8125], "texture": "#0"}
			}
		},
		{
			"from": [16.5, 14.44454, 5.30546],
			"to": [17, 14.69454, 5.55546],
			"rotation": {"angle": -22.5, "axis": "z", "origin": [17.75, 13.25, 4]},
			"faces": {
				"north": {"uv": [9.75, 5.5, 9.875, 5.5625], "texture": "#0"},
				"east": {"uv": [2, 10, 2.0625, 10.0625], "texture": "#0"},
				"south": {"uv": [5.75, 9.75, 5.875, 9.8125], "texture": "#0"},
				"west": {"uv": [2.25, 10, 2.3125, 10.0625], "texture": "#0"},
				"up": {"uv": [9.875, 5.8125, 9.75, 5.75], "texture": "#0"},
				"down": {"uv": [6.125, 9.75, 6, 9.8125], "texture": "#0"}
			}
		},
		{
			"from": [16.5, 15.19454, 5.55546],
			"to": [17, 15.44454, 5.80546],
			"rotation": {"angle": -22.5, "axis": "z", "origin": [17.75, 13.25, 4]},
			"faces": {
				"north": {"uv": [9.75, 5, 9.875, 5.0625], "texture": "#0"},
				"east": {"uv": [1.5, 10, 1.5625, 10.0625], "texture": "#0"},
				"south": {"uv": [5.25, 9.75, 5.375, 9.8125], "texture": "#0"},
				"west": {"uv": [1.75, 10, 1.8125, 10.0625], "texture": "#0"},
				"up": {"uv": [9.875, 5.3125, 9.75, 5.25], "texture": "#0"},
				"down": {"uv": [5.625, 9.75, 5.5, 9.8125], "texture": "#0"}
			}
		},
		{
			"from": [16.5, 15.94454, 6.30546],
			"to": [17, 16.19454, 6.55546],
			"rotation": {"angle": -22.5, "axis": "z", "origin": [17.75, 13.25, 4]},
			"faces": {
				"north": {"uv": [9.75, 8.5, 9.875, 8.5625], "texture": "#0"},
				"east": {"uv": [5, 10, 5.0625, 10.0625], "texture": "#0"},
				"south": {"uv": [8.75, 9.75, 8.875, 9.8125], "texture": "#0"},
				"west": {"uv": [10, 5, 10.0625, 5.0625], "texture": "#0"},
				"up": {"uv": [9.875, 8.8125, 9.75, 8.75], "texture": "#0"},
				"down": {"uv": [9.125, 9.75, 9, 9.8125], "texture": "#0"}
			}
		},
		{
			"from": [16.5, 14.94454, 5.80546],
			"to": [17, 15.19454, 6.05546],
			"rotation": {"angle": -22.5, "axis": "z", "origin": [17.75, 13.25, 4]},
			"faces": {
				"north": {"uv": [9.75, 4.5, 9.875, 4.5625], "texture": "#0"},
				"east": {"uv": [9.75, 9.5, 9.8125, 9.5625], "texture": "#0"},
				"south": {"uv": [4.75, 9.75, 4.875, 9.8125], "texture": "#0"},
				"west": {"uv": [9.75, 9.75, 9.8125, 9.8125], "texture": "#0"},
				"up": {"uv": [9.875, 4.8125, 9.75, 4.75], "texture": "#0"},
				"down": {"uv": [5.125, 9.75, 5, 9.8125], "texture": "#0"}
			}
		},
		{
			"from": [16.5, 14.69454, 5.30546],
			"to": [17, 15.19454, 5.80546],
			"rotation": {"angle": -22.5, "axis": "z", "origin": [17.75, 13.25, 4]},
			"faces": {
				"north": {"uv": [5, 9.5, 5.125, 9.625], "texture": "#0"},
				"east": {"uv": [9.5, 5, 9.625, 5.125], "texture": "#0"},
				"south": {"uv": [5.25, 9.5, 5.375, 9.625], "texture": "#0"},
				"west": {"uv": [9.5, 5.25, 9.625, 5.375], "texture": "#0"},
				"up": {"uv": [5.625, 9.625, 5.5, 9.5], "texture": "#0"},
				"down": {"uv": [9.625, 5.5, 9.5, 5.625], "texture": "#0"}
			}
		},
		{
			"from": [16.5, 15.69454, 5.30546],
			"to": [17, 16.19454, 5.55546],
			"rotation": {"angle": -22.5, "axis": "z", "origin": [17.75, 13.25, 4]},
			"faces": {
				"north": {"uv": [1.75, 9.5, 1.875, 9.625], "texture": "#0"},
				"east": {"uv": [8.75, 9.5, 8.8125, 9.625], "texture": "#0"},
				"south": {"uv": [2, 9.5, 2.125, 9.625], "texture": "#0"},
				"west": {"uv": [9.5, 8.75, 9.5625, 8.875], "texture": "#0"},
				"up": {"uv": [9.125, 9.5625, 9, 9.5], "texture": "#0"},
				"down": {"uv": [9.625, 9, 9.5, 9.0625], "texture": "#0"}
			}
		},
		{
			"from": [16.5, 15.19454, 5.80546],
			"to": [17, 15.69454, 6.05546],
			"rotation": {"angle": -22.5, "axis": "z", "origin": [17.75, 13.25, 4]},
			"faces": {
				"north": {"uv": [9.5, 3.75, 9.625, 3.875], "texture": "#0"},
				"east": {"uv": [9.25, 9.5, 9.3125, 9.625], "texture": "#0"},
				"south": {"uv": [4, 9.5, 4.125, 9.625], "texture": "#0"},
				"west": {"uv": [9.5, 9.25, 9.5625, 9.375], "texture": "#0"},
				"up": {"uv": [9.625, 9.5625, 9.5, 9.5], "texture": "#0"},
				"down": {"uv": [1.625, 9.75, 1.5, 9.8125], "texture": "#0"}
			}
		},
		{
			"from": [21, 1, 8.25],
			"to": [22, 16, 8.5],
			"faces": {
				"north": {"uv": [7, 5.5, 7.25, 9.25], "texture": "#0"},
				"east": {"uv": [0.5, 8.5, 0.5625, 12.25], "texture": "#0"},
				"south": {"uv": [7.25, 5.5, 7.5, 9.25], "texture": "#0"},
				"west": {"uv": [0.75, 8.5, 0.8125, 12.25], "texture": "#0"},
				"up": {"uv": [9.25, 9.0625, 9, 9], "texture": "#0"},
				"down": {"uv": [1.75, 9.25, 1.5, 9.3125], "texture": "#0"}
			}
		},
		{
			"from": [-6, 1, 8.25],
			"to": [-5, 16, 8.5],
			"faces": {
				"north": {"uv": [7.5, 5.5, 7.75, 9.25], "texture": "#0"},
				"east": {"uv": [1, 8.5, 1.0625, 12.25], "texture": "#0"},
				"south": {"uv": [7.75, 5.5, 8, 9.25], "texture": "#0"},
				"west": {"uv": [1.25, 8.5, 1.3125, 12.25], "texture": "#0"},
				"up": {"uv": [2, 9.3125, 1.75, 9.25], "texture": "#0"},
				"down": {"uv": [2.25, 9.25, 2, 9.3125], "texture": "#0"}
			}
		},
		{
			"from": [-6, 0, 8],
			"to": [-5, 1, 8.25],
			"faces": {
				"north": {"uv": [3.5, 8.5, 3.75, 8.75], "texture": "#0"},
				"east": {"uv": [9.25, 3.5, 9.3125, 3.75], "texture": "#0"},
				"south": {"uv": [3.75, 8.5, 4, 8.75], "texture": "#0"},
				"west": {"uv": [3.75, 9.25, 3.8125, 9.5], "texture": "#0"},
				"up": {"uv": [9.5, 3.8125, 9.25, 3.75], "texture": "#0"},
				"down": {"uv": [4.25, 9.25, 4, 9.3125], "texture": "#0"}
			}
		},
		{
			"from": [21, 0, 8],
			"to": [22, 1, 8.25],
			"faces": {
				"north": {"uv": [4, 8.5, 4.25, 8.75], "texture": "#0"},
				"east": {"uv": [4.25, 9.25, 4.3125, 9.5], "texture": "#0"},
				"south": {"uv": [4.25, 8.5, 4.5, 8.75], "texture": "#0"},
				"west": {"uv": [4.5, 9.25, 4.5625, 9.5], "texture": "#0"},
				"up": {"uv": [5, 9.3125, 4.75, 9.25], "texture": "#0"},
				"down": {"uv": [9.5, 4.75, 9.25, 4.8125], "texture": "#0"}
			}
		},
		{
			"from": [21, 16, 8],
			"to": [22, 17, 8.25],
			"faces": {
				"north": {"uv": [4.5, 8.5, 4.75, 8.75], "texture": "#0"},
				"east": {"uv": [5, 9.25, 5.0625, 9.5], "texture": "#0"},
				"south": {"uv": [4.75, 8.5, 5, 8.75], "texture": "#0"},
				"west": {"uv": [9.25, 5, 9.3125, 5.25], "texture": "#0"},
				"up": {"uv": [5.5, 9.3125, 5.25, 9.25], "texture": "#0"},
				"down": {"uv": [9.5, 5.25, 9.25, 5.3125], "texture": "#0"}
			}
		},
		{
			"from": [-6, 16, 8],
			"to": [-5, 17, 8.25],
			"faces": {
				"north": {"uv": [5, 8.5, 5.25, 8.75], "texture": "#0"},
				"east": {"uv": [9.25, 5.5, 9.3125, 5.75], "texture": "#0"},
				"south": {"uv": [5.25, 8.5, 5.5, 8.75], "texture": "#0"},
				"west": {"uv": [9.25, 5.75, 9.3125, 6], "texture": "#0"},
				"up": {"uv": [6.25, 9.3125, 6, 9.25], "texture": "#0"},
				"down": {"uv": [6.5, 9.25, 6.25, 9.3125], "texture": "#0"}
			}
		},
		{
			"from": [-4.75, 22.5, 8.25],
			"to": [21, 23, 8.5],
			"faces": {
				"north": {"uv": [8, 3, 14.4375, 3.125], "texture": "#0"},
				"east": {"uv": [6.5, 9.5, 6.5625, 9.625], "texture": "#0"},
				"south": {"uv": [8, 3.25, 14.4375, 3.375], "texture": "#0"},
				"west": {"uv": [6.75, 9.5, 6.8125, 9.625], "texture": "#0"},
				"up": {"uv": [14.4375, 8.0625, 8, 8], "texture": "#0"},
				"down": {"uv": [14.4375, 8.25, 8, 8.3125], "texture": "#0"}
			}
		},
		{
			"from": [20.5, 20.75, 8.25],
			"to": [21, 22.5, 8.5],
			"faces": {
				"north": {"uv": [8.5, 8.5, 8.625, 8.9375], "texture": "#0"},
				"east": {"uv": [6.75, 8.75, 6.8125, 9.1875], "texture": "#0"},
				"south": {"uv": [3.5, 8.75, 3.625, 9.1875], "texture": "#0"},
				"west": {"uv": [8, 8.75, 8.0625, 9.1875], "texture": "#0"},
				"up": {"uv": [7.125, 9.5625, 7, 9.5], "texture": "#0"},
				"down": {"uv": [7.375, 9.5, 7.25, 9.5625], "texture": "#0"}
			}
		},
		{
			"from": [-4.75, 20.75, 8.25],
			"to": [-4.25, 22.5, 8.5],
			"faces": {
				"north": {"uv": [8.75, 3.5, 8.875, 3.9375], "texture": "#0"},
				"east": {"uv": [8.25, 8.75, 8.3125, 9.1875], "texture": "#0"},
				"south": {"uv": [3.75, 8.75, 3.875, 9.1875], "texture": "#0"},
				"west": {"uv": [8.75, 8.5, 8.8125, 8.9375], "texture": "#0"},
				"up": {"uv": [7.625, 9.5625, 7.5, 9.5], "texture": "#0"},
				"down": {"uv": [7.875, 9.5, 7.75, 9.5625], "texture": "#0"}
			}
		},
		{
			"from": [-4.25, 21.5, 8.25],
			"to": [-3.25, 22.5, 8.5],
			"faces": {
				"north": {"uv": [6, 8.5, 6.25, 8.75], "texture": "#0"},
				"east": {"uv": [7.5, 9.25, 7.5625, 9.5], "texture": "#0"},
				"south": {"uv": [6.25, 8.5, 6.5, 8.75], "texture": "#0"},
				"west": {"uv": [7.75, 9.25, 7.8125, 9.5], "texture": "#0"},
				"up": {"uv": [8.25, 9.3125, 8, 9.25], "texture": "#0"},
				"down": {"uv": [8.5, 9.25, 8.25, 9.3125], "texture": "#0"}
			}
		},
		{
			"from": [19.5, 21.5, 8.25],
			"to": [20.5, 22.5, 8.5],
			"faces": {
				"north": {"uv": [6.5, 8.5, 6.75, 8.75], "texture": "#0"},
				"east": {"uv": [8.5, 9.25, 8.5625, 9.5], "texture": "#0"},
				"south": {"uv": [6.75, 8.5, 7, 8.75], "texture": "#0"},
				"west": {"uv": [9.25, 8.5, 9.3125, 8.75], "texture": "#0"},
				"up": {"uv": [9, 9.3125, 8.75, 9.25], "texture": "#0"},
				"down": {"uv": [9.5, 8.75, 9.25, 8.8125], "texture": "#0"}
			}
		}
	],
	"display": {
		"thirdperson_righthand": {
			"translation": [0, 5.75, 0]
		},
		"thirdperson_lefthand": {
			"translation": [0, 6.75, 0]
		},
		"firstperson_righthand": {
			"scale": [0.5, 0.5, 0.5]
		},
		"firstperson_lefthand": {
			"translation": [0, -4.25, 0],
			"scale": [0.5, 0.5, 0.5]
		},
		"ground": {
			"translation": [0, 4.75, 0]
		},
		"gui": {
			"translation": [0, -1, 0],
			"scale": [0.5, 0.5, 0.5]
		},
		"head": {
			"translation": [0.25, 1.5, -7.75]
		},
		"fixed": {
			"translation": [0, 0, -2.25],
			"scale": [4, 4, 4]
		}
	}
}