{
	"credit": "Made with Blockbench",
	"textures": {
		"0": "./Gilg",
		"particle": "./Gilg"
	},
	"elements": [
		{
			"from": [7.6, 13.2, 7.4],
			"to": [7.8, 16.1, 7.6],
			"faces": {
				"north": {"uv": [0, 0, 0.25, 2.875], "texture": "#0"},
				"east": {"uv": [1, 0, 1.25, 2.875], "texture": "#0"},
				"south": {"uv": [2, 0, 2.25, 2.875], "texture": "#0"},
				"west": {"uv": [0, 3, 0.25, 5.875], "texture": "#0"},
				"up": {"uv": [3.25, 10.25, 3, 10], "texture": "#0"},
				"down": {"uv": [10.25, 3, 10, 3.25], "texture": "#0"}
			}
		},
		{
			"from": [7.6, 12.5, 7.4],
			"to": [8, 13.2, 7.6],
			"faces": {
				"north": {"uv": [4, 6, 4.375, 6.75], "texture": "#0"},
				"east": {"uv": [4, 8, 4.25, 8.75], "texture": "#0"},
				"south": {"uv": [6, 4, 6.375, 4.75], "texture": "#0"},
				"west": {"uv": [8, 4, 8.25, 4.75], "texture": "#0"},
				"up": {"uv": [0.375, 10.25, 0, 10], "texture": "#0"},
				"down": {"uv": [10.375, 0, 10, 0.25], "texture": "#0"}
			}
		},
		{
			"from": [6.9, 13.2, 7.3],
			"to": [8.7, 13.3, 7.7],
			"faces": {
				"north": {"uv": [7, 6, 8.75, 6.125], "texture": "#0"},
				"east": {"uv": [11, 4, 11.375, 4.125], "texture": "#0"},
				"south": {"uv": [7, 7, 8.75, 7.125], "texture": "#0"},
				"west": {"uv": [5, 11, 5.375, 11.125], "texture": "#0"},
				"up": {"uv": [5.75, 0.375, 4, 0], "texture": "#0"},
				"down": {"uv": [5.75, 1, 4, 1.375], "texture": "#0"}
			}
		},
		{
			"from": [7.7, 16.7, 7.4],
			"to": [7.9, 17.4, 7.6],
			"rotation": {"angle": -22.5, "axis": "z", "origin": [7.8, 17.45, 7.5]},
			"faces": {
				"north": {"uv": [5, 8, 5.25, 8.75], "texture": "#0"},
				"east": {"uv": [8, 5, 8.25, 5.75], "texture": "#0"},
				"south": {"uv": [6, 8, 6.25, 8.75], "texture": "#0"},
				"west": {"uv": [7, 8, 7.25, 8.75], "texture": "#0"},
				"up": {"uv": [4.25, 10.25, 4, 10], "texture": "#0"},
				"down": {"uv": [10.25, 4, 10, 4.25], "texture": "#0"}
			}
		},
		{
			"from": [7.2, 15.6, 7.4],
			"to": [7.5, 16.3, 7.6],
			"rotation": {"angle": 22.5, "axis": "z", "origin": [7.8, 17.45, 7.5]},
			"faces": {
				"north": {"uv": [8, 8, 8.25, 8.75], "texture": "#0"},
				"east": {"uv": [0, 9, 0.25, 9.75], "texture": "#0"},
				"south": {"uv": [9, 0, 9.25, 0.75], "texture": "#0"},
				"west": {"uv": [1, 9, 1.25, 9.75], "texture": "#0"},
				"up": {"uv": [5.25, 10.25, 5, 10], "texture": "#0"},
				"down": {"uv": [10.25, 5, 10, 5.25], "texture": "#0"}
			}
		},
		{
			"from": [8.1, 15.6, 7.4],
			"to": [8.4, 16.3, 7.6],
			"rotation": {"angle": -22.5, "axis": "z", "origin": [7.8, 17.45, 7.5]},
			"faces": {
				"north": {"uv": [9, 1, 9.25, 1.75], "texture": "#0"},
				"east": {"uv": [2, 9, 2.25, 9.75], "texture": "#0"},
				"south": {"uv": [9, 2, 9.25, 2.75], "texture": "#0"},
				"west": {"uv": [3, 9, 3.25, 9.75], "texture": "#0"},
				"up": {"uv": [6.25, 10.25, 6, 10], "texture": "#0"},
				"down": {"uv": [10.25, 6, 10, 6.25], "texture": "#0"}
			}
		},
		{
			"from": [7.7, 16.7, 7.4],
			"to": [7.9, 17.4, 7.6],
			"rotation": {"angle": 22.5, "axis": "z", "origin": [7.8, 17.45, 7.5]},
			"faces": {
				"north": {"uv": [9, 3, 9.25, 3.75], "texture": "#0"},
				"east": {"uv": [4, 9, 4.25, 9.75], "texture": "#0"},
				"south": {"uv": [9, 4, 9.25, 4.75], "texture": "#0"},
				"west": {"uv": [5, 9, 5.25, 9.75], "texture": "#0"},
				"up": {"uv": [7.25, 10.25, 7, 10], "texture": "#0"},
				"down": {"uv": [10.25, 7, 10, 7.25], "texture": "#0"}
			}
		},
		{
			"from": [7.8, 13.2, 7.4],
			"to": [8, 16.1, 7.6],
			"faces": {
				"north": {"uv": [3, 0, 3.25, 2.875], "texture": "#0"},
				"east": {"uv": [1, 3, 1.25, 5.875], "texture": "#0"},
				"south": {"uv": [2, 3, 2.25, 5.875], "texture": "#0"},
				"west": {"uv": [3, 3, 3.25, 5.875], "texture": "#0"},
				"up": {"uv": [8.25, 10.25, 8, 10], "texture": "#0"},
				"down": {"uv": [10.25, 8, 10, 8.25], "texture": "#0"}
			}
		},
		{
			"from": [7.6, 16.2, 7.4],
			"to": [8, 16.9, 7.6],
			"rotation": {"angle": -22.5, "axis": "z", "origin": [7.8, 16.65, 7.5]},
			"faces": {
				"north": {"uv": [5, 6, 5.375, 6.75], "texture": "#0"},
				"east": {"uv": [9, 5, 9.25, 5.75], "texture": "#0"},
				"south": {"uv": [6, 5, 6.375, 5.75], "texture": "#0"},
				"west": {"uv": [6, 9, 6.25, 9.75], "texture": "#0"},
				"up": {"uv": [1.375, 10.25, 1, 10], "texture": "#0"},
				"down": {"uv": [10.375, 1, 10, 1.25], "texture": "#0"}
			}
		},
		{
			"from": [7.6, 16.2, 7.4],
			"to": [8, 16.9, 7.6],
			"rotation": {"angle": 22.5, "axis": "z", "origin": [7.8, 16.65, 7.5]},
			"faces": {
				"north": {"uv": [6, 6, 6.375, 6.75], "texture": "#0"},
				"east": {"uv": [9, 6, 9.25, 6.75], "texture": "#0"},
				"south": {"uv": [0, 7, 0.375, 7.75], "texture": "#0"},
				"west": {"uv": [7, 9, 7.25, 9.75], "texture": "#0"},
				"up": {"uv": [2.375, 10.25, 2, 10], "texture": "#0"},
				"down": {"uv": [10.375, 2, 10, 2.25], "texture": "#0"}
			}
		},
		{
			"from": [8.1, 13.1, 7.4],
			"to": [8.3, 14.1, 7.6],
			"rotation": {"angle": 45, "axis": "z", "origin": [8.3, 13.65, 7.5]},
			"faces": {
				"north": {"uv": [7, 0, 7.25, 1], "texture": "#0"},
				"east": {"uv": [1, 7, 1.25, 8], "texture": "#0"},
				"south": {"uv": [7, 1, 7.25, 2], "texture": "#0"},
				"west": {"uv": [2, 7, 2.25, 8], "texture": "#0"},
				"up": {"uv": [9.25, 10.25, 9, 10], "texture": "#0"},
				"down": {"uv": [10.25, 9, 10, 9.25], "texture": "#0"}
			}
		},
		{
			"from": [7.39142, 13.15, 7.4],
			"to": [8.29142, 13.35, 7.6],
			"rotation": {"angle": 45, "axis": "z", "origin": [8.44142, 13.65, 7.5]},
			"faces": {
				"north": {"uv": [0, 8, 0.875, 8.25], "texture": "#0"},
				"east": {"uv": [10, 10, 10.25, 10.25], "texture": "#0"},
				"south": {"uv": [8, 0, 8.875, 0.25], "texture": "#0"},
				"west": {"uv": [0, 11, 0.25, 11.25], "texture": "#0"},
				"up": {"uv": [1.875, 8.25, 1, 8], "texture": "#0"},
				"down": {"uv": [8.875, 1, 8, 1.25], "texture": "#0"}
			}
		},
		{
			"from": [7.44, 12.41, 7.4],
			"to": [8.14, 12.61, 7.6],
			"rotation": {"angle": 0, "axis": "y", "origin": [8.44142, 13.65, 7.5]},
			"faces": {
				"north": {"uv": [9, 7, 9.75, 7.25], "texture": "#0"},
				"east": {"uv": [11, 0, 11.25, 0.25], "texture": "#0"},
				"south": {"uv": [8, 9, 8.75, 9.25], "texture": "#0"},
				"west": {"uv": [1, 11, 1.25, 11.25], "texture": "#0"},
				"up": {"uv": [9.75, 8.25, 9, 8], "texture": "#0"},
				"down": {"uv": [9.75, 9, 9, 9.25], "texture": "#0"}
			}
		},
		{
			"from": [7.68, 11.23, 7.4],
			"to": [7.88, 12.43, 7.6],
			"rotation": {"angle": 0, "axis": "y", "origin": [8.44142, 13.65, 7.5]},
			"faces": {
				"north": {"uv": [4, 2, 4.25, 3.25], "texture": "#0"},
				"east": {"uv": [4, 4, 4.25, 5.25], "texture": "#0"},
				"south": {"uv": [5, 2, 5.25, 3.25], "texture": "#0"},
				"west": {"uv": [5, 4, 5.25, 5.25], "texture": "#0"},
				"up": {"uv": [11.25, 1.25, 11, 1], "texture": "#0"},
				"down": {"uv": [2.25, 11, 2, 11.25], "texture": "#0"}
			}
		},
		{
			"from": [6.62365, 13.27218, 7.4],
			"to": [7.52365, 13.47218, 7.6],
			"rotation": {"angle": -45, "axis": "z", "origin": [6.67365, 12.87218, 7.5]},
			"faces": {
				"north": {"uv": [2, 8, 2.875, 8.25], "texture": "#0"},
				"east": {"uv": [11, 2, 11.25, 2.25], "texture": "#0"},
				"south": {"uv": [8, 2, 8.875, 2.25], "texture": "#0"},
				"west": {"uv": [3, 11, 3.25, 11.25], "texture": "#0"},
				"up": {"uv": [3.875, 8.25, 3, 8], "texture": "#0"},
				"down": {"uv": [8.875, 3, 8, 3.25], "texture": "#0"}
			}
		},
		{
			"from": [7.3, 13.1, 7.4],
			"to": [7.5, 14.1, 7.6],
			"rotation": {"angle": -45, "axis": "z", "origin": [7.3, 13.65, 7.5]},
			"faces": {
				"north": {"uv": [7, 2, 7.25, 3], "texture": "#0"},
				"east": {"uv": [3, 7, 3.25, 8], "texture": "#0"},
				"south": {"uv": [7, 3, 7.25, 4], "texture": "#0"},
				"west": {"uv": [4, 7, 4.25, 8], "texture": "#0"},
				"up": {"uv": [11.25, 3.25, 11, 3], "texture": "#0"},
				"down": {"uv": [4.25, 11, 4, 11.25], "texture": "#0"}
			}
		},
		{
			"from": [7.5, 13, 7.2],
			"to": [8, 13.5, 7.8],
			"rotation": {"angle": -45, "axis": "z", "origin": [7.8, 13.2, 7.5]},
			"faces": {
				"north": {"uv": [7, 4, 7.5, 4.5], "texture": "#0"},
				"east": {"uv": [0, 6, 0.625, 6.5], "texture": "#0"},
				"south": {"uv": [5, 7, 5.5, 7.5], "texture": "#0"},
				"west": {"uv": [6, 0, 6.625, 0.5], "texture": "#0"},
				"up": {"uv": [1.5, 6.625, 1, 6], "texture": "#0"},
				"down": {"uv": [6.5, 1, 6, 1.625], "texture": "#0"}
			}
		},
		{
			"from": [9.1, 11.37, 7.2],
			"to": [9.6, 11.87, 7.8],
			"rotation": {"angle": -45, "axis": "z", "origin": [7.8, 13.2, 7.5]},
			"faces": {
				"north": {"uv": [7, 5, 7.5, 5.5], "texture": "#0"},
				"east": {"uv": [2, 6, 2.625, 6.5], "texture": "#0"},
				"south": {"uv": [6, 7, 6.5, 7.5], "texture": "#0"},
				"west": {"uv": [6, 2, 6.625, 2.5], "texture": "#0"},
				"up": {"uv": [3.5, 6.625, 3, 6], "texture": "#0"},
				"down": {"uv": [6.5, 3, 6, 3.625], "texture": "#0"}
			}
		}
	],
	"display": {
		"thirdperson_righthand": {
			"rotation": [43, 90, -45],
			"translation": [1.75, -17.25, 0.25],
			"scale": [4, 4, 4]
		},
		"thirdperson_lefthand": {
			"rotation": [0, 90, 0],
			"translation": [2, -17.25, 1.5],
			"scale": [4, 4, 4]
		},
		"firstperson_righthand": {
			"rotation": [-4, 90, -12],
			"translation": [6.75, -19, 0.75],
			"scale": [4, 4, 4]
		},
		"firstperson_lefthand": {
			"rotation": [-13, 90, -8],
			"translation": [4.25, -18, 4.25],
			"scale": [4, 4, 4]
		},
		"ground": {
			"rotation": [90, 0, 0],
			"translation": [0, -4.75, -11.25],
			"scale": [2, 2, 2]
		},
		"gui": {
			"rotation": [0, 180, 45],
			"translation": [-14.25, -13.25, 0],
			"scale": [3.2, 3.2, 3.2]
		},
		"head": {
			"rotation": [15, -1, -133],
			"translation": [-27.75, 29.25, 7.5],
			"scale": [4, 4, 4]
		},
		"fixed": {
			"rotation": [0, 0, 45],
			"translation": [19, -17.25, 1.75],
			"scale": [4, 4, 4]
		}
	},
	"groups": [
		{
			"name": "group",
			"origin": [7.3, 13.65, 7.5],
			"color": 0,
			"children": [0, 1, 2, 3, 4, 5, 6, 7, 8, 9, 10, 11, 12, 13, 14, 15, 16, 17]
		}
	]
}