{
	"credit": "Made with Blockbench",
	"textures": {
		"0": "./zif",
		"particle": "./zif"
	},
	"elements": [
		{
			"from": [7.75, 6.5, 8.75],
			"to": [8, 9.5, 9],
			"rotation": {"angle": 0, "axis": "y", "origin": [7.75, 11.75, 7.75]},
			"faces": {
				"north": {"uv": [6, 0, 6.5, 3], "texture": "#0"},
				"east": {"uv": [6, 3, 6.5, 6], "texture": "#0"},
				"south": {"uv": [6, 6, 6.5, 9], "texture": "#0"},
				"west": {"uv": [0, 7, 0.5, 10], "texture": "#0"},
				"up": {"uv": [9.5, 1.5, 9, 1], "texture": "#0"},
				"down": {"uv": [9.5, 2, 9, 2.5], "texture": "#0"}
			}
		},
		{
			"from": [7.75, 0, 8.75],
			"to": [8, 6.5, 9],
			"rotation": {"angle": 0, "axis": "y", "origin": [7.75, 12.25, 7.75]},
			"faces": {
				"north": {"uv": [0, 0, 0.5, 6.5], "texture": "#0"},
				"east": {"uv": [1, 0, 1.5, 6.5], "texture": "#0"},
				"south": {"uv": [2, 0, 2.5, 6.5], "texture": "#0"},
				"west": {"uv": [3, 0, 3.5, 6.5], "texture": "#0"},
				"up": {"uv": [9.5, 5.5, 9, 5], "texture": "#0"},
				"down": {"uv": [6.5, 9, 6, 9.5], "texture": "#0"}
			}
		},
		{
			"from": [7.69291, 9.40641, 8.75],
			"to": [7.94291, 12.90641, 9],
			"rotation": {"angle": 22.5, "axis": "z", "origin": [7.7362, 9.59671, 8.75]},
			"faces": {
				"north": {"uv": [4, 0, 4.5, 3.5], "texture": "#0"},
				"east": {"uv": [4, 4, 4.5, 7.5], "texture": "#0"},
				"south": {"uv": [5, 0, 5.5, 3.5], "texture": "#0"},
				"west": {"uv": [5, 4, 5.5, 7.5], "texture": "#0"},
				"up": {"uv": [9.5, 3.5, 9, 3], "texture": "#0"},
				"down": {"uv": [4.5, 9, 4, 9.5], "texture": "#0"}
			}
		},
		{
			"from": [6.45023, 7.15379, 8.75],
			"to": [6.70023, 10.15379, 9],
			"rotation": {"angle": 22.5, "axis": "z", "origin": [8.99352, 10.09409, 8.75]},
			"faces": {
				"north": {"uv": [7, 0, 7.5, 3], "texture": "#0"},
				"east": {"uv": [1, 7, 1.5, 10], "texture": "#0"},
				"south": {"uv": [2, 7, 2.5, 10], "texture": "#0"},
				"west": {"uv": [3, 7, 3.5, 10], "texture": "#0"},
				"up": {"uv": [9.5, 4.5, 9, 4], "texture": "#0"},
				"down": {"uv": [5.5, 9, 5, 9.5], "texture": "#0"}
			}
		},
		{
			"from": [6.20023, 8.90379, 8.5],
			"to": [6.95023, 9.65379, 9.25],
			"rotation": {"angle": 22.5, "axis": "z", "origin": [8.99352, 10.09409, 8.75]},
			"faces": {
				"north": {"uv": [7, 3, 8, 4], "texture": "#0"},
				"east": {"uv": [7, 4, 8, 5], "texture": "#0"},
				"south": {"uv": [7, 5, 8, 6], "texture": "#0"},
				"west": {"uv": [7, 6, 8, 7], "texture": "#0"},
				"up": {"uv": [8, 8, 7, 7], "texture": "#0"},
				"down": {"uv": [9, 0, 8, 1], "texture": "#0"}
			}
		},
		{
			"from": [7.3502, 12.15379, 8.5],
			"to": [8.1002, 12.90379, 9.25],
			"rotation": {"angle": 22.5, "axis": "z", "origin": [8.99352, 10.09409, 8.75]},
			"faces": {
				"north": {"uv": [7, 8, 7.5, 9], "texture": "#0"},
				"east": {"uv": [8, 1, 9, 2], "texture": "#0"},
				"south": {"uv": [8, 7, 8.5, 8], "texture": "#0"},
				"west": {"uv": [8, 2, 9, 3], "texture": "#0"},
				"up": {"uv": [8.5, 9, 8, 8], "texture": "#0"},
				"down": {"uv": [9.5, 0, 9, 1], "texture": "#0"}
			}
		},
		{
			"from": [7.3502, 10.65379, 8.5],
			"to": [8.1002, 11.40379, 9.25],
			"rotation": {"angle": 22.5, "axis": "z", "origin": [8.99352, 10.09409, 8.75]},
			"faces": {
				"north": {"uv": [8, 3, 9, 4], "texture": "#0"},
				"east": {"uv": [4, 8, 5, 9], "texture": "#0"},
				"south": {"uv": [8, 4, 9, 5], "texture": "#0"},
				"west": {"uv": [5, 8, 6, 9], "texture": "#0"},
				"up": {"uv": [9, 6, 8, 5], "texture": "#0"},
				"down": {"uv": [9, 6, 8, 7], "texture": "#0"}
			}
		}
	],
	"display": {
		"thirdperson_righthand": {
			"rotation": [0, -90, 0],
			"translation": [1.25, 6, 0]
		},
		"thirdperson_lefthand": {
			"rotation": [0, 90, 0],
			"translation": [-0.5, 6, 0]
		},
		"firstperson_righthand": {
			"rotation": [-27, -90, 0],
			"translation": [3.75, 4.5, -1.75]
		},
		"firstperson_lefthand": {
			"rotation": [-27, 90, 0],
			"translation": [2.25, 4.5, -1.75]
		},
		"ground": {
			"rotation": [-98.7, 0.15, 74.37],
			"translation": [0, -4.5, 0]
		},
		"gui": {
			"rotation": [-179.7, 2.28, -134.79],
			"translation": [1, 1.75, 0],
			"scale": [1.5, 1.5, 1.5]
		},
		"head": {
			"rotation": [0, 0, 90],
			"translation": [-2.75, -5, -7.5],
			"scale": [1.1, 1.1, 1.1]
		},
		"fixed": {
			"rotation": [-91.44, 1.33, 34.91],
			"translation": [-19, -3.25, -15.5],
			"scale": [2.5, 2.5, 2.5]
		}
	}
}