{
	"credit": "Made with Blockbench",
	"texture_size": [32, 32],
	"textures": {
		"1": "./Num",
		"particle": "./Num"
	},
	"elements": [
		{
			"from": [7.5, 4.5, 7.25],
			"to": [8, 28.5, 7.75],
			"faces": {
				"north": {"uv": [0, 0, 0.25, 12], "texture": "#1"},
				"east": {"uv": [0.5, 0, 0.75, 12], "texture": "#1"},
				"south": {"uv": [1, 0, 1.25, 12], "texture": "#1"},
				"west": {"uv": [1.5, 0, 1.75, 12], "texture": "#1"},
				"up": {"uv": [13.25, 2.25, 13, 2], "texture": "#1"},
				"down": {"uv": [2.75, 13, 2.5, 13.25], "texture": "#1"}
			}
		},
		{
			"from": [7.63, 28.5, 7.38],
			"to": [7.88, 29, 7.63],
			"faces": {
				"north": {"uv": [13.5, 6, 13.625, 6.25], "texture": "#1"},
				"east": {"uv": [6.5, 13.5, 6.625, 13.75], "texture": "#1"},
				"south": {"uv": [13.5, 6.5, 13.625, 6.75], "texture": "#1"},
				"west": {"uv": [7, 13.5, 7.125, 13.75], "texture": "#1"},
				"up": {"uv": [6.625, 14.125, 6.5, 14], "texture": "#1"},
				"down": {"uv": [14.125, 6.5, 14, 6.625], "texture": "#1"}
			}
		},
		{
			"from": [8, 5.75, 7.38],
			"to": [8.25, 27.5, 7.63],
			"faces": {
				"north": {"uv": [4, 0, 4.125, 10.875], "texture": "#1"},
				"east": {"uv": [4.5, 0, 4.625, 10.875], "texture": "#1"},
				"south": {"uv": [5, 0, 5.125, 10.875], "texture": "#1"},
				"west": {"uv": [5.5, 0, 5.625, 10.875], "texture": "#1"},
				"up": {"uv": [7.125, 14.125, 7, 14], "texture": "#1"},
				"down": {"uv": [14.125, 7, 14, 7.125], "texture": "#1"}
			}
		},
		{
			"from": [7.25, 5.75, 7.38],
			"to": [7.5, 27.5, 7.63],
			"faces": {
				"north": {"uv": [6, 0, 6.125, 10.875], "texture": "#1"},
				"east": {"uv": [6.5, 0, 6.625, 10.875], "texture": "#1"},
				"south": {"uv": [7, 0, 7.125, 10.875], "texture": "#1"},
				"west": {"uv": [7.5, 0, 7.625, 10.875], "texture": "#1"},
				"up": {"uv": [7.625, 14.125, 7.5, 14], "texture": "#1"},
				"down": {"uv": [14.125, 7.5, 14, 7.625], "texture": "#1"}
			}
		},
		{
			"from": [8.25, 5, 7.5],
			"to": [8.4, 27.5, 7.5],
			"faces": {
				"north": {"uv": [2, 0, 2.125, 11.25], "texture": "#1"},
				"east": {"uv": [0, 0, 0, 11.25], "texture": "#1"},
				"south": {"uv": [2.5, 0, 2.625, 11.25], "texture": "#1"},
				"west": {"uv": [0, 0, 0, 11.25], "texture": "#1"},
				"up": {"uv": [0.125, 0, 0, 0], "texture": "#1"},
				"down": {"uv": [0.125, 0, 0, 0], "texture": "#1"}
			}
		},
		{
			"from": [8, 26.75, 7.5],
			"to": [8.2, 28.75, 7.5],
			"faces": {
				"north": {"uv": [12, 10, 12.125, 11], "texture": "#1"},
				"east": {"uv": [0, 0, 0, 1], "texture": "#1"},
				"south": {"uv": [12, 11, 12.125, 12], "texture": "#1"},
				"west": {"uv": [0, 0, 0, 1], "texture": "#1"},
				"up": {"uv": [0.125, 0, 0, 0], "texture": "#1"},
				"down": {"uv": [0.125, 0, 0, 0], "texture": "#1"}
			}
		},
		{
			"from": [7.63, 29, 7.5],
			"to": [7.88, 29.5, 7.5],
			"faces": {
				"north": {"uv": [13.5, 7, 13.625, 7.25], "texture": "#1"},
				"east": {"uv": [0, 0, 0, 0.25], "texture": "#1"},
				"south": {"uv": [7.5, 13.5, 7.625, 13.75], "texture": "#1"},
				"west": {"uv": [0, 0, 0, 0.25], "texture": "#1"},
				"up": {"uv": [0.125, 0, 0, 0], "texture": "#1"},
				"down": {"uv": [0.125, 0, 0, 0], "texture": "#1"}
			}
		},
		{
			"from": [7.3, 26.75, 7.5],
			"to": [7.5, 28.75, 7.5],
			"faces": {
				"north": {"uv": [11.5, 12, 11.625, 13], "texture": "#1"},
				"east": {"uv": [0, 0, 0, 1], "texture": "#1"},
				"south": {"uv": [12, 12, 12.125, 13], "texture": "#1"},
				"west": {"uv": [0, 0, 0, 1], "texture": "#1"},
				"up": {"uv": [0.125, 0, 0, 0], "texture": "#1"},
				"down": {"uv": [0.125, 0, 0, 0], "texture": "#1"}
			}
		},
		{
			"from": [7.5, 28.5, 7.5],
			"to": [7.63, 29, 7.5],
			"faces": {
				"north": {"uv": [13.5, 7.5, 13.625, 7.75], "texture": "#1"},
				"east": {"uv": [0, 0, 0, 0.25], "texture": "#1"},
				"south": {"uv": [13.5, 8, 13.625, 8.25], "texture": "#1"},
				"west": {"uv": [0, 0, 0, 0.25], "texture": "#1"},
				"up": {"uv": [0.125, 0, 0, 0], "texture": "#1"},
				"down": {"uv": [0.125, 0, 0, 0], "texture": "#1"}
			}
		},
		{
			"from": [7.87, 28.5, 7.5],
			"to": [8, 29, 7.5],
			"faces": {
				"north": {"uv": [13.5, 8.5, 13.625, 8.75], "texture": "#1"},
				"east": {"uv": [0, 0, 0, 0.25], "texture": "#1"},
				"south": {"uv": [9, 13.5, 9.125, 13.75], "texture": "#1"},
				"west": {"uv": [0, 0, 0, 0.25], "texture": "#1"},
				"up": {"uv": [0.125, 0, 0, 0], "texture": "#1"},
				"down": {"uv": [0.125, 0, 0, 0], "texture": "#1"}
			}
		},
		{
			"from": [7.1, 5, 7.5],
			"to": [7.25, 27.5, 7.5],
			"faces": {
				"north": {"uv": [3, 0, 3.125, 11.25], "texture": "#1"},
				"east": {"uv": [0, 0, 0, 11.25], "texture": "#1"},
				"south": {"uv": [3.5, 0, 3.625, 11.25], "texture": "#1"},
				"west": {"uv": [0, 0, 0, 11.25], "texture": "#1"},
				"up": {"uv": [0.125, 0, 0, 0], "texture": "#1"},
				"down": {"uv": [0.125, 0, 0, 0], "texture": "#1"}
			}
		},
		{
			"from": [7.5, -4.75, 7.25],
			"to": [8, 4.5, 7.75],
			"faces": {
				"north": {"uv": [8, 0, 8.25, 4.625], "texture": "#1"},
				"east": {"uv": [8, 5, 8.25, 9.625], "texture": "#1"},
				"south": {"uv": [8.5, 0, 8.75, 4.625], "texture": "#1"},
				"west": {"uv": [8.5, 5, 8.75, 9.625], "texture": "#1"},
				"up": {"uv": [13.25, 2.75, 13, 2.5], "texture": "#1"},
				"down": {"uv": [3.25, 13, 3, 13.25], "texture": "#1"}
			}
		},
		{
			"from": [7.63, -4.5, 7.75],
			"to": [7.88, 5.5, 7.85],
			"faces": {
				"north": {"uv": [9, 0, 9.125, 5], "texture": "#1"},
				"east": {"uv": [9, 5, 9.125, 10], "texture": "#1"},
				"south": {"uv": [9.5, 0, 9.625, 5], "texture": "#1"},
				"west": {"uv": [9.5, 5, 9.625, 10], "texture": "#1"},
				"up": {"uv": [14.125, 8.125, 14, 8], "texture": "#1"},
				"down": {"uv": [14.125, 8.5, 14, 8.625], "texture": "#1"}
			}
		},
		{
			"from": [7.88, 3, 7.75],
			"to": [8.13, 5.5, 7.85],
			"faces": {
				"north": {"uv": [9, 11, 9.125, 12.25], "texture": "#1"},
				"east": {"uv": [9.5, 11, 9.625, 12.25], "texture": "#1"},
				"south": {"uv": [10, 11, 10.125, 12.25], "texture": "#1"},
				"west": {"uv": [11, 10, 11.125, 11.25], "texture": "#1"},
				"up": {"uv": [9.125, 14.125, 9, 14], "texture": "#1"},
				"down": {"uv": [14.125, 9, 14, 9.125], "texture": "#1"}
			}
		},
		{
			"from": [7.38, 3, 7.75],
			"to": [7.63, 5.5, 7.85],
			"faces": {
				"north": {"uv": [10.5, 11, 10.625, 12.25], "texture": "#1"},
				"east": {"uv": [2, 11.5, 2.125, 12.75], "texture": "#1"},
				"south": {"uv": [2.5, 11.5, 2.625, 12.75], "texture": "#1"},
				"west": {"uv": [3, 11.5, 3.125, 12.75], "texture": "#1"},
				"up": {"uv": [9.625, 14.125, 9.5, 14], "texture": "#1"},
				"down": {"uv": [14.125, 9.5, 14, 9.625], "texture": "#1"}
			}
		},
		{
			"from": [7.88, 3, 7.15],
			"to": [8.13, 5.5, 7.25],
			"faces": {
				"north": {"uv": [3.5, 11.5, 3.625, 12.75], "texture": "#1"},
				"east": {"uv": [4, 11.5, 4.125, 12.75], "texture": "#1"},
				"south": {"uv": [4.5, 11.5, 4.625, 12.75], "texture": "#1"},
				"west": {"uv": [5, 11.5, 5.125, 12.75], "texture": "#1"},
				"up": {"uv": [10.125, 14.125, 10, 14], "texture": "#1"},
				"down": {"uv": [14.125, 10, 14, 10.125], "texture": "#1"}
			}
		},
		{
			"from": [7.63, -4.5, 7.15],
			"to": [7.88, 5.5, 7.25],
			"faces": {
				"north": {"uv": [10, 0, 10.125, 5], "texture": "#1"},
				"east": {"uv": [10, 5, 10.125, 10], "texture": "#1"},
				"south": {"uv": [8, 10, 8.125, 15], "texture": "#1"},
				"west": {"uv": [8.5, 10, 8.625, 15], "texture": "#1"},
				"up": {"uv": [10.625, 14.125, 10.5, 14], "texture": "#1"},
				"down": {"uv": [14.125, 10.5, 14, 10.625], "texture": "#1"}
			}
		},
		{
			"from": [7.38, 3, 7.15],
			"to": [7.63, 5.5, 7.25],
			"faces": {
				"north": {"uv": [5.5, 11.5, 5.625, 12.75], "texture": "#1"},
				"east": {"uv": [6, 11.5, 6.125, 12.75], "texture": "#1"},
				"south": {"uv": [6.5, 11.5, 6.625, 12.75], "texture": "#1"},
				"west": {"uv": [7, 11.5, 7.125, 12.75], "texture": "#1"},
				"up": {"uv": [11.125, 14.125, 11, 14], "texture": "#1"},
				"down": {"uv": [14.125, 11, 14, 11.125], "texture": "#1"}
			}
		},
		{
			"from": [7.13, 3.75, 7.15],
			"to": [7.38, 4.75, 7.25],
			"faces": {
				"north": {"uv": [13, 3, 13.125, 3.5], "texture": "#1"},
				"east": {"uv": [3.5, 13, 3.625, 13.5], "texture": "#1"},
				"south": {"uv": [13, 3.5, 13.125, 4], "texture": "#1"},
				"west": {"uv": [4, 13, 4.125, 13.5], "texture": "#1"},
				"up": {"uv": [11.625, 14.125, 11.5, 14], "texture": "#1"},
				"down": {"uv": [14.125, 11.5, 14, 11.625], "texture": "#1"}
			}
		},
		{
			"from": [3.38, 4.13, 7.15],
			"to": [7.13, 4.38, 7.25],
			"faces": {
				"north": {"uv": [10.5, 3.5, 12.375, 3.625], "texture": "#1"},
				"east": {"uv": [12, 14, 12.125, 14.125], "texture": "#1"},
				"south": {"uv": [10.5, 4, 12.375, 4.125], "texture": "#1"},
				"west": {"uv": [14, 12, 14.125, 12.125], "texture": "#1"},
				"up": {"uv": [12.375, 4.625, 10.5, 4.5], "texture": "#1"},
				"down": {"uv": [12.375, 5, 10.5, 5.125], "texture": "#1"}
			}
		},
		{
			"from": [8.38, 4.13, 7.15],
			"to": [12.13, 4.38, 7.25],
			"faces": {
				"north": {"uv": [10.5, 5.5, 12.375, 5.625], "texture": "#1"},
				"east": {"uv": [12.5, 14, 12.625, 14.125], "texture": "#1"},
				"south": {"uv": [10.5, 6, 12.375, 6.125], "texture": "#1"},
				"west": {"uv": [14, 12.5, 14.125, 12.625], "texture": "#1"},
				"up": {"uv": [12.375, 6.625, 10.5, 6.5], "texture": "#1"},
				"down": {"uv": [12.375, 7, 10.5, 7.125], "texture": "#1"}
			}
		},
		{
			"from": [8.13, 3.75, 7.15],
			"to": [8.38, 4.75, 7.25],
			"faces": {
				"north": {"uv": [13, 4, 13.125, 4.5], "texture": "#1"},
				"east": {"uv": [4.5, 13, 4.625, 13.5], "texture": "#1"},
				"south": {"uv": [13, 4.5, 13.125, 5], "texture": "#1"},
				"west": {"uv": [5, 13, 5.125, 13.5], "texture": "#1"},
				"up": {"uv": [13.125, 14.125, 13, 14], "texture": "#1"},
				"down": {"uv": [14.125, 13, 14, 13.125], "texture": "#1"}
			}
		},
		{
			"from": [8.38, 4.13, 7.75],
			"to": [12.13, 4.38, 7.85],
			"faces": {
				"north": {"uv": [10.5, 7.5, 12.375, 7.625], "texture": "#1"},
				"east": {"uv": [13.5, 14, 13.625, 14.125], "texture": "#1"},
				"south": {"uv": [10.5, 8, 12.375, 8.125], "texture": "#1"},
				"west": {"uv": [14, 13.5, 14.125, 13.625], "texture": "#1"},
				"up": {"uv": [12.375, 8.625, 10.5, 8.5], "texture": "#1"},
				"down": {"uv": [10.875, 10.5, 9, 10.625], "texture": "#1"}
			}
		},
		{
			"from": [8.13, 3.75, 7.75],
			"to": [8.38, 4.75, 7.85],
			"faces": {
				"north": {"uv": [13, 5, 13.125, 5.5], "texture": "#1"},
				"east": {"uv": [5.5, 13, 5.625, 13.5], "texture": "#1"},
				"south": {"uv": [13, 5.5, 13.125, 6], "texture": "#1"},
				"west": {"uv": [6, 13, 6.125, 13.5], "texture": "#1"},
				"up": {"uv": [14.125, 14.125, 14, 14], "texture": "#1"},
				"down": {"uv": [0.125, 14.5, 0, 14.625], "texture": "#1"}
			}
		},
		{
			"from": [7.13, 3.75, 7.75],
			"to": [7.38, 4.75, 7.85],
			"faces": {
				"north": {"uv": [13, 6, 13.125, 6.5], "texture": "#1"},
				"east": {"uv": [6.5, 13, 6.625, 13.5], "texture": "#1"},
				"south": {"uv": [13, 6.5, 13.125, 7], "texture": "#1"},
				"west": {"uv": [7, 13, 7.125, 13.5], "texture": "#1"},
				"up": {"uv": [14.625, 0.125, 14.5, 0], "texture": "#1"},
				"down": {"uv": [0.625, 14.5, 0.5, 14.625], "texture": "#1"}
			}
		},
		{
			"from": [3.38, 4.13, 7.75],
			"to": [7.13, 4.38, 7.85],
			"faces": {
				"north": {"uv": [10.5, 9, 12.375, 9.125], "texture": "#1"},
				"east": {"uv": [14.5, 0.5, 14.625, 0.625], "texture": "#1"},
				"south": {"uv": [10.5, 9.5, 12.375, 9.625], "texture": "#1"},
				"west": {"uv": [1, 14.5, 1.125, 14.625], "texture": "#1"},
				"up": {"uv": [5.875, 11.125, 4, 11], "texture": "#1"},
				"down": {"uv": [7.875, 11, 6, 11.125], "texture": "#1"}
			}
		},
		{
			"from": [7.63, -5.75, 7.38],
			"to": [7.88, -4.75, 7.63],
			"faces": {
				"north": {"uv": [13, 7, 13.125, 7.5], "texture": "#1"},
				"east": {"uv": [7.5, 13, 7.625, 13.5], "texture": "#1"},
				"south": {"uv": [13, 7.5, 13.125, 8], "texture": "#1"},
				"west": {"uv": [13, 8, 13.125, 8.5], "texture": "#1"},
				"up": {"uv": [14.625, 1.125, 14.5, 1], "texture": "#1"},
				"down": {"uv": [1.625, 14.5, 1.5, 14.625], "texture": "#1"}
			}
		},
		{
			"from": [8, -4.25, 7.38],
			"to": [8.25, -3, 7.63],
			"faces": {
				"north": {"uv": [13, 8.5, 13.125, 9], "texture": "#1"},
				"east": {"uv": [9, 13, 9.125, 13.5], "texture": "#1"},
				"south": {"uv": [9.5, 13, 9.625, 13.5], "texture": "#1"},
				"west": {"uv": [10, 13, 10.125, 13.5], "texture": "#1"},
				"up": {"uv": [14.625, 2.625, 14.5, 2.5], "texture": "#1"},
				"down": {"uv": [3.125, 14.5, 3, 14.625], "texture": "#1"}
			}
		},
		{
			"from": [7.25, -4.25, 7.38],
			"to": [7.5, -3, 7.63],
			"faces": {
				"north": {"uv": [10.5, 13, 10.625, 13.5], "texture": "#1"},
				"east": {"uv": [11, 13, 11.125, 13.5], "texture": "#1"},
				"south": {"uv": [11.5, 13, 11.625, 13.5], "texture": "#1"},
				"west": {"uv": [12, 13, 12.125, 13.5], "texture": "#1"},
				"up": {"uv": [14.625, 3.125, 14.5, 3], "texture": "#1"},
				"down": {"uv": [3.625, 14.5, 3.5, 14.625], "texture": "#1"}
			}
		},
		{
			"from": [8, 4, 7.25],
			"to": [11.25, 4.5, 7.75],
			"faces": {
				"north": {"uv": [9, 10, 10.625, 10.25], "texture": "#1"},
				"east": {"uv": [13, 12, 13.25, 12.25], "texture": "#1"},
				"south": {"uv": [10.5, 0, 12.125, 0.25], "texture": "#1"},
				"west": {"uv": [12.5, 13, 12.75, 13.25], "texture": "#1"},
				"up": {"uv": [12.125, 0.75, 10.5, 0.5], "texture": "#1"},
				"down": {"uv": [12.125, 1, 10.5, 1.25], "texture": "#1"}
			}
		},
		{
			"from": [11.25, 4, 7.25],
			"to": [12.25, 4.5, 7.75],
			"faces": {
				"north": {"uv": [12.5, 0, 13, 0.25], "texture": "#1"},
				"east": {"uv": [13, 12.5, 13.25, 12.75], "texture": "#1"},
				"south": {"uv": [12.5, 0.5, 13, 0.75], "texture": "#1"},
				"west": {"uv": [13, 13, 13.25, 13.25], "texture": "#1"},
				"up": {"uv": [13, 1.25, 12.5, 1], "texture": "#1"},
				"down": {"uv": [13, 1.5, 12.5, 1.75], "texture": "#1"}
			}
		},
		{
			"from": [11.5, 3.75, 7.25],
			"to": [12, 4, 7.75],
			"faces": {
				"north": {"uv": [13.5, 9, 13.75, 9.125], "texture": "#1"},
				"east": {"uv": [9.5, 13.5, 9.75, 13.625], "texture": "#1"},
				"south": {"uv": [13.5, 9.5, 13.75, 9.625], "texture": "#1"},
				"west": {"uv": [10, 13.5, 10.25, 13.625], "texture": "#1"},
				"up": {"uv": [13.75, 0.25, 13.5, 0], "texture": "#1"},
				"down": {"uv": [13.75, 0.5, 13.5, 0.75], "texture": "#1"}
			}
		},
		{
			"from": [8, 2.75, 7.25],
			"to": [8.25, 4, 7.75],
			"faces": {
				"north": {"uv": [12.5, 12, 12.625, 12.625], "texture": "#1"},
				"east": {"uv": [7.5, 11.5, 7.75, 12.125], "texture": "#1"},
				"south": {"uv": [0, 13, 0.125, 13.625], "texture": "#1"},
				"west": {"uv": [11.5, 10, 11.75, 10.625], "texture": "#1"},
				"up": {"uv": [13.625, 10.25, 13.5, 10], "texture": "#1"},
				"down": {"uv": [10.625, 13.5, 10.5, 13.75], "texture": "#1"}
			}
		},
		{
			"from": [7.25, 2.75, 7.25],
			"to": [7.5, 4, 7.75],
			"faces": {
				"north": {"uv": [13, 0, 13.125, 0.625], "texture": "#1"},
				"east": {"uv": [11, 11.5, 11.25, 12.125], "texture": "#1"},
				"south": {"uv": [0.5, 13, 0.625, 13.625], "texture": "#1"},
				"west": {"uv": [11.5, 11, 11.75, 11.625], "texture": "#1"},
				"up": {"uv": [13.625, 10.75, 13.5, 10.5], "texture": "#1"},
				"down": {"uv": [11.125, 13.5, 11, 13.75], "texture": "#1"}
			}
		},
		{
			"from": [7.25, 4.5, 7.25],
			"to": [7.5, 5.75, 7.75],
			"faces": {
				"north": {"uv": [1, 13, 1.125, 13.625], "texture": "#1"},
				"east": {"uv": [0, 12, 0.25, 12.625], "texture": "#1"},
				"south": {"uv": [13, 1, 13.125, 1.625], "texture": "#1"},
				"west": {"uv": [0.5, 12, 0.75, 12.625], "texture": "#1"},
				"up": {"uv": [13.625, 11.25, 13.5, 11], "texture": "#1"},
				"down": {"uv": [11.625, 13.5, 11.5, 13.75], "texture": "#1"}
			}
		},
		{
			"from": [8, 4.5, 7.25],
			"to": [8.25, 5.75, 7.75],
			"faces": {
				"north": {"uv": [1.5, 13, 1.625, 13.625], "texture": "#1"},
				"east": {"uv": [1, 12, 1.25, 12.625], "texture": "#1"},
				"south": {"uv": [2, 13, 2.125, 13.625], "texture": "#1"},
				"west": {"uv": [1.5, 12, 1.75, 12.625], "texture": "#1"},
				"up": {"uv": [13.625, 11.75, 13.5, 11.5], "texture": "#1"},
				"down": {"uv": [12.125, 13.5, 12, 13.75], "texture": "#1"}
			}
		},
		{
			"from": [8.25, 3.75, 7.25],
			"to": [9.25, 4, 7.75],
			"faces": {
				"north": {"uv": [13.5, 1, 14, 1.125], "texture": "#1"},
				"east": {"uv": [13.5, 12, 13.75, 12.125], "texture": "#1"},
				"south": {"uv": [13.5, 1.5, 14, 1.625], "texture": "#1"},
				"west": {"uv": [12.5, 13.5, 12.75, 13.625], "texture": "#1"},
				"up": {"uv": [13, 2.25, 12.5, 2], "texture": "#1"},
				"down": {"uv": [13, 2.5, 12.5, 2.75], "texture": "#1"}
			}
		},
		{
			"from": [8.25, 3.5, 7.25],
			"to": [8.5, 3.75, 7.75],
			"faces": {
				"north": {"uv": [14.5, 3.5, 14.625, 3.625], "texture": "#1"},
				"east": {"uv": [13.5, 12.5, 13.75, 12.625], "texture": "#1"},
				"south": {"uv": [4, 14.5, 4.125, 14.625], "texture": "#1"},
				"west": {"uv": [13, 13.5, 13.25, 13.625], "texture": "#1"},
				"up": {"uv": [13.625, 13.25, 13.5, 13], "texture": "#1"},
				"down": {"uv": [13.625, 13.5, 13.5, 13.75], "texture": "#1"}
			}
		},
		{
			"from": [7, 3.5, 7.25],
			"to": [7.25, 3.75, 7.75],
			"faces": {
				"north": {"uv": [14.5, 4, 14.625, 4.125], "texture": "#1"},
				"east": {"uv": [0, 14, 0.25, 14.125], "texture": "#1"},
				"south": {"uv": [4.5, 14.5, 4.625, 14.625], "texture": "#1"},
				"west": {"uv": [14, 0, 14.25, 0.125], "texture": "#1"},
				"up": {"uv": [0.625, 14.25, 0.5, 14], "texture": "#1"},
				"down": {"uv": [14.125, 0.5, 14, 0.75], "texture": "#1"}
			}
		},
		{
			"from": [6.25, 3.75, 7.25],
			"to": [7.25, 4, 7.75],
			"faces": {
				"north": {"uv": [13.5, 2, 14, 2.125], "texture": "#1"},
				"east": {"uv": [1, 14, 1.25, 14.125], "texture": "#1"},
				"south": {"uv": [2.5, 13.5, 3, 13.625], "texture": "#1"},
				"west": {"uv": [14, 1, 14.25, 1.125], "texture": "#1"},
				"up": {"uv": [13, 3.25, 12.5, 3], "texture": "#1"},
				"down": {"uv": [13, 3.5, 12.5, 3.75], "texture": "#1"}
			}
		},
		{
			"from": [8.25, 4.75, 7.25],
			"to": [8.5, 5, 7.75],
			"faces": {
				"north": {"uv": [14.5, 4.5, 14.625, 4.625], "texture": "#1"},
				"east": {"uv": [1.5, 14, 1.75, 14.125], "texture": "#1"},
				"south": {"uv": [5, 14.5, 5.125, 14.625], "texture": "#1"},
				"west": {"uv": [14, 1.5, 14.25, 1.625], "texture": "#1"},
				"up": {"uv": [2.125, 14.25, 2, 14], "texture": "#1"},
				"down": {"uv": [14.125, 2, 14, 2.25], "texture": "#1"}
			}
		},
		{
			"from": [8.25, 4.5, 7.25],
			"to": [9.25, 4.75, 7.75],
			"faces": {
				"north": {"uv": [13.5, 2.5, 14, 2.625], "texture": "#1"},
				"east": {"uv": [2.5, 14, 2.75, 14.125], "texture": "#1"},
				"south": {"uv": [3, 13.5, 3.5, 13.625], "texture": "#1"},
				"west": {"uv": [14, 2.5, 14.25, 2.625], "texture": "#1"},
				"up": {"uv": [13, 4.25, 12.5, 4], "texture": "#1"},
				"down": {"uv": [13, 4.5, 12.5, 4.75], "texture": "#1"}
			}
		},
		{
			"from": [6.25, 4.5, 7.25],
			"to": [7.25, 4.75, 7.75],
			"faces": {
				"north": {"uv": [13.5, 3, 14, 3.125], "texture": "#1"},
				"east": {"uv": [3, 14, 3.25, 14.125], "texture": "#1"},
				"south": {"uv": [3.5, 13.5, 4, 13.625], "texture": "#1"},
				"west": {"uv": [14, 3, 14.25, 3.125], "texture": "#1"},
				"up": {"uv": [13, 5.25, 12.5, 5], "texture": "#1"},
				"down": {"uv": [13, 5.5, 12.5, 5.75], "texture": "#1"}
			}
		},
		{
			"from": [7, 4.75, 7.25],
			"to": [7.25, 5, 7.75],
			"faces": {
				"north": {"uv": [14.5, 5, 14.625, 5.125], "texture": "#1"},
				"east": {"uv": [3.5, 14, 3.75, 14.125], "texture": "#1"},
				"south": {"uv": [5.5, 14.5, 5.625, 14.625], "texture": "#1"},
				"west": {"uv": [14, 3.5, 14.25, 3.625], "texture": "#1"},
				"up": {"uv": [4.125, 14.25, 4, 14], "texture": "#1"},
				"down": {"uv": [14.125, 4, 14, 4.25], "texture": "#1"}
			}
		},
		{
			"from": [12.25, 4.25, 7.25],
			"to": [13, 4.5, 7.75],
			"faces": {
				"north": {"uv": [13.5, 5, 13.875, 5.125], "texture": "#1"},
				"east": {"uv": [4.5, 14, 4.75, 14.125], "texture": "#1"},
				"south": {"uv": [5.5, 13.5, 5.875, 13.625], "texture": "#1"},
				"west": {"uv": [14, 4.5, 14.25, 4.625], "texture": "#1"},
				"up": {"uv": [12.875, 7.75, 12.5, 7.5], "texture": "#1"},
				"down": {"uv": [12.875, 8, 12.5, 8.25], "texture": "#1"}
			}
		},
		{
			"from": [3.25, 4, 7.25],
			"to": [4.25, 4.5, 7.75],
			"faces": {
				"north": {"uv": [12.5, 6, 13, 6.25], "texture": "#1"},
				"east": {"uv": [13.5, 3.5, 13.75, 3.75], "texture": "#1"},
				"south": {"uv": [12.5, 6.5, 13, 6.75], "texture": "#1"},
				"west": {"uv": [4, 13.5, 4.25, 13.75], "texture": "#1"},
				"up": {"uv": [13, 7.25, 12.5, 7], "texture": "#1"},
				"down": {"uv": [8, 12.5, 7.5, 12.75], "texture": "#1"}
			}
		},
		{
			"from": [3.5, 3.75, 7.25],
			"to": [4, 4, 7.75],
			"faces": {
				"north": {"uv": [5, 14, 5.25, 14.125], "texture": "#1"},
				"east": {"uv": [14, 5, 14.25, 5.125], "texture": "#1"},
				"south": {"uv": [5.5, 14, 5.75, 14.125], "texture": "#1"},
				"west": {"uv": [14, 5.5, 14.25, 5.625], "texture": "#1"},
				"up": {"uv": [13.75, 4.25, 13.5, 4], "texture": "#1"},
				"down": {"uv": [4.75, 13.5, 4.5, 13.75], "texture": "#1"}
			}
		},
		{
			"from": [2.5, 4.25, 7.25],
			"to": [3.25, 4.5, 7.75],
			"faces": {
				"north": {"uv": [13.5, 5.5, 13.875, 5.625], "texture": "#1"},
				"east": {"uv": [6, 14, 6.25, 14.125], "texture": "#1"},
				"south": {"uv": [6, 13.5, 6.375, 13.625], "texture": "#1"},
				"west": {"uv": [14, 6, 14.25, 6.125], "texture": "#1"},
				"up": {"uv": [12.875, 8.75, 12.5, 8.5], "texture": "#1"},
				"down": {"uv": [9.375, 12.5, 9, 12.75], "texture": "#1"}
			}
		},
		{
			"from": [4.25, 4, 7.25],
			"to": [7.5, 4.5, 7.75],
			"faces": {
				"north": {"uv": [10.5, 1.5, 12.125, 1.75], "texture": "#1"},
				"east": {"uv": [13.5, 4.5, 13.75, 4.75], "texture": "#1"},
				"south": {"uv": [10.5, 2, 12.125, 2.25], "texture": "#1"},
				"west": {"uv": [5, 13.5, 5.25, 13.75], "texture": "#1"},
				"up": {"uv": [12.125, 2.75, 10.5, 2.5], "texture": "#1"},
				"down": {"uv": [12.125, 3, 10.5, 3.25], "texture": "#1"}
			}
		}
	],
	"display": {
		"thirdperson_righthand": {
			"rotation": [0, 90, 0],
			"translation": [0, 3.75, 0],
			"scale": [0.7, 0.7, 0.7]
		},
		"thirdperson_lefthand": {
			"rotation": [0, 90, 0],
			"translation": [0, 3.75, 0],
			"scale": [0.7, 0.7, 0.7]
		},
		"firstperson_righthand": {
			"rotation": [-175.38, -90, -166.97],
			"translation": [0.25, 4, 0],
			"scale": [0.7, 0.7, 0.7]
		},
		"firstperson_lefthand": {
			"rotation": [10.79, 76.74, -19.82],
			"translation": [2, 4.25, -0.25],
			"scale": [0.7, 0.7, 0.7]
		},
		"ground": {
			"rotation": [90, 0, 0],
			"translation": [0, -3.75, 0]
		},
		"gui": {
			"rotation": [0, 0, -46],
			"translation": [-1.25, -1.25, 0],
			"scale": [0.6, 0.6, 0.6]
		},
		"head": {
			"rotation": [-90, 0, 0],
			"translation": [0.25, -2.25, -10.5]
		},
		"fixed": {
			"rotation": [90, 0, -14.5],
			"translation": [-9.5, 0, -37],
			"scale": [2, 2, 2]
		}
	}
}