{
	"credit": "Made with Blockbench",
	"textures": {
		"0": "./Frieren",
		"particle": "./Frieren"
	},
	"elements": [
		{
			"from": [8.15, 4.5, 6.15],
			"to": [8.45, 15.25, 6.45],
			"faces": {
				"north": {"uv": [0, 0, 0.25, 10.75], "texture": "#0"},
				"east": {"uv": [1, 0, 1.25, 10.75], "texture": "#0"},
				"south": {"uv": [2, 0, 2.25, 10.75], "texture": "#0"},
				"west": {"uv": [3, 0, 3.25, 10.75], "texture": "#0"},
				"up": {"uv": [13.25, 5.25, 13, 5], "texture": "#0"},
				"down": {"uv": [6.25, 13, 6, 13.25], "texture": "#0"}
			}
		},
		{
			"from": [8.22, 15.5, 4.9],
			"to": [8.37, 16, 5.35],
			"faces": {
				"north": {"uv": [13, 7, 13.125, 7.5], "texture": "#0"},
				"east": {"uv": [6, 11, 6.5, 11.5], "texture": "#0"},
				"south": {"uv": [8, 13, 8.125, 13.5], "texture": "#0"},
				"west": {"uv": [11, 6, 11.5, 6.5], "texture": "#0"},
				"up": {"uv": [13.125, 8.5, 13, 8], "texture": "#0"},
				"down": {"uv": [9.125, 13, 9, 13.5], "texture": "#0"}
			}
		},
		{
			"from": [8.22, 18, 4.9],
			"to": [8.37, 18.5, 5.35],
			"faces": {
				"north": {"uv": [13, 9, 13.125, 9.5], "texture": "#0"},
				"east": {"uv": [7, 11, 7.5, 11.5], "texture": "#0"},
				"south": {"uv": [10, 13, 10.125, 13.5], "texture": "#0"},
				"west": {"uv": [11, 7, 11.5, 7.5], "texture": "#0"},
				"up": {"uv": [13.125, 10.5, 13, 10], "texture": "#0"},
				"down": {"uv": [11.125, 13, 11, 13.5], "texture": "#0"}
			}
		},
		{
			"from": [8.1, 15.25, 5.15],
			"to": [8.5, 15.75, 7.7],
			"faces": {
				"north": {"uv": [11, 8, 11.375, 8.5], "texture": "#0"},
				"east": {"uv": [6, 6, 8.5, 6.5], "texture": "#0"},
				"south": {"uv": [11, 9, 11.375, 9.5], "texture": "#0"},
				"west": {"uv": [7, 0, 9.5, 0.5], "texture": "#0"},
				"up": {"uv": [5.375, 10.5, 5, 8], "texture": "#0"},
				"down": {"uv": [6.375, 8, 6, 10.5], "texture": "#0"}
			}
		},
		{
			"from": [8.1, 18.25, 5.15],
			"to": [8.5, 18.75, 7.7],
			"faces": {
				"north": {"uv": [11, 10, 11.375, 10.5], "texture": "#0"},
				"east": {"uv": [7, 1, 9.5, 1.5], "texture": "#0"},
				"south": {"uv": [11, 11, 11.375, 11.5], "texture": "#0"},
				"west": {"uv": [7, 2, 9.5, 2.5], "texture": "#0"},
				"up": {"uv": [9.375, 5.5, 9, 3], "texture": "#0"},
				"down": {"uv": [9.375, 6, 9, 8.5], "texture": "#0"}
			}
		},
		{
			"from": [8.1, 15.5, 7.7],
			"to": [8.5, 18.5, 8],
			"faces": {
				"north": {"uv": [7, 3, 7.375, 6], "texture": "#0"},
				"east": {"uv": [9, 9, 9.25, 12], "texture": "#0"},
				"south": {"uv": [4, 7, 4.375, 10], "texture": "#0"},
				"west": {"uv": [10, 0, 10.25, 3], "texture": "#0"},
				"up": {"uv": [13.375, 3.25, 13, 3], "texture": "#0"},
				"down": {"uv": [4.375, 13, 4, 13.25], "texture": "#0"}
			}
		},
		{
			"from": [8.5, 15.5, 7.5],
			"to": [8.6, 18.5, 8],
			"faces": {
				"north": {"uv": [10, 6, 10.125, 9], "texture": "#0"},
				"east": {"uv": [4, 4, 4.5, 7], "texture": "#0"},
				"south": {"uv": [8, 10, 8.125, 13], "texture": "#0"},
				"west": {"uv": [5, 4, 5.5, 7], "texture": "#0"},
				"up": {"uv": [13.125, 11.5, 13, 11], "texture": "#0"},
				"down": {"uv": [12.125, 13, 12, 13.5], "texture": "#0"}
			}
		},
		{
			"from": [8, 15.5, 7.5],
			"to": [8.1, 18.5, 8],
			"faces": {
				"north": {"uv": [10, 9, 10.125, 12], "texture": "#0"},
				"east": {"uv": [6, 0, 6.5, 3], "texture": "#0"},
				"south": {"uv": [0, 11, 0.125, 14], "texture": "#0"},
				"west": {"uv": [6, 3, 6.5, 6], "texture": "#0"},
				"up": {"uv": [13.125, 12.5, 13, 12], "texture": "#0"},
				"down": {"uv": [13.125, 13, 13, 13.5], "texture": "#0"}
			}
		},
		{
			"from": [8.25, 15.2294, 6.9467],
			"to": [8.35, 15.7294, 7.1967],
			"rotation": {"angle": 45, "axis": "x", "origin": [8, 14.5, 7.25]},
			"faces": {
				"north": {"uv": [3, 14, 3.125, 14.5], "texture": "#0"},
				"east": {"uv": [13, 1, 13.25, 1.5], "texture": "#0"},
				"south": {"uv": [14, 3, 14.125, 3.5], "texture": "#0"},
				"west": {"uv": [2, 13, 2.25, 13.5], "texture": "#0"},
				"up": {"uv": [8.125, 14.25, 8, 14], "texture": "#0"},
				"down": {"uv": [14.125, 8, 14, 8.25], "texture": "#0"}
			}
		},
		{
			"from": [8.25, 15.0033, 7.2294],
			"to": [8.35, 15.2533, 7.7294],
			"rotation": {"angle": 0, "axis": "x", "origin": [8, 14.5, 7.25]},
			"faces": {
				"north": {"uv": [11, 14, 11.125, 14.25], "texture": "#0"},
				"east": {"uv": [13, 2, 13.5, 2.25], "texture": "#0"},
				"south": {"uv": [14, 11, 14.125, 11.25], "texture": "#0"},
				"west": {"uv": [3, 13, 3.5, 13.25], "texture": "#0"},
				"up": {"uv": [5.125, 14.5, 5, 14], "texture": "#0"},
				"down": {"uv": [14.125, 5, 14, 5.5], "texture": "#0"}
			}
		},
		{
			"from": [8.28, 15.133, 6.8794],
			"to": [8.33, 15.183, 7.2794],
			"rotation": {"angle": -22.5, "axis": "x", "origin": [8, 15.25, 7.25]},
			"faces": {
				"north": {"uv": [12, 14, 12.125, 14.125], "texture": "#0"},
				"east": {"uv": [6, 14, 6.375, 14.125], "texture": "#0"},
				"south": {"uv": [14, 12, 14.125, 12.125], "texture": "#0"},
				"west": {"uv": [14, 6, 14.375, 6.125], "texture": "#0"},
				"up": {"uv": [7.125, 14.375, 7, 14], "texture": "#0"},
				"down": {"uv": [14.125, 7, 14, 7.375], "texture": "#0"}
			}
		},
		{
			"from": [8.28, 15.133, 6.8094],
			"to": [8.33, 15.183, 6.8594],
			"rotation": {"angle": -22.5, "axis": "x", "origin": [8, 15.25, 7.25]},
			"faces": {
				"north": {"uv": [13, 14, 13.125, 14.125], "texture": "#0"},
				"east": {"uv": [14, 13, 14.125, 13.125], "texture": "#0"},
				"south": {"uv": [14, 14, 14.125, 14.125], "texture": "#0"},
				"west": {"uv": [0, 15, 0.125, 15.125], "texture": "#0"},
				"up": {"uv": [15.125, 0.125, 15, 0], "texture": "#0"},
				"down": {"uv": [1.125, 15, 1, 15.125], "texture": "#0"}
			}
		},
		{
			"from": [8.25, 15.0003, 7.1294],
			"to": [8.35, 15.2503, 7.3794],
			"rotation": {"angle": -22.5, "axis": "x", "origin": [8, 14.5, 7.25]},
			"faces": {
				"north": {"uv": [9, 14, 9.125, 14.25], "texture": "#0"},
				"east": {"uv": [4, 14, 4.25, 14.25], "texture": "#0"},
				"south": {"uv": [14, 9, 14.125, 9.25], "texture": "#0"},
				"west": {"uv": [14, 4, 14.25, 4.25], "texture": "#0"},
				"up": {"uv": [10.125, 14.25, 10, 14], "texture": "#0"},
				"down": {"uv": [14.125, 10, 14, 10.25], "texture": "#0"}
			}
		},
		{
			"from": [8.1, 15.75, 7.5],
			"to": [8.5, 18.25, 7.7],
			"faces": {
				"north": {"uv": [7, 8, 7.375, 10.5], "texture": "#0"},
				"east": {"uv": [10, 3, 10.25, 5.5], "texture": "#0"},
				"south": {"uv": [8, 7, 8.375, 9.5], "texture": "#0"},
				"west": {"uv": [4, 10, 4.25, 12.5], "texture": "#0"},
				"up": {"uv": [13.375, 4.25, 13, 4], "texture": "#0"},
				"down": {"uv": [5.375, 13, 5, 13.25], "texture": "#0"}
			}
		},
		{
			"from": [8.2, 3.25, 6.2],
			"to": [8.4, 4.5, 6.4],
			"faces": {
				"north": {"uv": [8, 4, 8.25, 5.25], "texture": "#0"},
				"east": {"uv": [11, 0, 11.25, 1.25], "texture": "#0"},
				"south": {"uv": [1, 11, 1.25, 12.25], "texture": "#0"},
				"west": {"uv": [2, 11, 2.25, 12.25], "texture": "#0"},
				"up": {"uv": [13.25, 6.25, 13, 6], "texture": "#0"},
				"down": {"uv": [7.25, 13, 7, 13.25], "texture": "#0"}
			}
		},
		{
			"from": [8.2, 17.65, 6.15],
			"to": [8.4, 18.25, 6.45],
			"faces": {
				"north": {"uv": [12, 0, 12.25, 0.625], "texture": "#0"},
				"east": {"uv": [12, 1, 12.25, 1.625], "texture": "#0"},
				"south": {"uv": [12, 2, 12.25, 2.625], "texture": "#0"},
				"west": {"uv": [12, 3, 12.25, 3.625], "texture": "#0"},
				"up": {"uv": [0.25, 14.25, 0, 14], "texture": "#0"},
				"down": {"uv": [14.25, 0, 14, 0.25], "texture": "#0"}
			}
		},
		{
			"from": [8.2, 15.75, 6.15],
			"to": [8.4, 16.4, 6.45],
			"faces": {
				"north": {"uv": [12, 4, 12.25, 4.625], "texture": "#0"},
				"east": {"uv": [12, 5, 12.25, 5.625], "texture": "#0"},
				"south": {"uv": [6, 12, 6.25, 12.625], "texture": "#0"},
				"west": {"uv": [12, 6, 12.25, 6.625], "texture": "#0"},
				"up": {"uv": [1.25, 14.25, 1, 14], "texture": "#0"},
				"down": {"uv": [14.25, 1, 14, 1.25], "texture": "#0"}
			}
		},
		{
			"from": [8.2, 16.4, 5.7],
			"to": [8.4, 17.65, 6.95],
			"faces": {
				"north": {"uv": [11, 2, 11.25, 3.25], "texture": "#0"},
				"east": {"uv": [4, 0, 5.25, 1.25], "texture": "#0"},
				"south": {"uv": [3, 11, 3.25, 12.25], "texture": "#0"},
				"west": {"uv": [4, 2, 5.25, 3.25], "texture": "#0"},
				"up": {"uv": [11.25, 5.25, 11, 4], "texture": "#0"},
				"down": {"uv": [5.25, 11, 5, 12.25], "texture": "#0"}
			}
		},
		{
			"from": [8.4, 16.55, 5.85],
			"to": [8.5, 17.55, 6.8],
			"faces": {
				"north": {"uv": [12, 9, 12.125, 10], "texture": "#0"},
				"east": {"uv": [5, 7, 6, 8], "texture": "#0"},
				"south": {"uv": [10, 12, 10.125, 13], "texture": "#0"},
				"west": {"uv": [6, 7, 7, 8], "texture": "#0"},
				"up": {"uv": [12.125, 11, 12, 10], "texture": "#0"},
				"down": {"uv": [11.125, 12, 11, 13], "texture": "#0"}
			}
		},
		{
			"from": [8.1, 16.55, 5.85],
			"to": [8.2, 17.55, 6.8],
			"faces": {
				"north": {"uv": [12, 11, 12.125, 12], "texture": "#0"},
				"east": {"uv": [7, 7, 8, 8], "texture": "#0"},
				"south": {"uv": [12, 12, 12.125, 13], "texture": "#0"},
				"west": {"uv": [8, 3, 9, 4], "texture": "#0"},
				"up": {"uv": [13.125, 1, 13, 0], "texture": "#0"},
				"down": {"uv": [1.125, 13, 1, 14], "texture": "#0"}
			}
		},
		{
			"from": [8.2, 16.85, 6.95],
			"to": [8.4, 17.15, 7.5],
			"rotation": {"angle": 0, "axis": "x", "origin": [8.25, 17.25, 6.25]},
			"faces": {
				"north": {"uv": [2, 14, 2.25, 14.25], "texture": "#0"},
				"east": {"uv": [7, 12, 7.5, 12.25], "texture": "#0"},
				"south": {"uv": [14, 2, 14.25, 2.25], "texture": "#0"},
				"west": {"uv": [12, 7, 12.5, 7.25], "texture": "#0"},
				"up": {"uv": [12.25, 8.5, 12, 8], "texture": "#0"},
				"down": {"uv": [9.25, 12, 9, 12.5], "texture": "#0"}
			}
		}
	],
	"display": {
		"thirdperson_righthand": {
			"rotation": [4.25, 0, 0],
			"translation": [-0.25, -4, 3],
			"scale": [1.8, 1.8, 1.8]
		},
		"thirdperson_lefthand": {
			"rotation": [4.25, 0, 0],
			"translation": [0, -5.5, 3],
			"scale": [1.8, 1.8, 1.8]
		},
		"firstperson_righthand": {
			"translation": [0, -7.5, 0],
			"scale": [1.8, 1.8, 1.8]
		},
		"firstperson_lefthand": {
			"translation": [6.25, -8.25, 0],
			"scale": [1.8, 1.8, 1.8]
		},
		"ground": {
			"rotation": [0.55, -25.96, -88.67],
			"translation": [0, -3.25, 0],
			"scale": [1.8, 1.8, 1.8]
		},
		"gui": {
			"rotation": [-97.51, -43.22, -97.78],
			"translation": [-4, -2, 0],
			"scale": [1.2, 1.2, 1.2]
		},
		"head": {
			"rotation": [94.95, -86.81, -174.49],
			"translation": [-3.5, -1.5, 2],
			"scale": [1.8, 1.8, 1.8]
		},
		"fixed": {
			"rotation": [178.42, 65.74, 88.82],
			"translation": [0, 0, -7.5],
			"scale": [4, 4, 4]
		}
	}
}